cell,record,table,basis,class_rec,class_new,class_late_rec,class_late_new,changed,nlo_rec,nlo_512,note
cc18858f,W-F/out/census_s0.jsonl:2,W-F/out/census_table.csv:70,rec_normal,SITE,SITE,ELSEWHERE,SITE,True,0.613,,
cc18858f,W-F/out/census_s0.jsonl:2,W-F/out/census_table.csv:70,rerun_normal,SITE,SITE,ELSEWHERE,SITE,True,0.613,,
c939c3c7,W-F/out/census_s0.jsonl:4,W-F/out/census_table.csv:165,rec_normal,UNREADABLE,UNREADABLE,UNREADABLE,UNREADABLE,False,0.57,0.584,
c939c3c7,W-F/out/census_s0.jsonl:4,W-F/out/census_table.csv:165,rerun_normal,UNREADABLE,UNREADABLE,UNREADABLE,UNREADABLE,False,0.57,0.584,
c868a87b,W-F/out/census_s0.jsonl:5,W-F/out/census_table.csv:95,rec_normal,UNREADABLE,UNREADABLE,UNREADABLE,UNREADABLE,False,0.568,0.613,
c868a87b,W-F/out/census_s0.jsonl:5,W-F/out/census_table.csv:95,rerun_normal,UNREADABLE,SITE,UNREADABLE,SITE,True,0.568,0.613,
0187372b,W-F/out/census_s0.jsonl:8,W-F/out/census_table.csv:3,rec_normal,ELSEWHERE,SITE,SITE,SITE,True,0.617,0.679,
0187372b,W-F/out/census_s0.jsonl:8,W-F/out/census_table.csv:3,rerun_normal,ELSEWHERE,SITE,SITE,SITE,True,0.617,0.679,
cdf60380,W-F/out/census_s0.jsonl:14,W-F/out/census_table.csv:71,rec_normal,SITE,SITE,ELSEWHERE,SITE,True,0.602,,
cdf60380,W-F/out/census_s0.jsonl:14,W-F/out/census_table.csv:71,rerun_normal,SITE,SITE,ELSEWHERE,SITE,True,0.602,,
ed884172,W-F/out/census_s0.jsonl:15,W-F/out/census_table.csv:97,rec_normal,UNREADABLE,UNREADABLE,UNREADABLE,UNREADABLE,False,0.581,0.636,
ed884172,W-F/out/census_s0.jsonl:15,W-F/out/census_table.csv:97,rerun_normal,UNREADABLE,SITE,UNREADABLE,SITE,True,0.581,0.636,
83d0ff56,W-F/out/census_s0.jsonl:16,W-F/out/census_table.csv:91,rec_normal,UNREADABLE,UNREADABLE,UNREADABLE,UNREADABLE,False,0.592,,
83d0ff56,W-F/out/census_s0.jsonl:16,W-F/out/census_table.csv:91,rerun_normal,UNREADABLE,UNREADABLE,UNREADABLE,UNREADABLE,False,0.592,,
b472c4f8,W-F/out/census_s0.jsonl:18,W-F/out/census_table.csv:93,rec_normal,UNREADABLE,UNREADABLE,UNREADABLE,UNREADABLE,False,0.598,,
b472c4f8,W-F/out/census_s0.jsonl:18,W-F/out/census_table.csv:93,rerun_normal,UNREADABLE,UNREADABLE,UNREADABLE,UNREADABLE,False,0.598,,
6a9c62c7,W-F/out/census_s0.jsonl:19,W-F/out/census_table.csv:42,rec_normal,SITE,SITE,SITE,SITE,False,0.671,,
6a9c62c7,W-F/out/census_s0.jsonl:19,W-F/out/census_table.csv:42,rerun_normal,SITE,SITE,SITE,SITE,False,0.671,,
53e569f4,W-F/out/census_s0.jsonl:22,W-F/out/census_table.csv:129,rec_normal,JOINT,JOINT,ELSEWHERE,ELSEWHERE,False,0.707,0.711,
53e569f4,W-F/out/census_s0.jsonl:22,W-F/out/census_table.csv:129,rerun_normal,JOINT,JOINT,ELSEWHERE,ELSEWHERE,False,0.707,0.711,
9bbe8637,W-F/out/census_s0.jsonl:23,W-F/out/census_table.csv:134,rec_normal,JOINT,JOINT,ELSEWHERE,ELSEWHERE,False,0.609,0.628,
9bbe8637,W-F/out/census_s0.jsonl:23,W-F/out/census_table.csv:134,rerun_normal,JOINT,JOINT,ELSEWHERE,ELSEWHERE,False,0.609,0.628,
c7d7d2a4,W-F/out/census_s0.jsonl:24,W-F/out/census_table.csv:164,rec_normal,UNREADABLE,UNREADABLE,UNREADABLE,UNREADABLE,False,0.54,0.569,
c7d7d2a4,W-F/out/census_s0.jsonl:24,W-F/out/census_table.csv:164,rerun_normal,UNREADABLE,UNREADABLE,UNREADABLE,UNREADABLE,False,0.54,0.569,
13b6ae2c,W-F/out/census_s0.jsonl:25,W-F/out/census_table.csv:151,rec_normal,UNREADABLE,UNREADABLE,UNREADABLE,UNREADABLE,False,0.547,0.573,
13b6ae2c,W-F/out/census_s0.jsonl:25,W-F/out/census_table.csv:151,rerun_normal,UNREADABLE,UNREADABLE,UNREADABLE,UNREADABLE,False,0.547,0.573,
882525a9,W-F/out/census_s0.jsonl:26,W-F/out/census_table.csv:158,rec_normal,UNREADABLE,UNREADABLE,UNREADABLE,UNREADABLE,False,0.548,0.573,
882525a9,W-F/out/census_s0.jsonl:26,W-F/out/census_table.csv:158,rerun_normal,UNREADABLE,UNREADABLE,UNREADABLE,UNREADABLE,False,0.548,0.573,
dcc7afb7,W-F/out/census_s0.jsonl:27,W-F/out/census_table.csv:136,rec_normal,JOINT,JOINT,ELSEWHERE,ELSEWHERE,False,0.645,0.647,
dcc7afb7,W-F/out/census_s0.jsonl:27,W-F/out/census_table.csv:136,rerun_normal,JOINT,JOINT,ELSEWHERE,ELSEWHERE,False,0.645,0.647,
62062b10,W-F/out/census_s0.jsonl:28,W-F/out/census_table.csv:154,rec_normal,UNREADABLE,UNREADABLE,UNREADABLE,UNREADABLE,False,0.557,0.563,
62062b10,W-F/out/census_s0.jsonl:28,W-F/out/census_table.csv:154,rerun_normal,UNREADABLE,UNREADABLE,UNREADABLE,UNREADABLE,False,0.557,0.563,
62a7fff9,W-F/out/census_s0.jsonl:29,W-F/out/census_table.csv:139,rec_normal,SITE,SITE,SITE,SITE,False,0.786,0.805,
62a7fff9,W-F/out/census_s0.jsonl:29,W-F/out/census_table.csv:139,rerun_normal,SITE,SITE,SITE,SITE,False,0.786,0.805,
bf82cb29,W-F/out/census_s0.jsonl:30,W-F/out/census_table.csv:121,rec_normal,CHANNEL,CHANNEL,ELSEWHERE,SITE,True,0.648,,
bf82cb29,W-F/out/census_s0.jsonl:30,W-F/out/census_table.csv:121,rerun_normal,CHANNEL,CHANNEL,ELSEWHERE,SITE,True,0.648,,
bbef66a1,W-F/out/census_s0.jsonl:31,W-F/out/census_table.csv:144,rec_normal,SITE,SITE,SITE,SITE,False,0.872,0.878,
bbef66a1,W-F/out/census_s0.jsonl:31,W-F/out/census_table.csv:144,rerun_normal,SITE,SITE,SITE,SITE,False,0.872,0.878,
046d7c30,W-F/out/census_s0.jsonl:32,W-F/out/census_table.csv:148,rec_normal,UNREADABLE,UNREADABLE,UNREADABLE,UNREADABLE,False,0.548,0.575,
046d7c30,W-F/out/census_s0.jsonl:32,W-F/out/census_table.csv:148,rerun_normal,UNREADABLE,UNREADABLE,UNREADABLE,UNREADABLE,False,0.548,0.575,
8ccf6c72,W-F/out/census_s0.jsonl:33,W-F/out/census_table.csv:114,rec_normal,UNREADABLE,UNREADABLE,UNREADABLE,UNREADABLE,False,0.561,0.576,
8ccf6c72,W-F/out/census_s0.jsonl:33,W-F/out/census_table.csv:114,rerun_normal,UNREADABLE,UNREADABLE,UNREADABLE,UNREADABLE,False,0.561,0.576,
88f94654,W-F/out/census_s0.jsonl:34,W-F/out/census_table.csv:113,rec_normal,UNREADABLE,UNREADABLE,UNREADABLE,UNREADABLE,False,0.565,0.611,
88f94654,W-F/out/census_s0.jsonl:34,W-F/out/census_table.csv:113,rerun_normal,UNREADABLE,CHANNEL,UNREADABLE,CHANNEL,True,0.565,0.611,
3c3d996a,W-F/out/census_s0.jsonl:37,W-F/out/census_table.csv:109,rec_normal,UNREADABLE,UNREADABLE,UNREADABLE,UNREADABLE,False,0.561,0.564,
3c3d996a,W-F/out/census_s0.jsonl:37,W-F/out/census_table.csv:109,rerun_normal,UNREADABLE,UNREADABLE,UNREADABLE,UNREADABLE,False,0.561,0.564,
e341694d,W-F/out/census_s0.jsonl:38,W-F/out/census_table.csv:116,rec_normal,UNREADABLE,UNREADABLE,UNREADABLE,UNREADABLE,False,0.551,0.566,
e341694d,W-F/out/census_s0.jsonl:38,W-F/out/census_table.csv:116,rerun_normal,UNREADABLE,UNREADABLE,UNREADABLE,UNREADABLE,False,0.551,0.566,
83d9d7b5,W-F/out/census_s0.jsonl:55,W-F/out/census_table.csv:5,rec_normal,ELSEWHERE,SITE,ELSEWHERE,SITE,True,0.603,0.629,
83d9d7b5,W-F/out/census_s0.jsonl:55,W-F/out/census_table.csv:5,rerun_normal,ELSEWHERE,SITE,ELSEWHERE,SITE,True,0.603,0.629,
1d88af70,W-F/out/census_s0.jsonl:60,W-F/out/census_table.csv:126,rec_normal,JOINT,JOINT,ELSEWHERE,ELSEWHERE,False,0.667,0.677,
1d88af70,W-F/out/census_s0.jsonl:60,W-F/out/census_table.csv:126,rerun_normal,JOINT,JOINT,ELSEWHERE,ELSEWHERE,False,0.667,0.677,
a8544b2d,W-F/out/census_s0.jsonl:61,W-F/out/census_table.csv:163,rec_normal,UNREADABLE,UNREADABLE,UNREADABLE,UNREADABLE,False,0.565,0.571,
a8544b2d,W-F/out/census_s0.jsonl:61,W-F/out/census_table.csv:163,rerun_normal,UNREADABLE,UNREADABLE,UNREADABLE,UNREADABLE,False,0.565,0.571,
8a8e65ad,W-F/out/census_s0.jsonl:63,W-F/out/census_table.csv:160,rec_normal,UNREADABLE,UNREADABLE,UNREADABLE,UNREADABLE,False,0.589,0.603,
8a8e65ad,W-F/out/census_s0.jsonl:63,W-F/out/census_table.csv:160,rerun_normal,UNREADABLE,CHANNEL,UNREADABLE,CHANNEL,True,0.589,0.603,
4781b0a1,W-F/out/census_s0.jsonl:73,W-F/out/census_table.csv:105,rec_normal,JOINT,JOINT,ELSEWHERE,SITE,True,0.699,0.748,
4781b0a1,W-F/out/census_s0.jsonl:73,W-F/out/census_table.csv:105,rerun_normal,JOINT,JOINT,ELSEWHERE,SITE,True,0.699,0.748,
e06701a5,W-F/out/census_s0.jsonl:77,W-F/out/census_table.csv:137,rec_normal,JOINT,JOINT,SITE,SITE,False,0.635,0.649,
e06701a5,W-F/out/census_s0.jsonl:77,W-F/out/census_table.csv:137,rerun_normal,JOINT,JOINT,SITE,SITE,False,0.635,0.649,
72dd71d8,W-F/out/census_s0.jsonl:78,W-F/out/census_table.csv:141,rec_normal,SITE,SITE,SITE,SITE,False,0.823,0.855,
72dd71d8,W-F/out/census_s0.jsonl:78,W-F/out/census_table.csv:141,rerun_normal,SITE,SITE,SITE,SITE,False,0.823,0.855,
e9196cae,W-F/out/census_s0.jsonl:79,W-F/out/census_table.csv:147,rec_normal,SITE,SITE,SITE,SITE,False,0.781,0.805,
e9196cae,W-F/out/census_s0.jsonl:79,W-F/out/census_table.csv:147,rerun_normal,SITE,SITE,SITE,SITE,False,0.781,0.805,
8743da7f,W-F/out/census_s0.jsonl:80,W-F/out/census_table.csv:106,rec_normal,JOINT,CHANNEL,ELSEWHERE,ELSEWHERE,True,0.604,0.62,
8743da7f,W-F/out/census_s0.jsonl:80,W-F/out/census_table.csv:106,rerun_normal,JOINT,CHANNEL,ELSEWHERE,ELSEWHERE,True,0.604,0.62,
e2fa0531,W-F/out/census_s1.jsonl:1,W-F/out/census_table.csv:96,rec_normal,UNREADABLE,UNREADABLE,UNREADABLE,UNREADABLE,False,0.594,0.616,
e2fa0531,W-F/out/census_s1.jsonl:1,W-F/out/census_table.csv:96,rerun_normal,UNREADABLE,SITE,UNREADABLE,SITE,True,0.594,0.616,
9dd25cb2,W-F/out/census_s1.jsonl:2,W-F/out/census_table.csv:92,rec_normal,UNREADABLE,UNREADABLE,UNREADABLE,UNREADABLE,False,0.581,0.633,
9dd25cb2,W-F/out/census_s1.jsonl:2,W-F/out/census_table.csv:92,rerun_normal,UNREADABLE,SITE,UNREADABLE,SITE,True,0.581,0.633,
0017d8cc,W-F/out/census_s1.jsonl:3,W-F/out/census_table.csv:87,rec_normal,UNREADABLE,UNREADABLE,UNREADABLE,UNREADABLE,False,0.56,0.61,
0017d8cc,W-F/out/census_s1.jsonl:3,W-F/out/census_table.csv:87,rerun_normal,UNREADABLE,SITE,UNREADABLE,SITE,True,0.56,0.61,
884a64df,W-F/out/census_s1.jsonl:7,W-F/out/census_table.csv:159,rec_normal,UNREADABLE,UNREADABLE,UNREADABLE,UNREADABLE,False,0.57,0.569,
884a64df,W-F/out/census_s1.jsonl:7,W-F/out/census_table.csv:159,rerun_normal,UNREADABLE,UNREADABLE,UNREADABLE,UNREADABLE,False,0.57,0.569,
faafa5b0,W-F/out/census_s1.jsonl:8,W-F/out/census_table.csv:98,rec_normal,UNREADABLE,UNREADABLE,UNREADABLE,UNREADABLE,False,0.567,0.584,
faafa5b0,W-F/out/census_s1.jsonl:8,W-F/out/census_table.csv:98,rerun_normal,UNREADABLE,UNREADABLE,UNREADABLE,UNREADABLE,False,0.567,0.584,
57650798,W-F/out/census_s1.jsonl:9,W-F/out/census_table.csv:111,rec_normal,UNREADABLE,UNREADABLE,UNREADABLE,UNREADABLE,False,0.589,0.618,
57650798,W-F/out/census_s1.jsonl:9,W-F/out/census_table.csv:111,rerun_normal,UNREADABLE,CHANNEL,UNREADABLE,CHANNEL,True,0.589,0.618,
86fc0105,W-F/out/census_s1.jsonl:10,W-F/out/census_table.csv:157,rec_normal,UNREADABLE,UNREADABLE,UNREADABLE,UNREADABLE,False,0.576,0.595,
86fc0105,W-F/out/census_s1.jsonl:10,W-F/out/census_table.csv:157,rerun_normal,UNREADABLE,UNREADABLE,UNREADABLE,UNREADABLE,False,0.576,0.595,
7ca102eb,W-F/out/census_s1.jsonl:12,W-F/out/census_table.csv:90,rec_normal,UNREADABLE,UNREADABLE,UNREADABLE,UNREADABLE,False,0.55,0.615,
7ca102eb,W-F/out/census_s1.jsonl:12,W-F/out/census_table.csv:90,rerun_normal,UNREADABLE,SITE,UNREADABLE,SITE,True,0.55,0.615,
fded1681,W-F/out/census_s1.jsonl:14,W-F/out/census_table.csv:117,rec_normal,UNREADABLE,UNREADABLE,UNREADABLE,UNREADABLE,False,0.54,0.559,
fded1681,W-F/out/census_s1.jsonl:14,W-F/out/census_table.csv:117,rerun_normal,UNREADABLE,UNREADABLE,UNREADABLE,UNREADABLE,False,0.54,0.559,
925caa3a,W-F/out/census_s1.jsonl:15,W-F/out/census_table.csv:161,rec_normal,UNREADABLE,UNREADABLE,UNREADABLE,UNREADABLE,False,0.548,0.576,
925caa3a,W-F/out/census_s1.jsonl:15,W-F/out/census_table.csv:161,rerun_normal,UNREADABLE,UNREADABLE,UNREADABLE,UNREADABLE,False,0.548,0.576,
b4e404f6,W-F/out/census_s1.jsonl:18,W-F/out/census_table.csv:94,rec_normal,UNREADABLE,UNREADABLE,UNREADABLE,UNREADABLE,False,0.586,0.612,
b4e404f6,W-F/out/census_s1.jsonl:18,W-F/out/census_table.csv:94,rerun_normal,UNREADABLE,SITE,UNREADABLE,SITE,True,0.586,0.612,
4ecdfb3f,W-F/out/census_s1.jsonl:20,W-F/out/census_table.csv:110,rec_normal,UNREADABLE,UNREADABLE,UNREADABLE,UNREADABLE,False,0.546,0.569,
4ecdfb3f,W-F/out/census_s1.jsonl:20,W-F/out/census_table.csv:110,rerun_normal,UNREADABLE,UNREADABLE,UNREADABLE,UNREADABLE,False,0.546,0.569,
95649e2c,W-F/out/census_s1.jsonl:22,W-F/out/census_table.csv:133,rec_normal,JOINT,JOINT,ELSEWHERE,ELSEWHERE,False,0.65,0.652,
95649e2c,W-F/out/census_s1.jsonl:22,W-F/out/census_table.csv:133,rerun_normal,JOINT,JOINT,ELSEWHERE,ELSEWHERE,False,0.65,0.652,
e2334ea7,W-F/out/census_s1.jsonl:23,W-F/out/census_table.csv:167,rec_normal,UNREADABLE,UNREADABLE,UNREADABLE,UNREADABLE,False,0.583,0.589,
e2334ea7,W-F/out/census_s1.jsonl:23,W-F/out/census_table.csv:167,rerun_normal,UNREADABLE,UNREADABLE,UNREADABLE,UNREADABLE,False,0.583,0.589,
369f5a5b,W-F/out/census_s1.jsonl:24,W-F/out/census_table.csv:128,rec_normal,JOINT,JOINT,SITE,SITE,False,0.661,0.684,
369f5a5b,W-F/out/census_s1.jsonl:24,W-F/out/census_table.csv:128,rerun_normal,JOINT,JOINT,SITE,SITE,False,0.661,0.684,
606ce18c,W-F/out/census_s1.jsonl:25,W-F/out/census_table.csv:153,rec_normal,UNREADABLE,UNREADABLE,UNREADABLE,UNREADABLE,False,0.548,0.575,
606ce18c,W-F/out/census_s1.jsonl:25,W-F/out/census_table.csv:153,rerun_normal,UNREADABLE,UNREADABLE,UNREADABLE,UNREADABLE,False,0.548,0.575,
0f5451c3,W-F/out/census_s1.jsonl:26,W-F/out/census_table.csv:150,rec_normal,UNREADABLE,UNREADABLE,UNREADABLE,UNREADABLE,False,0.544,0.573,
0f5451c3,W-F/out/census_s1.jsonl:26,W-F/out/census_table.csv:150,rerun_normal,UNREADABLE,UNREADABLE,UNREADABLE,UNREADABLE,False,0.544,0.573,
d839fabb,W-F/out/census_s1.jsonl:27,W-F/out/census_table.csv:166,rec_normal,UNREADABLE,UNREADABLE,UNREADABLE,UNREADABLE,False,0.544,0.552,
d839fabb,W-F/out/census_s1.jsonl:27,W-F/out/census_table.csv:166,rerun_normal,UNREADABLE,UNREADABLE,UNREADABLE,UNREADABLE,False,0.544,0.552,
4ba2a869,W-F/out/census_s1.jsonl:28,W-F/out/census_table.csv:152,rec_normal,UNREADABLE,UNREADABLE,UNREADABLE,UNREADABLE,False,0.585,0.607,
4ba2a869,W-F/out/census_s1.jsonl:28,W-F/out/census_table.csv:152,rerun_normal,UNREADABLE,CHANNEL,UNREADABLE,CHANNEL,True,0.585,0.607,
2dccdaa5,W-F/out/census_s1.jsonl:29,W-F/out/census_table.csv:127,rec_normal,JOINT,SITE,SITE,SITE,True,0.773,0.795,
2dccdaa5,W-F/out/census_s1.jsonl:29,W-F/out/census_table.csv:127,rerun_normal,JOINT,SITE,SITE,SITE,True,0.773,0.795,
67830203,W-F/out/census_s1.jsonl:30,W-F/out/census_table.csv:156,rec_normal,UNREADABLE,UNREADABLE,UNREADABLE,UNREADABLE,False,0.554,0.576,
67830203,W-F/out/census_s1.jsonl:30,W-F/out/census_table.csv:156,rerun_normal,UNREADABLE,UNREADABLE,UNREADABLE,UNREADABLE,False,0.554,0.576,
a395784b,W-F/out/census_s1.jsonl:31,W-F/out/census_table.csv:162,rec_normal,UNREADABLE,UNREADABLE,UNREADABLE,UNREADABLE,False,0.598,0.612,
a395784b,W-F/out/census_s1.jsonl:31,W-F/out/census_table.csv:162,rerun_normal,UNREADABLE,JOINT,UNREADABLE,ELSEWHERE,True,0.598,0.612,
26f9428b,W-F/out/census_s1.jsonl:34,W-F/out/census_table.csv:108,rec_normal,UNREADABLE,UNREADABLE,UNREADABLE,UNREADABLE,False,0.568,0.58,
26f9428b,W-F/out/census_s1.jsonl:34,W-F/out/census_table.csv:108,rerun_normal,UNREADABLE,UNREADABLE,UNREADABLE,UNREADABLE,False,0.568,0.58,
8e1caf6b,W-F/out/census_s1.jsonl:35,W-F/out/census_table.csv:115,rec_normal,UNREADABLE,UNREADABLE,UNREADABLE,UNREADABLE,False,0.543,0.588,
8e1caf6b,W-F/out/census_s1.jsonl:35,W-F/out/census_table.csv:115,rerun_normal,UNREADABLE,UNREADABLE,UNREADABLE,UNREADABLE,False,0.543,0.588,
626aa72f,W-F/out/census_s1.jsonl:37,W-F/out/census_table.csv:112,rec_normal,UNREADABLE,UNREADABLE,UNREADABLE,UNREADABLE,False,0.553,0.581,
626aa72f,W-F/out/census_s1.jsonl:37,W-F/out/census_table.csv:112,rerun_normal,UNREADABLE,UNREADABLE,UNREADABLE,UNREADABLE,False,0.553,0.581,
688b9f6f,W-F/out/census_s1.jsonl:44,W-F/out/census_table.csv:89,rec_normal,UNREADABLE,UNREADABLE,UNREADABLE,UNREADABLE,False,0.57,0.596,
688b9f6f,W-F/out/census_s1.jsonl:44,W-F/out/census_table.csv:89,rerun_normal,UNREADABLE,UNREADABLE,UNREADABLE,UNREADABLE,False,0.57,0.596,
11f3ac85,W-F/out/census_s1.jsonl:49,W-F/out/census_table.csv:4,rec_normal,ELSEWHERE,SITE,SITE,SITE,True,0.615,0.643,
11f3ac85,W-F/out/census_s1.jsonl:49,W-F/out/census_table.csv:4,rerun_normal,ELSEWHERE,SITE,SITE,SITE,True,0.615,0.643,
62c6fa31,W-F/out/census_s1.jsonl:55,W-F/out/census_table.csv:88,rec_normal,UNREADABLE,UNREADABLE,UNREADABLE,UNREADABLE,False,0.574,0.598,
62c6fa31,W-F/out/census_s1.jsonl:55,W-F/out/census_table.csv:88,rerun_normal,UNREADABLE,UNREADABLE,UNREADABLE,UNREADABLE,False,0.574,0.598,
0b3c855a,W-F/out/census_s1.jsonl:59,W-F/out/census_table.csv:149,rec_normal,UNREADABLE,UNREADABLE,UNREADABLE,UNREADABLE,False,0.568,0.57,
0b3c855a,W-F/out/census_s1.jsonl:59,W-F/out/census_table.csv:149,rerun_normal,UNREADABLE,UNREADABLE,UNREADABLE,UNREADABLE,False,0.568,0.57,
7bd03b20,W-F/out/census_s1.jsonl:60,W-F/out/census_table.csv:131,rec_normal,JOINT,JOINT,ELSEWHERE,ELSEWHERE,False,0.641,0.651,
7bd03b20,W-F/out/census_s1.jsonl:60,W-F/out/census_table.csv:131,rerun_normal,JOINT,JOINT,ELSEWHERE,ELSEWHERE,False,0.641,0.651,
31cd2a8a,W-F/out/census_s1.jsonl:63,W-F/out/census_table.csv:118,rec_normal,CHANNEL,CHANNEL,SITE,SITE,False,0.872,,
31cd2a8a,W-F/out/census_s1.jsonl:63,W-F/out/census_table.csv:118,rerun_normal,CHANNEL,CHANNEL,SITE,SITE,False,0.872,,
c16d5231,W-F/out/census_s1.jsonl:64,W-F/out/census_table.csv:135,rec_normal,JOINT,SITE,SITE,SITE,True,0.81,0.855,
c16d5231,W-F/out/census_s1.jsonl:64,W-F/out/census_table.csv:135,rerun_normal,JOINT,SITE,SITE,SITE,True,0.81,0.855,
78f3b0ec,W-F/out/census_s1.jsonl:65,W-F/out/census_table.csv:130,rec_normal,JOINT,JOINT,ELSEWHERE,ELSEWHERE,False,0.659,0.674,
78f3b0ec,W-F/out/census_s1.jsonl:65,W-F/out/census_table.csv:130,rerun_normal,JOINT,JOINT,ELSEWHERE,ELSEWHERE,False,0.659,0.674,
63abaede,W-F/out/census_s1.jsonl:71,W-F/out/census_table.csv:155,rec_normal,UNREADABLE,UNREADABLE,UNREADABLE,UNREADABLE,False,0.546,0.575,
63abaede,W-F/out/census_s1.jsonl:71,W-F/out/census_table.csv:155,rerun_normal,UNREADABLE,UNREADABLE,UNREADABLE,UNREADABLE,False,0.546,0.575,
42716814,W-F/out/census_s1.jsonl:72,W-F/out/census_table.csv:124,rec_normal,ELSEWHERE,JOINT,ELSEWHERE,SITE,True,0.604,0.62,
42716814,W-F/out/census_s1.jsonl:72,W-F/out/census_table.csv:124,rerun_normal,ELSEWHERE,JOINT,ELSEWHERE,SITE,True,0.604,0.62,
4ab2ba01,W-F/out/census_s1.jsonl:73,W-F/out/census_table.csv:2,rec_normal,CHANNEL,CHANNEL,SITE,SITE,False,0.839,,
4ab2ba01,W-F/out/census_s1.jsonl:73,W-F/out/census_table.csv:2,rerun_normal,CHANNEL,CHANNEL,SITE,SITE,False,0.839,,
8c37f32e,W-F/out/census_s1.jsonl:79,W-F/out/census_table.csv:132,rec_normal,JOINT,SITE,SITE,SITE,True,0.799,0.824,
8c37f32e,W-F/out/census_s1.jsonl:79,W-F/out/census_table.csv:132,rerun_normal,JOINT,SITE,SITE,SITE,True,0.799,0.824,
d3c0d182,W-F/out/census_s1.jsonl:83,W-F/out/census_table.csv:125,rec_normal,ELSEWHERE,JOINT,ELSEWHERE,ELSEWHERE,True,0.604,0.611,
d3c0d182,W-F/out/census_s1.jsonl:83,W-F/out/census_table.csv:125,rerun_normal,ELSEWHERE,JOINT,ELSEWHERE,ELSEWHERE,True,0.604,0.611,
