cell,o,table,reader_rec,reader_new,sub_chance_rec,sub_chance_new,sub_flip_rec,sub_flip_new,reader_changed,subs_changed
00c5d3b6,0,W-I/out/table_00c5d3b6.csv:3,X,X,S,S,,,False,False
0187372b,0,W-I/out/table_0187372b.csv:3,X,X,S,S,,,False,False
13127335,0,W-I/out/table_13127335.csv:3,X,X,S,S,,,False,False
1c0a1bc7,0,W-I/out/table_1c0a1bc7.csv:3,X,X,S,S,,,False,False
2dccdaa5,0,W-I/out/table_2dccdaa5.csv:3,X,X,channel_content,channel_content,,,False,False
2dccdaa5,5,W-I/out/table_2dccdaa5.csv:8,M,M,S+inbox+channel_content,S+inbox+channel_content,,,False,False
2dccdaa5,6,W-I/out/table_2dccdaa5.csv:9,S,S,S+inbox,S+inbox,,,False,False
31cd2a8a,0,W-I/out/table_31cd2a8a.csv:3,X,X,S,S,,,False,False
31cd2a8a,1,W-I/out/table_31cd2a8a.csv:4,S,S,channel_content,channel_content,S,S,False,False
31cd2a8a,2,W-I/out/table_31cd2a8a.csv:5,J,J,S+channel_content,S+channel_content,,,False,False
31cd2a8a,3,W-I/out/table_31cd2a8a.csv:6,C,C,S,S,channel_content,channel_content,False,False
31cd2a8a,6,W-I/out/table_31cd2a8a.csv:9,C,C,inbox,inbox,channel_content,channel_content,False,False
31cd2a8a,7,W-I/out/table_31cd2a8a.csv:10,S,S,S+inbox+channel_content,S+inbox+channel_content,,,False,False
35c721fd,0,W-I/out/table_35c721fd.csv:3,X,X,channel_content,channel_content,,,False,False
35c721fd,5,W-I/out/table_35c721fd.csv:8,S,S,S+inbox,S+inbox,,,False,False
369f5a5b,0,W-I/out/table_369f5a5b.csv:3,X,X,S,S,,,False,False
369f5a5b,1,W-I/out/table_369f5a5b.csv:4,S,S,S,S,,,False,False
369f5a5b,2,W-I/out/table_369f5a5b.csv:5,J,S,S+channel_content,S+channel_content,,,True,False
369f5a5b,3,W-I/out/table_369f5a5b.csv:6,J,J,S+channel_content,S+channel_content,,,False,False
369f5a5b,4,W-I/out/table_369f5a5b.csv:7,J,J,S+channel_content,S+channel_content,,,False,False
369f5a5b,5,W-I/out/table_369f5a5b.csv:8,J,J,S+channel_content,S+channel_content,,,False,False
369f5a5b,6,W-I/out/table_369f5a5b.csv:9,J,J,S+channel_content,S+channel_content,,,False,False
369f5a5b,7,W-I/out/table_369f5a5b.csv:10,J,J,S+channel_content,S+channel_content,,,False,False
369f5a5b,8,W-I/out/table_369f5a5b.csv:11,J,J,S+channel_content,S+channel_content,,,False,False
369f5a5b,9,W-I/out/table_369f5a5b.csv:12,J,J,S+channel_content,S+channel_content,,,False,False
369f5a5b,10,W-I/out/table_369f5a5b.csv:13,J,J,S+channel_content,S+channel_content,,,False,False
369f5a5b,11,W-I/out/table_369f5a5b.csv:14,J,J,S+channel_content,S+channel_content,,,False,False
369f5a5b,12,W-I/out/table_369f5a5b.csv:15,J,J,S+channel_content,S+channel_content,,,False,False
369f5a5b,13,W-I/out/table_369f5a5b.csv:16,J,J,S+channel_content,S+channel_content,,,False,False
369f5a5b,14,W-I/out/table_369f5a5b.csv:17,J,S,S+channel_content,S+channel_content,,,True,False
369f5a5b,15,W-I/out/table_369f5a5b.csv:18,J,S,S,,,S,True,True
42716814,0,W-I/out/table_42716814.csv:3,?,?,channel_count,channel_count,,,False,False
42716814,1,W-I/out/table_42716814.csv:4,?,?,channel_count+r,channel_count+r,,,False,False
42716814,2,W-I/out/table_42716814.csv:5,?,?,S+channel_count+r,channel_count+r,,,False,True
42716814,3,W-I/out/table_42716814.csv:6,?,?,channel_count+r,channel_count+r,,,False,False
42716814,4,W-I/out/table_42716814.csv:7,?,?,S+channel_count+r,S+channel_count+r,,,False,False
42716814,5,W-I/out/table_42716814.csv:8,?,?,S+channel_count+r,S+channel_count+r,,,False,False
42716814,6,W-I/out/table_42716814.csv:9,?,?,S+channel_count+r,S+channel_count+r,,,False,False
42716814,7,W-I/out/table_42716814.csv:10,?,?,S+channel_count+r,S+channel_count+r,,,False,False
42716814,8,W-I/out/table_42716814.csv:11,?,?,S+channel_count+r,S+channel_count,,,False,True
42716814,9,W-I/out/table_42716814.csv:12,?,?,S+channel_count+r,S+channel_count+r,,,False,False
42716814,10,W-I/out/table_42716814.csv:13,?,?,S+channel_count+r,S+channel_count,,,False,True
42716814,11,W-I/out/table_42716814.csv:14,?,?,S+channel_count+r,S+channel_count,,,False,True
42716814,12,W-I/out/table_42716814.csv:15,?,?,S,S,,,False,False
42716814,13,W-I/out/table_42716814.csv:16,?,?,S,S,,,False,False
42716814,14,W-I/out/table_42716814.csv:17,?,?,S+channel_count,,,S,False,True
42716814,15,W-I/out/table_42716814.csv:18,?,?,S+channel_count,,,S,False,True
4316f167,0,W-I/out/table_4316f167.csv:3,X,X,S,S,,,False,False
4316f167,1,W-I/out/table_4316f167.csv:4,M,M,S+channel_content,S+channel_content,,,False,False
4316f167,2,W-I/out/table_4316f167.csv:5,M,M,S+channel_content,S+channel_content,,,False,False
4316f167,6,W-I/out/table_4316f167.csv:9,M,M,inbox+channel_content,inbox+channel_content,,,False,False
4316f167,7,W-I/out/table_4316f167.csv:10,S,S,S+inbox,S+inbox,,,False,False
4781b0a1,0,W-I/out/table_4781b0a1.csv:3,X,X,S+channel_content,S,,,False,True
4781b0a1,1,W-I/out/table_4781b0a1.csv:4,S,S,channel_content,channel_content,S,S,False,False
4781b0a1,2,W-I/out/table_4781b0a1.csv:5,S,S,channel_content,channel_content,S,S,False,False
4781b0a1,3,W-I/out/table_4781b0a1.csv:6,S,S,channel_content,channel_content,S,S,False,False
4781b0a1,4,W-I/out/table_4781b0a1.csv:7,S,S,S+channel_content,channel_content,,S,False,True
4781b0a1,5,W-I/out/table_4781b0a1.csv:8,J,S,S+channel_content,S+channel_content,,,True,False
4781b0a1,6,W-I/out/table_4781b0a1.csv:9,J,J,S+channel_content,S+channel_content,,,False,False
4781b0a1,7,W-I/out/table_4781b0a1.csv:10,J,J,S+channel_content,S+channel_content,,,False,False
4781b0a1,8,W-I/out/table_4781b0a1.csv:11,J,J,S+channel_content,S+channel_content,,,False,False
4781b0a1,9,W-I/out/table_4781b0a1.csv:12,J,J,S+channel_content,S+channel_content,,,False,False
4781b0a1,10,W-I/out/table_4781b0a1.csv:13,J,J,S+channel_content,S+channel_content,,,False,False
4781b0a1,11,W-I/out/table_4781b0a1.csv:14,M,C,channel_content,,,channel_content,True,True
4781b0a1,14,W-I/out/table_4781b0a1.csv:17,J,C,inbox+channel_content,inbox,,channel_content,True,True
4781b0a1,15,W-I/out/table_4781b0a1.csv:18,J,S,S+inbox+channel_content,S+inbox+channel_content,,,True,False
4ab2ba01,0,W-I/out/table_4ab2ba01.csv:3,X,X,channel_content,channel_content,,,False,False
4ab2ba01,4,W-I/out/table_4ab2ba01.csv:7,C,C,inbox,inbox,channel_content,channel_content,False,False
4ab2ba01,5,W-I/out/table_4ab2ba01.csv:8,C,C,inbox,inbox,channel_content,channel_content,False,False
4ab2ba01,8,W-I/out/table_4ab2ba01.csv:11,C,C,inbox,inbox,channel_content,channel_content,False,False
4ab2ba01,9,W-I/out/table_4ab2ba01.csv:12,S,S,S+inbox+channel_content,inbox+channel_content,,S,False,True
613162a3,0,W-I/out/table_613162a3.csv:3,X,X,S,S,,,False,False
613162a3,8,W-I/out/table_613162a3.csv:11,S,S,S,,,S,False,True
613162a3,9,W-I/out/table_613162a3.csv:12,M,S,S+channel_content,,,S,True,True
62a7fff9,0,W-I/out/table_62a7fff9.csv:3,X,X,channel_content,channel_content,,,False,False
62a7fff9,5,W-I/out/table_62a7fff9.csv:8,S,S,inbox+channel_content+Kp,inbox+channel_content+Kp,,,False,False
62a7fff9,6,W-I/out/table_62a7fff9.csv:9,S,S,inbox,inbox,Kp,Kp,False,False
62a7fff9,7,W-I/out/table_62a7fff9.csv:10,S,S,S+Kp,S+Kp,,,False,False
63d17a90,0,W-I/out/table_63d17a90.csv:3,X,X,channel_count,channel_count,,,False,False
63d17a90,3,W-I/out/table_63d17a90.csv:6,C,C,r,r,channel_count,channel_count,False,False
63d17a90,4,W-I/out/table_63d17a90.csv:7,J,J,S+inbox+channel_count+r,S+inbox+channel_count+r,,,False,False
63d17a90,5,W-I/out/table_63d17a90.csv:8,S,S,S+inbox+r,S+r,,,False,True
63d17a90,6,W-I/out/table_63d17a90.csv:9,S,S,r,r,S,S,False,False
65d840a8,0,W-I/out/table_65d840a8.csv:3,X,X,S,S,,,False,False
72dd71d8,0,W-I/out/table_72dd71d8.csv:3,X,X,channel_content,channel_content,,,False,False
72dd71d8,4,W-I/out/table_72dd71d8.csv:7,C,C,S,S,channel_content,channel_content,False,False
72dd71d8,5,W-I/out/table_72dd71d8.csv:8,S,S,S+inbox+channel_content,S+inbox+channel_content,,,False,False
72dd71d8,6,W-I/out/table_72dd71d8.csv:9,S,S,inbox,inbox,S,S,False,False
78f3b0ec,0,W-I/out/table_78f3b0ec.csv:3,X,X,S,S,,,False,False
78f3b0ec,9,W-I/out/table_78f3b0ec.csv:12,M,M,S+channel_count,S+channel_count,,,False,False
78f3b0ec,10,W-I/out/table_78f3b0ec.csv:13,M,M,S+channel_count,S+channel_count,,,False,False
78f3b0ec,11,W-I/out/table_78f3b0ec.csv:14,M,M,S+channel_count,S+channel_count,,,False,False
78f3b0ec,14,W-I/out/table_78f3b0ec.csv:17,M,M,inbox+channel_count,inbox+channel_count,,,False,False
78f3b0ec,15,W-I/out/table_78f3b0ec.csv:18,M,M,S+inbox+channel_count,S+inbox+channel_count,,,False,False
7b7b025e,0,W-I/out/table_7b7b025e.csv:3,X,X,S,S,,,False,False
85ca202e,0,W-I/out/table_85ca202e.csv:3,X,X,S,S,,,False,False
8c37f32e,0,W-I/out/table_8c37f32e.csv:3,X,X,channel_content,channel_content,,,False,False
8c37f32e,5,W-I/out/table_8c37f32e.csv:8,J,S,inbox+channel_content+Kp,inbox+channel_content+Kp,,,True,False
8c37f32e,6,W-I/out/table_8c37f32e.csv:9,S,S,inbox+Kp,inbox,,Kp,False,True
8c37f32e,7,W-I/out/table_8c37f32e.csv:10,S,S,S+Kp,S+Kp,,,False,False
ab089e45,0,W-I/out/table_ab089e45.csv:3,X,X,S,S,,,False,False
bbef66a1,0,W-I/out/table_bbef66a1.csv:3,X,X,S,S,,,False,False
bbef66a1,9,W-I/out/table_bbef66a1.csv:12,S,S,channel_content,channel_content,S,S,False,False
bbef66a1,10,W-I/out/table_bbef66a1.csv:13,J,J,S+channel_content,S+channel_content,,,False,False
bbef66a1,11,W-I/out/table_bbef66a1.csv:14,C,C,S,S,channel_content,channel_content,False,False
bbef66a1,14,W-I/out/table_bbef66a1.csv:17,C,C,inbox,inbox,channel_content,channel_content,False,False
bbef66a1,15,W-I/out/table_bbef66a1.csv:18,S,S,S+inbox+channel_content,S+inbox+channel_content,,,False,False
bf82cb29,0,W-I/out/table_bf82cb29.csv:3,X,X,channel_content,channel_content,,,False,False
bf82cb29,3,W-I/out/table_bf82cb29.csv:6,M,M,inbox+channel_content,inbox+channel_content,,,False,False
bf82cb29,6,W-I/out/table_bf82cb29.csv:9,M,M,inbox+channel_content,inbox+channel_content,,,False,False
bf82cb29,7,W-I/out/table_bf82cb29.csv:10,S,S,S+inbox+channel_content,S+inbox,,,False,True
c16d5231,0,W-I/out/table_c16d5231.csv:3,X,X,channel_content,channel_content,,,False,False
c16d5231,4,W-I/out/table_c16d5231.csv:7,C,C,S,S,channel_content,channel_content,False,False
c16d5231,5,W-I/out/table_c16d5231.csv:8,M,S,S+inbox+channel_content,S+inbox+channel_content,,,True,False
c16d5231,6,W-I/out/table_c16d5231.csv:9,S,S,S+inbox,inbox,,S,False,True
cd5b6fd6,0,W-I/out/table_cd5b6fd6.csv:3,X,X,channel_content,channel_content,,,False,False
cd5b6fd6,3,W-I/out/table_cd5b6fd6.csv:6,M,M,inbox+channel_content,inbox+channel_content,,,False,False
cd5b6fd6,4,W-I/out/table_cd5b6fd6.csv:7,M,M,inbox+channel_content,inbox+channel_content,,,False,False
cd5b6fd6,6,W-I/out/table_cd5b6fd6.csv:9,M,C,S+channel_content,S,,channel_content,True,True
cd5b6fd6,7,W-I/out/table_cd5b6fd6.csv:10,M,M,S+inbox+channel_content,S+inbox+channel_content,,,False,False
cd5b6fd6,8,W-I/out/table_cd5b6fd6.csv:11,S,S,S+inbox,S+inbox,,,False,False
e06701a5,0,W-I/out/table_e06701a5.csv:3,X,X,channel_count,channel_count,,,False,False
e06701a5,5,W-I/out/table_e06701a5.csv:8,J,J,S+inbox+channel_count,S+inbox+channel_count,,,False,False
e06701a5,6,W-I/out/table_e06701a5.csv:9,S,S,S+inbox,S+inbox,,,False,False
e2afff1c,0,W-I/out/table_e2afff1c.csv:3,X,X,channel_content,channel_content,,,False,False
e2afff1c,2,W-I/out/table_e2afff1c.csv:5,C,C,channel_count,,channel_content,channel_content,False,True
e2afff1c,4,W-I/out/table_e2afff1c.csv:7,C,C,S,S,channel_content,channel_content,False,False
e2afff1c,5,W-I/out/table_e2afff1c.csv:8,J,J,S+inbox+channel_content,S+inbox+channel_content,,,False,False
e2afff1c,6,W-I/out/table_e2afff1c.csv:9,S,S,S+inbox,S+inbox,,,False,False
e9196cae,0,W-I/out/table_e9196cae.csv:3,X,X,channel_content,channel_content,,,False,False
e9196cae,3,W-I/out/table_e9196cae.csv:6,C,C,inbox,inbox,channel_content,channel_content,False,False
e9196cae,5,W-I/out/table_e9196cae.csv:8,S,S,S+inbox+channel_content,S+inbox+channel_content,,,False,False
ed16c553,0,W-I/out/table_ed16c553.csv:3,X,X,S,S,,,False,False
ed16c553,2,W-I/out/table_ed16c553.csv:5,M,M,S+channel_content,S+channel_content,,,False,False
ed16c553,7,W-I/out/table_ed16c553.csv:10,S,S,S+inbox,S+inbox,,,False,False
