id,family,cell,source_a,source_b,resolution,final_class
C4-plant-but-inadmissible,XOR,48256f59e45e2072,plant OVERRIDE (W2-J: 16-line C1-space plant lo99 0.751 (row genome raised)),W2-T INERT,"kept INERT per the W2-O checklist (admissibility precedes plant); counted in the 'plant, any admissibility' tier",INERT
C8-W2T-item12-vs-plants,XOR,48256f59e45e2072,W2-T: recorded plant relay_flood 0.490 (not a task plant),W2-J: 16-line C1-space plant lo99 0.751 (row genome raised),task plant wins; W2-T item 12 is superseded for this cell,INERT
C11-W2J-PLANT-SOLVED-scope,XOR,48256f59e45e2072,"W2-J PLANT-SOLVED (lo99 > .60, any length)",row genome: no plant fits (W2-J F3),final INERT / plant tier OVERRIDE (16-line C1-space plant lo99 0.751 (row genome raised)),INERT
C1-cap-membership,XOR,74a24d53956caf56,W2-T CAPPED=False; W2-U=False; W2-P=False; W2-J=CAPPED-LC2(point),T=0.755 U1024=0.776 Uheld=0.777 Hplant=1.000 J-LC2=0.561[hi 0.603] M=- epi=-,"final INERT: min sound bound 0.603 (W2-J LC2 99% upper, 64 fresh worlds); threshold .60 for proof, [.60,.614) = P_CANDIDATE",INERT
C4-plant-but-inadmissible,XOR,84cf905d302691e1,plant BEYOND_C1 (W2-J: only a >16-line plant (lo99 0.776)),W2-T INERT,"kept INERT per the W2-O checklist (admissibility precedes plant); counted in the 'plant, any admissibility' tier",INERT
C11-W2J-PLANT-SOLVED-scope,XOR,84cf905d302691e1,"W2-J PLANT-SOLVED (lo99 > .60, any length)",row genome: no plant fits (W2-J F3),final INERT / plant tier BEYOND_C1 (only a >16-line plant (lo99 0.776)),INERT
C8-W2T-item12-vs-plants,XOR,1974a9cf7f8ecb44,W2-T: recorded plant relay_flood 0.508 (not a task plant),W2-J: 16-line C1-space plant lo99 0.717 (row genome raised),task plant wins; W2-T item 12 is superseded for this cell,PLANT_SOLVED_OVERRIDE
C11-W2J-PLANT-SOLVED-scope,XOR,1974a9cf7f8ecb44,"W2-J PLANT-SOLVED (lo99 > .60, any length)",row genome: no plant fits (W2-J F3),final PLANT_SOLVED_OVERRIDE / plant tier OVERRIDE (16-line C1-space plant lo99 0.717 (row genome raised)),PLANT_SOLVED_OVERRIDE
C8-W2T-item12-vs-plants,XOR,333d6b2b2ac20503,W2-T: recorded plant relay_flood 0.497 (not a task plant),W2-J: 16-line C1-space plant lo99 0.670 (row genome raised),task plant wins; W2-T item 12 is superseded for this cell,PLANT_SOLVED_OVERRIDE
C11-W2J-PLANT-SOLVED-scope,XOR,333d6b2b2ac20503,"W2-J PLANT-SOLVED (lo99 > .60, any length)",row genome: no plant fits (W2-J F3),final PLANT_SOLVED_OVERRIDE / plant tier OVERRIDE (16-line C1-space plant lo99 0.670 (row genome raised)),PLANT_SOLVED_OVERRIDE
C8-W2T-item12-vs-plants,XOR,4222a5f77275842c,W2-T: recorded plant relay_flood 0.531 (not a task plant),W2-J: 16-line C1-space plant lo99 0.633 (row genome raised),task plant wins; W2-T item 12 is superseded for this cell,PLANT_SOLVED_OVERRIDE
C11-W2J-PLANT-SOLVED-scope,XOR,4222a5f77275842c,"W2-J PLANT-SOLVED (lo99 > .60, any length)",row genome: no plant fits (W2-J F3),final PLANT_SOLVED_OVERRIDE / plant tier OVERRIDE (16-line C1-space plant lo99 0.633 (row genome raised)),PLANT_SOLVED_OVERRIDE
C8-W2T-item12-vs-plants,XOR,e2fd1e07df85bde2,W2-T: recorded plant relay_flood 0.521 (not a task plant),W2-J: 16-line C1-space plant lo99 0.568 (row genome raised),task plant wins; W2-T item 12 is superseded for this cell,PLANT_SOLVED_OVERRIDE
C11-W2J-PLANT-SOLVED-scope,XOR,e2fd1e07df85bde2,"W2-J PLANT-SOLVED (lo99 > .60, any length)",row genome: no plant fits (W2-J F3),final PLANT_SOLVED_OVERRIDE / plant tier OVERRIDE (16-line C1-space plant lo99 0.568 (row genome raised)),PLANT_SOLVED_OVERRIDE
C1-cap-membership,XOR,ab3e72d3e277bc77,W2-T CAPPED=False; W2-U=False; W2-P=False; W2-J=CAPPED-LC2(point),T=1.000 U1024=1.000 Uheld=1.000 Hplant=1.000 J-LC2=0.592[hi 0.602] M=- epi=-,"final P_CANDIDATE: min sound bound 0.602 (W2-J LC2 99% upper, 64 fresh worlds); threshold .60 for proof, [.60,.614) = P_CANDIDATE",P_CANDIDATE
C1-cap-membership,XOR,d2b8816cb6e81a73,W2-T CAPPED=False; W2-U=False; W2-P=False; W2-J=CAPPED-LC2(point),T=0.755 U1024=0.778 Uheld=0.777 Hplant=1.000 J-LC2=0.595[hi 0.638] M=- epi=-,"final P_CANDIDATE: min sound bound 0.638 (W2-J LC2 99% upper, 64 fresh worlds); threshold .60 for proof, [.60,.614) = P_CANDIDATE",P_CANDIDATE
C1-cap-membership,XOR,02dc972adc386798,W2-T CAPPED=False; W2-U=False; W2-P=False; W2-J=CAPPED-LC2,T=0.971 U1024=0.961 Uheld=0.961 Hplant=1.000 J-LC2=0.517[hi 0.521] M=- epi=-,"final P_PROVEN: min sound bound 0.521 (W2-J LC2 99% upper, 64 fresh worlds); threshold .60 for proof, [.60,.614) = P_CANDIDATE",P_PROVEN
C2-hplant-vs-final,XOR,02dc972adc386798,H-PLANT lc 1.000 (cap=False),T=0.971 U1024=0.961 Uheld=0.961 Hplant=1.000 J-LC2=0.517[hi 0.521] M=- epi=-,H-PLANT is a 32-pair estimate without wake/fanout/loss; superseded by W2-U (1024 worlds) and W2-T/W2-J,P_PROVEN
C10-W2D-vs-final,XOR,02dc972adc386798,W2-D flat:no_selectable_gradient (not P),T=0.971 U1024=0.961 Uheld=0.961 Hplant=1.000 J-LC2=0.517[hi 0.521] M=- epi=-,final P_PROVEN: W2-D used H-PLANT only,P_PROVEN
C1-cap-membership,XOR,06e194216fb457ce,W2-T CAPPED=False; W2-U=False; W2-P=False; W2-J=CAPPED-LC2,T=0.922 U1024=0.943 Uheld=0.922 Hplant=0.938 J-LC2=0.503[hi 0.505] M=- epi=-,"final P_PROVEN: min sound bound 0.505 (W2-J LC2 99% upper, 64 fresh worlds); threshold .60 for proof, [.60,.614) = P_CANDIDATE",P_PROVEN
C2-hplant-vs-final,XOR,06e194216fb457ce,H-PLANT lc 0.938 (cap=False),T=0.922 U1024=0.943 Uheld=0.922 Hplant=0.938 J-LC2=0.503[hi 0.505] M=- epi=-,H-PLANT is a 32-pair estimate without wake/fanout/loss; superseded by W2-U (1024 worlds) and W2-T/W2-J,P_PROVEN
C10-W2D-vs-final,XOR,06e194216fb457ce,W2-D flat:no_selectable_gradient (not P),T=0.922 U1024=0.943 Uheld=0.922 Hplant=0.938 J-LC2=0.503[hi 0.505] M=- epi=-,final P_PROVEN: W2-D used H-PLANT only,P_PROVEN
C1-cap-membership,XOR,0e99a4bb1e4f2024,W2-T CAPPED=False; W2-U=False; W2-P=False; W2-J=CAPPED-LC2,T=0.956 U1024=0.960 Uheld=0.960 Hplant=1.000 J-LC2=0.501[hi 0.503] M=- epi=-,"final P_PROVEN: min sound bound 0.503 (W2-J LC2 99% upper, 64 fresh worlds); threshold .60 for proof, [.60,.614) = P_CANDIDATE",P_PROVEN
C2-hplant-vs-final,XOR,0e99a4bb1e4f2024,H-PLANT lc 1.000 (cap=False),T=0.956 U1024=0.960 Uheld=0.960 Hplant=1.000 J-LC2=0.501[hi 0.503] M=- epi=-,H-PLANT is a 32-pair estimate without wake/fanout/loss; superseded by W2-U (1024 worlds) and W2-T/W2-J,P_PROVEN
C10-W2D-vs-final,XOR,0e99a4bb1e4f2024,W2-D unplaced (not P),T=0.956 U1024=0.960 Uheld=0.960 Hplant=1.000 J-LC2=0.501[hi 0.503] M=- epi=-,final P_PROVEN: W2-D used H-PLANT only,P_PROVEN
C1-cap-membership,XOR,11252d52dc5ec285,W2-T CAPPED=False; W2-U=False; W2-P=False; W2-J=CAPPED-LC2,T=1.000 U1024=1.000 Uheld=1.000 Hplant=1.000 J-LC2=0.540[hi 0.565] M=- epi=-,"final P_PROVEN: min sound bound 0.565 (W2-J LC2 99% upper, 64 fresh worlds); threshold .60 for proof, [.60,.614) = P_CANDIDATE",P_PROVEN
C2-hplant-vs-final,XOR,11252d52dc5ec285,H-PLANT lc 1.000 (cap=False),T=1.000 U1024=1.000 Uheld=1.000 Hplant=1.000 J-LC2=0.540[hi 0.565] M=- epi=-,H-PLANT is a 32-pair estimate without wake/fanout/loss; superseded by W2-U (1024 worlds) and W2-T/W2-J,P_PROVEN
C10-W2D-vs-final,XOR,11252d52dc5ec285,W2-D unplaced (not P),T=1.000 U1024=1.000 Uheld=1.000 Hplant=1.000 J-LC2=0.540[hi 0.565] M=- epi=-,final P_PROVEN: W2-D used H-PLANT only,P_PROVEN
C1-cap-membership,XOR,1916d8e9d75793a7,W2-T CAPPED=False; W2-U=False; W2-P=False; W2-J=CAPPED-LC2,T=1.000 U1024=1.000 Uheld=1.000 Hplant=1.000 J-LC2=0.501[hi 0.503] M=- epi=-,"final P_PROVEN: min sound bound 0.503 (W2-J LC2 99% upper, 64 fresh worlds); threshold .60 for proof, [.60,.614) = P_CANDIDATE",P_PROVEN
C2-hplant-vs-final,XOR,1916d8e9d75793a7,H-PLANT lc 1.000 (cap=False),T=1.000 U1024=1.000 Uheld=1.000 Hplant=1.000 J-LC2=0.501[hi 0.503] M=- epi=-,H-PLANT is a 32-pair estimate without wake/fanout/loss; superseded by W2-U (1024 worlds) and W2-T/W2-J,P_PROVEN
C10-W2D-vs-final,XOR,1916d8e9d75793a7,W2-D unplaced (not P),T=1.000 U1024=1.000 Uheld=1.000 Hplant=1.000 J-LC2=0.501[hi 0.503] M=- epi=-,final P_PROVEN: W2-D used H-PLANT only,P_PROVEN
C1-cap-membership,XOR,2b867f4fdd99e5a6,W2-T CAPPED=False; W2-U=False; W2-P=False; W2-J=CAPPED-LC2,T=1.000 U1024=1.000 Uheld=1.000 Hplant=1.000 J-LC2=0.502[hi 0.503] M=- epi=-,"final P_PROVEN: min sound bound 0.503 (W2-J LC2 99% upper, 64 fresh worlds); threshold .60 for proof, [.60,.614) = P_CANDIDATE",P_PROVEN
C2-hplant-vs-final,XOR,2b867f4fdd99e5a6,H-PLANT lc 1.000 (cap=False),T=1.000 U1024=1.000 Uheld=1.000 Hplant=1.000 J-LC2=0.502[hi 0.503] M=- epi=-,H-PLANT is a 32-pair estimate without wake/fanout/loss; superseded by W2-U (1024 worlds) and W2-T/W2-J,P_PROVEN
C10-W2D-vs-final,XOR,2b867f4fdd99e5a6,W2-D unplaced (not P),T=1.000 U1024=1.000 Uheld=1.000 Hplant=1.000 J-LC2=0.502[hi 0.503] M=- epi=-,final P_PROVEN: W2-D used H-PLANT only,P_PROVEN
C1-cap-membership,XOR,2ccc1a35b4c4d9b7,W2-T CAPPED=False; W2-U=False; W2-P=False; W2-J=CAPPED-LC2,T=1.000 U1024=1.000 Uheld=1.000 Hplant=1.000 J-LC2=0.502[hi 0.504] M=- epi=-,"final P_PROVEN: min sound bound 0.504 (W2-J LC2 99% upper, 64 fresh worlds); threshold .60 for proof, [.60,.614) = P_CANDIDATE",P_PROVEN
C2-hplant-vs-final,XOR,2ccc1a35b4c4d9b7,H-PLANT lc 1.000 (cap=False),T=1.000 U1024=1.000 Uheld=1.000 Hplant=1.000 J-LC2=0.502[hi 0.504] M=- epi=-,H-PLANT is a 32-pair estimate without wake/fanout/loss; superseded by W2-U (1024 worlds) and W2-T/W2-J,P_PROVEN
C10-W2D-vs-final,XOR,2ccc1a35b4c4d9b7,W2-D flat:no_selectable_gradient (not P),T=1.000 U1024=1.000 Uheld=1.000 Hplant=1.000 J-LC2=0.502[hi 0.504] M=- epi=-,final P_PROVEN: W2-D used H-PLANT only,P_PROVEN
C1-cap-membership,XOR,4c562c0341d39d0c,W2-T CAPPED=False; W2-U=False; W2-P=False; W2-J=CAPPED-LC2,T=0.672 U1024=0.678 Uheld=0.672 Hplant=0.711 J-LC2=0.524[hi 0.563] M=- epi=-,"final P_PROVEN: min sound bound 0.563 (W2-J LC2 99% upper, 64 fresh worlds); threshold .60 for proof, [.60,.614) = P_CANDIDATE",P_PROVEN
C2-hplant-vs-final,XOR,4c562c0341d39d0c,H-PLANT lc 0.711 (cap=False),T=0.672 U1024=0.678 Uheld=0.672 Hplant=0.711 J-LC2=0.524[hi 0.563] M=- epi=-,H-PLANT is a 32-pair estimate without wake/fanout/loss; superseded by W2-U (1024 worlds) and W2-T/W2-J,P_PROVEN
C10-W2D-vs-final,XOR,4c562c0341d39d0c,W2-D flat:no_selectable_gradient (not P),T=0.672 U1024=0.678 Uheld=0.672 Hplant=0.711 J-LC2=0.524[hi 0.563] M=- epi=-,final P_PROVEN: W2-D used H-PLANT only,P_PROVEN
C1-cap-membership,XOR,4e7f932f0d32163c,W2-T CAPPED=False; W2-U=False; W2-P=False; W2-J=CAPPED-LC2,T=0.621 U1024=0.697 Uheld=0.707 Hplant=0.922 J-LC2=0.521[hi 0.539] M=- epi=-,"final P_PROVEN: min sound bound 0.539 (W2-J LC2 99% upper, 64 fresh worlds); threshold .60 for proof, [.60,.614) = P_CANDIDATE",P_PROVEN
C2-hplant-vs-final,XOR,4e7f932f0d32163c,H-PLANT lc 0.922 (cap=False),T=0.621 U1024=0.697 Uheld=0.707 Hplant=0.922 J-LC2=0.521[hi 0.539] M=- epi=-,H-PLANT is a 32-pair estimate without wake/fanout/loss; superseded by W2-U (1024 worlds) and W2-T/W2-J,P_PROVEN
C10-W2D-vs-final,XOR,4e7f932f0d32163c,W2-D unplaced (not P),T=0.621 U1024=0.697 Uheld=0.707 Hplant=0.922 J-LC2=0.521[hi 0.539] M=- epi=-,final P_PROVEN: W2-D used H-PLANT only,P_PROVEN
C1-cap-membership,XOR,667bb9bd63ff3489,W2-T CAPPED=False; W2-U=False; W2-P=False; W2-J=CAPPED-LC2,T=0.741 U1024=0.727 Uheld=0.727 Hplant=1.000 J-LC2=0.500[hi 0.501] M=- epi=-,"final P_PROVEN: min sound bound 0.501 (W2-J LC2 99% upper, 64 fresh worlds); threshold .60 for proof, [.60,.614) = P_CANDIDATE",P_PROVEN
C2-hplant-vs-final,XOR,667bb9bd63ff3489,H-PLANT lc 1.000 (cap=False),T=0.741 U1024=0.727 Uheld=0.727 Hplant=1.000 J-LC2=0.500[hi 0.501] M=- epi=-,H-PLANT is a 32-pair estimate without wake/fanout/loss; superseded by W2-U (1024 worlds) and W2-T/W2-J,P_PROVEN
C10-W2D-vs-final,XOR,667bb9bd63ff3489,W2-D unplaced (not P),T=0.741 U1024=0.727 Uheld=0.727 Hplant=1.000 J-LC2=0.500[hi 0.501] M=- epi=-,final P_PROVEN: W2-D used H-PLANT only,P_PROVEN
C1-cap-membership,XOR,73d733c5e3478675,W2-T CAPPED=True; W2-U=True; W2-P=False; W2-J=CAPPED-LC2,T=0.551 U1024=0.566 Uheld=0.580 Hplant=0.766 J-LC2=0.503[hi 0.506] M=- epi=-,"final P_PROVEN: min sound bound 0.506 (W2-J LC2 99% upper, 64 fresh worlds); threshold .60 for proof, [.60,.614) = P_CANDIDATE",P_PROVEN
C2-hplant-vs-final,XOR,73d733c5e3478675,H-PLANT lc 0.766 (cap=False),T=0.551 U1024=0.566 Uheld=0.580 Hplant=0.766 J-LC2=0.503[hi 0.506] M=- epi=-,H-PLANT is a 32-pair estimate without wake/fanout/loss; superseded by W2-U (1024 worlds) and W2-T/W2-J,P_PROVEN
C10-W2D-vs-final,XOR,73d733c5e3478675,W2-D unplaced (not P),T=0.551 U1024=0.566 Uheld=0.580 Hplant=0.766 J-LC2=0.503[hi 0.506] M=- epi=-,final P_PROVEN: W2-D used H-PLANT only,P_PROVEN
C1-cap-membership,XOR,74f96e8958d11b04,W2-T CAPPED=False; W2-U=False; W2-P=False; W2-J=CAPPED-LC2,T=0.672 U1024=0.692 Uheld=0.672 Hplant=0.734 J-LC2=0.507[hi 0.524] M=- epi=-,"final P_PROVEN: min sound bound 0.524 (W2-J LC2 99% upper, 64 fresh worlds); threshold .60 for proof, [.60,.614) = P_CANDIDATE",P_PROVEN
C2-hplant-vs-final,XOR,74f96e8958d11b04,H-PLANT lc 0.734 (cap=False),T=0.672 U1024=0.692 Uheld=0.672 Hplant=0.734 J-LC2=0.507[hi 0.524] M=- epi=-,H-PLANT is a 32-pair estimate without wake/fanout/loss; superseded by W2-U (1024 worlds) and W2-T/W2-J,P_PROVEN
C10-W2D-vs-final,XOR,74f96e8958d11b04,W2-D unplaced (not P),T=0.672 U1024=0.692 Uheld=0.672 Hplant=0.734 J-LC2=0.507[hi 0.524] M=- epi=-,final P_PROVEN: W2-D used H-PLANT only,P_PROVEN
C1-cap-membership,XOR,797c895715a777d1,W2-T CAPPED=False; W2-U=False; W2-P=True; W2-J=CAPPED-LC1,T=0.625 U1024=0.626 Uheld=0.625 Hplant=0.594 J-LC2=0.534[hi 0.587] M=- epi=-,"final P_PROVEN: min sound bound 0.587 (W2-J LC2 99% upper, 64 fresh worlds); threshold .60 for proof, [.60,.614) = P_CANDIDATE",P_PROVEN
C1-cap-membership,XOR,a0edfda5e3bcfb81,W2-T CAPPED=False; W2-U=False; W2-P=False; W2-J=CAPPED-LC2,T=1.000 U1024=1.000 Uheld=1.000 Hplant=1.000 J-LC2=0.501[hi 0.502] M=- epi=-,"final P_PROVEN: min sound bound 0.502 (W2-J LC2 99% upper, 64 fresh worlds); threshold .60 for proof, [.60,.614) = P_CANDIDATE",P_PROVEN
C2-hplant-vs-final,XOR,a0edfda5e3bcfb81,H-PLANT lc 1.000 (cap=False),T=1.000 U1024=1.000 Uheld=1.000 Hplant=1.000 J-LC2=0.501[hi 0.502] M=- epi=-,H-PLANT is a 32-pair estimate without wake/fanout/loss; superseded by W2-U (1024 worlds) and W2-T/W2-J,P_PROVEN
C10-W2D-vs-final,XOR,a0edfda5e3bcfb81,W2-D winners_curse:train_final>>held (not P),T=1.000 U1024=1.000 Uheld=1.000 Hplant=1.000 J-LC2=0.501[hi 0.502] M=- epi=-,final P_PROVEN: W2-D used H-PLANT only,P_PROVEN
C1-cap-membership,XOR,a282df1933b6b538,W2-T CAPPED=False; W2-U=False; W2-P=False; W2-J=CAPPED-LC2,T=0.820 U1024=0.832 Uheld=0.820 Hplant=0.820 J-LC2=0.522[hi 0.543] M=- epi=-,"final P_PROVEN: min sound bound 0.543 (W2-J LC2 99% upper, 64 fresh worlds); threshold .60 for proof, [.60,.614) = P_CANDIDATE",P_PROVEN
C2-hplant-vs-final,XOR,a282df1933b6b538,H-PLANT lc 0.820 (cap=False),T=0.820 U1024=0.832 Uheld=0.820 Hplant=0.820 J-LC2=0.522[hi 0.543] M=- epi=-,H-PLANT is a 32-pair estimate without wake/fanout/loss; superseded by W2-U (1024 worlds) and W2-T/W2-J,P_PROVEN
C10-W2D-vs-final,XOR,a282df1933b6b538,W2-D flat:no_selectable_gradient (not P),T=0.820 U1024=0.832 Uheld=0.820 Hplant=0.820 J-LC2=0.522[hi 0.543] M=- epi=-,final P_PROVEN: W2-D used H-PLANT only,P_PROVEN
C1-cap-membership,XOR,abb5fb8178ef6ce3,W2-T CAPPED=False; W2-U=False; W2-P=False; W2-J=CAPPED-LC2,T=0.703 U1024=0.630 Uheld=0.703 Hplant=0.625 J-LC2=0.502[hi 0.504] M=- epi=-,"final P_PROVEN: min sound bound 0.504 (W2-J LC2 99% upper, 64 fresh worlds); threshold .60 for proof, [.60,.614) = P_CANDIDATE",P_PROVEN
C2-hplant-vs-final,XOR,abb5fb8178ef6ce3,H-PLANT lc 0.625 (cap=False),T=0.703 U1024=0.630 Uheld=0.703 Hplant=0.625 J-LC2=0.502[hi 0.504] M=- epi=-,H-PLANT is a 32-pair estimate without wake/fanout/loss; superseded by W2-U (1024 worlds) and W2-T/W2-J,P_PROVEN
C9-W2O-vs-W2T,XOR,abb5fb8178ef6ce3,W2-O ADMISSIBLE(LC marginal),W2-T ADMISSIBLE marginal=True,final P_PROVEN (T=0.703 U1024=0.630 Uheld=0.703 Hplant=0.625 J-LC2=0.502[hi 0.504] M=- epi=-),P_PROVEN
C10-W2D-vs-final,XOR,abb5fb8178ef6ce3,W2-D unplaced (not P),T=0.703 U1024=0.630 Uheld=0.703 Hplant=0.625 J-LC2=0.502[hi 0.504] M=- epi=-,final P_PROVEN: W2-D used H-PLANT only,P_PROVEN
C1-cap-membership,XOR,aee70c906ff1f844,W2-T CAPPED=False; W2-U=False; W2-P=False; W2-J=CAPPED-LC2,T=1.000 U1024=1.000 Uheld=1.000 Hplant=1.000 J-LC2=0.501[hi 0.503] M=- epi=-,"final P_PROVEN: min sound bound 0.503 (W2-J LC2 99% upper, 64 fresh worlds); threshold .60 for proof, [.60,.614) = P_CANDIDATE",P_PROVEN
C2-hplant-vs-final,XOR,aee70c906ff1f844,H-PLANT lc 1.000 (cap=False),T=1.000 U1024=1.000 Uheld=1.000 Hplant=1.000 J-LC2=0.501[hi 0.503] M=- epi=-,H-PLANT is a 32-pair estimate without wake/fanout/loss; superseded by W2-U (1024 worlds) and W2-T/W2-J,P_PROVEN
C10-W2D-vs-final,XOR,aee70c906ff1f844,W2-D winners_curse:train_final>>held (not P),T=1.000 U1024=1.000 Uheld=1.000 Hplant=1.000 J-LC2=0.501[hi 0.503] M=- epi=-,final P_PROVEN: W2-D used H-PLANT only,P_PROVEN
C1-cap-membership,XOR,c83ce61511f79370,W2-T CAPPED=False; W2-U=True; W2-P=True; W2-J=CAPPED-LC1,T=0.602 U1024=0.596 Uheld=0.610 Hplant=0.547 J-LC2=0.503[hi 0.508] M=- epi=-,"final P_PROVEN: min sound bound 0.508 (W2-J LC2 99% upper, 64 fresh worlds); threshold .60 for proof, [.60,.614) = P_CANDIDATE",P_PROVEN
C1-cap-membership,XOR,c878030f4cbcaa02,W2-T CAPPED=False; W2-U=False; W2-P=False; W2-J=CAPPED-LC2,T=0.832 U1024=0.897 Uheld=0.867 Hplant=1.000 J-LC2=0.538[hi 0.577] M=- epi=-,"final P_PROVEN: min sound bound 0.578 (W2-J LC2 99% upper, 64 fresh worlds); threshold .60 for proof, [.60,.614) = P_CANDIDATE",P_PROVEN
C2-hplant-vs-final,XOR,c878030f4cbcaa02,H-PLANT lc 1.000 (cap=False),T=0.832 U1024=0.897 Uheld=0.867 Hplant=1.000 J-LC2=0.538[hi 0.577] M=- epi=-,H-PLANT is a 32-pair estimate without wake/fanout/loss; superseded by W2-U (1024 worlds) and W2-T/W2-J,P_PROVEN
C10-W2D-vs-final,XOR,c878030f4cbcaa02,W2-D flat:no_selectable_gradient (not P),T=0.832 U1024=0.897 Uheld=0.867 Hplant=1.000 J-LC2=0.538[hi 0.577] M=- epi=-,final P_PROVEN: W2-D used H-PLANT only,P_PROVEN
C1-cap-membership,XOR,cc5f54069b85edc5,W2-T CAPPED=False; W2-U=False; W2-P=False; W2-J=CAPPED-LC2,T=0.965 U1024=0.960 Uheld=0.960 Hplant=1.000 J-LC2=0.500[hi 0.501] M=- epi=-,"final P_PROVEN: min sound bound 0.501 (W2-J LC2 99% upper, 64 fresh worlds); threshold .60 for proof, [.60,.614) = P_CANDIDATE",P_PROVEN
C2-hplant-vs-final,XOR,cc5f54069b85edc5,H-PLANT lc 1.000 (cap=False),T=0.965 U1024=0.960 Uheld=0.960 Hplant=1.000 J-LC2=0.500[hi 0.501] M=- epi=-,H-PLANT is a 32-pair estimate without wake/fanout/loss; superseded by W2-U (1024 worlds) and W2-T/W2-J,P_PROVEN
C10-W2D-vs-final,XOR,cc5f54069b85edc5,W2-D unplaced (not P),T=0.965 U1024=0.960 Uheld=0.960 Hplant=1.000 J-LC2=0.500[hi 0.501] M=- epi=-,final P_PROVEN: W2-D used H-PLANT only,P_PROVEN
C1-cap-membership,XOR,cd1b61b588575073,W2-T CAPPED=True; W2-U=False; W2-P=False; W2-J=CAPPED-LC2,T=0.562 U1024=0.619 Uheld=0.594 Hplant=0.641 J-LC2=0.500[hi 0.500] M=- epi=-,"final P_PROVEN: min sound bound 0.500 (W2-J LC2 99% upper, 64 fresh worlds); threshold .60 for proof, [.60,.614) = P_CANDIDATE",P_PROVEN
C2-hplant-vs-final,XOR,cd1b61b588575073,H-PLANT lc 0.641 (cap=False),T=0.562 U1024=0.619 Uheld=0.594 Hplant=0.641 J-LC2=0.500[hi 0.500] M=- epi=-,H-PLANT is a 32-pair estimate without wake/fanout/loss; superseded by W2-U (1024 worlds) and W2-T/W2-J,P_PROVEN
C10-W2D-vs-final,XOR,cd1b61b588575073,W2-D unplaced (not P),T=0.562 U1024=0.619 Uheld=0.594 Hplant=0.641 J-LC2=0.500[hi 0.500] M=- epi=-,final P_PROVEN: W2-D used H-PLANT only,P_PROVEN
C1-cap-membership,XOR,d43ef071ff1df93a,W2-T CAPPED=True; W2-U=False; W2-P=True; W2-J=CAPPED-LC1,T=0.594 U1024=0.614 Uheld=0.594 Hplant=0.562 J-LC2=0.597[hi 0.678] M=- epi=-,"final P_PROVEN: min sound bound 0.594 (W2-U joint, held set); threshold .60 for proof, [.60,.614) = P_CANDIDATE",P_PROVEN
C1-cap-membership,XOR,d64656f26736d37c,W2-T CAPPED=False; W2-U=True; W2-P=True; W2-J=CAPPED-LC1,T=0.617 U1024=0.558 Uheld=0.617 Hplant=0.531 J-LC2=0.540[hi 0.605] M=- epi=-,"final P_PROVEN: min sound bound 0.558 (W2-U joint, 1024 worlds); threshold .60 for proof, [.60,.614) = P_CANDIDATE",P_PROVEN
C1-cap-membership,XOR,e1fc5118c40c7c4b,W2-T CAPPED=True; W2-U=True; W2-P=False; W2-J=CAPPED-LC2,T=0.519 U1024=0.546 Uheld=0.545 Hplant=0.672 J-LC2=0.507[hi 0.519] M=- epi=-,"final P_PROVEN: min sound bound 0.519 (W2-J LC2 99% upper, 64 fresh worlds); threshold .60 for proof, [.60,.614) = P_CANDIDATE",P_PROVEN
C2-hplant-vs-final,XOR,e1fc5118c40c7c4b,H-PLANT lc 0.672 (cap=False),T=0.519 U1024=0.546 Uheld=0.545 Hplant=0.672 J-LC2=0.507[hi 0.519] M=- epi=-,H-PLANT is a 32-pair estimate without wake/fanout/loss; superseded by W2-U (1024 worlds) and W2-T/W2-J,P_PROVEN
C10-W2D-vs-final,XOR,e1fc5118c40c7c4b,W2-D flat:no_selectable_gradient (not P),T=0.519 U1024=0.546 Uheld=0.545 Hplant=0.672 J-LC2=0.507[hi 0.519] M=- epi=-,final P_PROVEN: W2-D used H-PLANT only,P_PROVEN
C1-cap-membership,XOR,e3fb8737eac52c63,W2-T CAPPED=False; W2-U=False; W2-P=False; W2-J=CAPPED-LC2,T=1.000 U1024=1.000 Uheld=1.000 Hplant=1.000 J-LC2=0.510[hi 0.515] M=- epi=-,"final P_PROVEN: min sound bound 0.515 (W2-J LC2 99% upper, 64 fresh worlds); threshold .60 for proof, [.60,.614) = P_CANDIDATE",P_PROVEN
C2-hplant-vs-final,XOR,e3fb8737eac52c63,H-PLANT lc 1.000 (cap=False),T=1.000 U1024=1.000 Uheld=1.000 Hplant=1.000 J-LC2=0.510[hi 0.515] M=- epi=-,H-PLANT is a 32-pair estimate without wake/fanout/loss; superseded by W2-U (1024 worlds) and W2-T/W2-J,P_PROVEN
C10-W2D-vs-final,XOR,e3fb8737eac52c63,W2-D unplaced (not P),T=1.000 U1024=1.000 Uheld=1.000 Hplant=1.000 J-LC2=0.510[hi 0.515] M=- epi=-,final P_PROVEN: W2-D used H-PLANT only,P_PROVEN
C1-cap-membership,XOR,efc6f7c37ec6c6f4,W2-T CAPPED=False; W2-U=False; W2-P=False; W2-J=CAPPED-LC2,T=0.953 U1024=0.979 Uheld=0.953 Hplant=0.992 J-LC2=0.503[hi 0.506] M=- epi=-,"final P_PROVEN: min sound bound 0.506 (W2-J LC2 99% upper, 64 fresh worlds); threshold .60 for proof, [.60,.614) = P_CANDIDATE",P_PROVEN
C2-hplant-vs-final,XOR,efc6f7c37ec6c6f4,H-PLANT lc 0.992 (cap=False),T=0.953 U1024=0.979 Uheld=0.953 Hplant=0.992 J-LC2=0.503[hi 0.506] M=- epi=-,H-PLANT is a 32-pair estimate without wake/fanout/loss; superseded by W2-U (1024 worlds) and W2-T/W2-J,P_PROVEN
C10-W2D-vs-final,XOR,efc6f7c37ec6c6f4,W2-D unplaced (not P),T=0.953 U1024=0.979 Uheld=0.953 Hplant=0.992 J-LC2=0.503[hi 0.506] M=- epi=-,final P_PROVEN: W2-D used H-PLANT only,P_PROVEN
C1-cap-membership,XOR,f6c66aafc6a5b688,W2-T CAPPED=False; W2-U=False; W2-P=False; W2-J=CAPPED-LC2,T=1.000 U1024=1.000 Uheld=1.000 Hplant=1.000 J-LC2=0.501[hi 0.502] M=- epi=-,"final P_PROVEN: min sound bound 0.502 (W2-J LC2 99% upper, 64 fresh worlds); threshold .60 for proof, [.60,.614) = P_CANDIDATE",P_PROVEN
C2-hplant-vs-final,XOR,f6c66aafc6a5b688,H-PLANT lc 1.000 (cap=False),T=1.000 U1024=1.000 Uheld=1.000 Hplant=1.000 J-LC2=0.501[hi 0.502] M=- epi=-,H-PLANT is a 32-pair estimate without wake/fanout/loss; superseded by W2-U (1024 worlds) and W2-T/W2-J,P_PROVEN
C10-W2D-vs-final,XOR,f6c66aafc6a5b688,W2-D unplaced (not P),T=1.000 U1024=1.000 Uheld=1.000 Hplant=1.000 J-LC2=0.501[hi 0.502] M=- epi=-,final P_PROVEN: W2-D used H-PLANT only,P_PROVEN
C1-cap-membership,XOR,fafa4580821db3a0,W2-T CAPPED=False; W2-U=True; W2-P=True; W2-J=CAPPED-LC1,T=0.656 U1024=0.597 Uheld=0.656 Hplant=0.547 J-LC2=0.580[hi 0.659] M=- epi=-,"final P_PROVEN: min sound bound 0.597 (W2-U joint, 1024 worlds); threshold .60 for proof, [.60,.614) = P_CANDIDATE",P_PROVEN
C5-W2L-vs-W2S,FLIP,603723a7676b8e1d,W2-L UNDECIDED,"W2-S PLANT-DESIGN(econ, confirmed)","W2-S supersedes (later, adds epidemic bound, B certificate, physics removal)",FLAT
C6-W2S-vs-W2T,FLIP,603723a7676b8e1d,"W2-S PLANT-DESIGN(econ, confirmed)",W2-T FLAT,final FLAT (admissibility precedes plant-relative classes),FLAT
C5-W2L-vs-W2S,FLIP,1dea05b393fc2da9,W2-L UNDECIDED,W2-S UNDECIDED(plant inadequate),"W2-S supersedes (later, adds epidemic bound, B certificate, physics removal)",INERT
C5-W2L-vs-W2S,FLIP,4b848d80ee0a7106,W2-L UNDECIDED,"W2-S PLANT-DESIGN(econ, confirmed)","W2-S supersedes (later, adds epidemic bound, B certificate, physics removal)",INERT
C6-W2S-vs-W2T,FLIP,4b848d80ee0a7106,"W2-S PLANT-DESIGN(econ, confirmed)",W2-T INERT,final INERT (admissibility precedes plant-relative classes),INERT
C5-W2L-vs-W2S,FLIP,a4d9f2e4c636234e,W2-L R-CANDIDATE,"W2-S UNDECIDED(demoted R-CAND, copy-range)","W2-S supersedes (later, adds epidemic bound, B certificate, physics removal)",INERT
C5-W2L-vs-W2S,FLIP,b283e1cec4e52e7e,W2-L UNDECIDED,W2-S UNDECIDED(plant inadequate),"W2-S supersedes (later, adds epidemic bound, B certificate, physics removal)",INERT
C5-W2L-vs-W2S,FLIP,ecf3945df0ad6537,W2-L UNDECIDED,W2-S UNDECIDED(plant inadequate),"W2-S supersedes (later, adds epidemic bound, B certificate, physics removal)",INERT
C5-W2L-vs-W2S,FLIP,50060cf95d2b41ae,W2-L UNDECIDED,"W2-S PLANT-DESIGN(econ joint, screen only)","W2-S supersedes (later, adds epidemic bound, B certificate, physics removal)",PLANT_DESIGN
C5-W2L-vs-W2S,FLIP,56cdba0a6c46c1d3,W2-L UNDECIDED,"W2-S PLANT-DESIGN(econ joint, screen only)","W2-S supersedes (later, adds epidemic bound, B certificate, physics removal)",PLANT_DESIGN
C5-W2L-vs-W2S,FLIP,d3f360068a9aec81,W2-L UNDECIDED,"W2-S PLANT-DESIGN(econ, confirmed)","W2-S supersedes (later, adds epidemic bound, B certificate, physics removal)",PLANT_DESIGN
C5-W2L-vs-W2S,FLIP,d99833cbd7fad41d,W2-L UNDECIDED,"W2-S PLANT-DESIGN(econ joint, screen only)","W2-S supersedes (later, adds epidemic bound, B certificate, physics removal)",PLANT_DESIGN
C5-W2L-vs-W2S,FLIP,f476a3cac974379b,W2-L UNDECIDED,"W2-S PLANT-DESIGN(econ joint, screen only)","W2-S supersedes (later, adds epidemic bound, B certificate, physics removal)",PLANT_DESIGN
C5-W2L-vs-W2S,FLIP,f4e59e6154ea0c5a,W2-L UNDECIDED,"W2-S PLANT-DESIGN(econ joint, screen only)","W2-S supersedes (later, adds epidemic bound, B certificate, physics removal)",PLANT_DESIGN
C5-W2L-vs-W2S,FLIP,fc6972d4930ea3f4,W2-L UNDECIDED,"W2-S PLANT-DESIGN(econ joint, screen only)","W2-S supersedes (later, adds epidemic bound, B certificate, physics removal)",PLANT_DESIGN
C8-W2T-item12-vs-plants,FLIP,64d33b89811637f7,W2-T: recorded plant relay_flood 0.500 (not a task plant),W2-L: P-FLIP in exact genome space,task plant wins; W2-T item 12 is superseded for this cell,PLANT_SOLVED_IN_SPACE
C8-W2T-item12-vs-plants,FLIP,6f82f9c7d51bcef1,W2-T: recorded plant relay_flood 0.573 (not a task plant),W2-L: P-FLIP in exact genome space,task plant wins; W2-T item 12 is superseded for this cell,PLANT_SOLVED_IN_SPACE
C8-W2T-item12-vs-plants,FLIP,996716ac46f73a43,W2-T: recorded plant relay_flood 0.562 (not a task plant),W2-L: P-FLIP in exact genome space,task plant wins; W2-T item 12 is superseded for this cell,PLANT_SOLVED_IN_SPACE
C5-W2L-vs-W2S,FLIP,07bde99b2b98a3bc,W2-L UNDECIDED,W2-S UNDECIDED(plant inadequate),"W2-S supersedes (later, adds epidemic bound, B certificate, physics removal)",P_CANDIDATE
C5-W2L-vs-W2S,FLIP,221042948e32063c,W2-L UNDECIDED,W2-S P-CANDIDATE(single timing dial),"W2-S supersedes (later, adds epidemic bound, B certificate, physics removal)",P_CANDIDATE
C5-W2L-vs-W2S,FLIP,5fbaa2ecc6981966,W2-L UNDECIDED,"W2-S P-CANDIDATE(joint, confirmed)","W2-S supersedes (later, adds epidemic bound, B certificate, physics removal)",P_CANDIDATE
C5-W2L-vs-W2S,FLIP,6e8fb3bb64c1f689,W2-L UNDECIDED,"W2-S P-CANDIDATE(joint, confirmed)","W2-S supersedes (later, adds epidemic bound, B certificate, physics removal)",P_CANDIDATE
C5-W2L-vs-W2S,FLIP,75e32ae0d386af47,W2-L UNDECIDED,"W2-S P-CANDIDATE(joint, screen only)","W2-S supersedes (later, adds epidemic bound, B certificate, physics removal)",P_CANDIDATE
C5-W2L-vs-W2S,FLIP,7b6b7f6958c4405d,W2-L UNDECIDED,"W2-S P-CANDIDATE(joint, confirmed)","W2-S supersedes (later, adds epidemic bound, B certificate, physics removal)",P_CANDIDATE
C5-W2L-vs-W2S,FLIP,891dbf32ca704fed,W2-L UNDECIDED,"W2-S P-CANDIDATE(joint, confirmed)","W2-S supersedes (later, adds epidemic bound, B certificate, physics removal)",P_CANDIDATE
C5-W2L-vs-W2S,FLIP,9d67b56354697956,W2-L UNDECIDED,"W2-S P-CANDIDATE(joint, confirmed)","W2-S supersedes (later, adds epidemic bound, B certificate, physics removal)",P_CANDIDATE
C5-W2L-vs-W2S,FLIP,a467c0f81468bc01,W2-L UNDECIDED,"W2-S P-CANDIDATE(joint, screen only)","W2-S supersedes (later, adds epidemic bound, B certificate, physics removal)",P_CANDIDATE
C5-W2L-vs-W2S,FLIP,ba09f3510be6c9f7,W2-L UNDECIDED,W2-S P-CANDIDATE(single timing dial),"W2-S supersedes (later, adds epidemic bound, B certificate, physics removal)",P_CANDIDATE
C5-W2L-vs-W2S,FLIP,e0c6650c66aaf2d1,W2-L UNDECIDED,"W2-S P-CANDIDATE(joint, screen only)","W2-S supersedes (later, adds epidemic bound, B certificate, physics removal)",P_CANDIDATE
C5-W2L-vs-W2S,FLIP,f53a428a92d430b5,W2-L UNDECIDED,"W2-S P-CANDIDATE(joint, confirmed)","W2-S supersedes (later, adds epidemic bound, B certificate, physics removal)",P_CANDIDATE
C2-hplant-vs-final,FLIP,964053bb4c9065fd,H-PLANT lc 1.000 (cap=False),T=1.000 U1024=1.000 Uheld=1.000 Hplant=1.000 J-LC2=-[hi -] M=- epi=0.552,H-PLANT is a 32-pair estimate without wake/fanout/loss; superseded by W2-U (1024 worlds) and W2-T/W2-J,P_PROVEN
C5-W2L-vs-W2S,FLIP,964053bb4c9065fd,W2-L UNDECIDED,W2-S P(epidemic),"W2-S supersedes (later, adds epidemic bound, B certificate, physics removal)",P_PROVEN
C10-W2D-vs-final,FLIP,964053bb4c9065fd,W2-D unplaced (not P),T=1.000 U1024=1.000 Uheld=1.000 Hplant=1.000 J-LC2=-[hi -] M=- epi=0.552,final P_PROVEN: W2-D used H-PLANT only,P_PROVEN
C2-hplant-vs-final,FLIP,9b47d5378f2c9244,H-PLANT lc 1.000 (cap=False),T=1.000 U1024=1.000 Uheld=1.000 Hplant=1.000 J-LC2=-[hi -] M=- epi=0.552,H-PLANT is a 32-pair estimate without wake/fanout/loss; superseded by W2-U (1024 worlds) and W2-T/W2-J,P_PROVEN
C5-W2L-vs-W2S,FLIP,9b47d5378f2c9244,W2-L UNDECIDED,W2-S P(epidemic),"W2-S supersedes (later, adds epidemic bound, B certificate, physics removal)",P_PROVEN
C10-W2D-vs-final,FLIP,9b47d5378f2c9244,W2-D unplaced (not P),T=1.000 U1024=1.000 Uheld=1.000 Hplant=1.000 J-LC2=-[hi -] M=- epi=0.552,final P_PROVEN: W2-D used H-PLANT only,P_PROVEN
C2-hplant-vs-final,FLIP,cabf14291d28a3d7,H-PLANT lc 1.000 (cap=False),T=1.000 U1024=1.000 Uheld=1.000 Hplant=1.000 J-LC2=-[hi -] M=- epi=0.552,H-PLANT is a 32-pair estimate without wake/fanout/loss; superseded by W2-U (1024 worlds) and W2-T/W2-J,P_PROVEN
C5-W2L-vs-W2S,FLIP,cabf14291d28a3d7,W2-L UNDECIDED,W2-S P(epidemic),"W2-S supersedes (later, adds epidemic bound, B certificate, physics removal)",P_PROVEN
C10-W2D-vs-final,FLIP,cabf14291d28a3d7,W2-D unplaced (not P),T=1.000 U1024=1.000 Uheld=1.000 Hplant=1.000 J-LC2=-[hi -] M=- epi=0.552,final P_PROVEN: W2-D used H-PLANT only,P_PROVEN
C2-hplant-vs-final,FLIP,cdc9405d347c3f22,H-PLANT lc 1.000 (cap=False),T=1.000 U1024=1.000 Uheld=1.000 Hplant=1.000 J-LC2=-[hi -] M=- epi=0.532,H-PLANT is a 32-pair estimate without wake/fanout/loss; superseded by W2-U (1024 worlds) and W2-T/W2-J,P_PROVEN
C5-W2L-vs-W2S,FLIP,cdc9405d347c3f22,W2-L UNDECIDED,W2-S P(epidemic),"W2-S supersedes (later, adds epidemic bound, B certificate, physics removal)",P_PROVEN
C10-W2D-vs-final,FLIP,cdc9405d347c3f22,W2-D flat:no_selectable_gradient (not P),T=1.000 U1024=1.000 Uheld=1.000 Hplant=1.000 J-LC2=-[hi -] M=- epi=0.532,final P_PROVEN: W2-D used H-PLANT only,P_PROVEN
C2-hplant-vs-final,FLIP,ebdbe504129fe914,H-PLANT lc 1.000 (cap=False),T=0.986 U1024=0.977 Uheld=0.977 Hplant=1.000 J-LC2=-[hi -] M=- epi=0.573,H-PLANT is a 32-pair estimate without wake/fanout/loss; superseded by W2-U (1024 worlds) and W2-T/W2-J,P_PROVEN
C5-W2L-vs-W2S,FLIP,ebdbe504129fe914,W2-L UNDECIDED,W2-S P(epidemic),"W2-S supersedes (later, adds epidemic bound, B certificate, physics removal)",P_PROVEN
C10-W2D-vs-final,FLIP,ebdbe504129fe914,W2-D unplaced (not P),T=0.986 U1024=0.977 Uheld=0.977 Hplant=1.000 J-LC2=-[hi -] M=- epi=0.573,final P_PROVEN: W2-D used H-PLANT only,P_PROVEN
C2-hplant-vs-final,FLIP,ec89b3d5b8bd2a31,H-PLANT lc 1.000 (cap=False),T=0.963 U1024=0.969 Uheld=0.969 Hplant=1.000 J-LC2=-[hi -] M=- epi=0.558,H-PLANT is a 32-pair estimate without wake/fanout/loss; superseded by W2-U (1024 worlds) and W2-T/W2-J,P_PROVEN
C5-W2L-vs-W2S,FLIP,ec89b3d5b8bd2a31,W2-L UNDECIDED,W2-S P(epidemic),"W2-S supersedes (later, adds epidemic bound, B certificate, physics removal)",P_PROVEN
C10-W2D-vs-final,FLIP,ec89b3d5b8bd2a31,W2-D winners_curse:train_final>>held (not P),T=0.963 U1024=0.969 Uheld=0.969 Hplant=1.000 J-LC2=-[hi -] M=- epi=0.558,final P_PROVEN: W2-D used H-PLANT only,P_PROVEN
C2-hplant-vs-final,FLIP,f3e99f332406b1d3,H-PLANT lc 1.000 (cap=False),T=1.000 U1024=1.000 Uheld=1.000 Hplant=1.000 J-LC2=-[hi -] M=- epi=0.552,H-PLANT is a 32-pair estimate without wake/fanout/loss; superseded by W2-U (1024 worlds) and W2-T/W2-J,P_PROVEN
C5-W2L-vs-W2S,FLIP,f3e99f332406b1d3,W2-L UNDECIDED,W2-S P(epidemic),"W2-S supersedes (later, adds epidemic bound, B certificate, physics removal)",P_PROVEN
C10-W2D-vs-final,FLIP,f3e99f332406b1d3,W2-D unplaced (not P),T=1.000 U1024=1.000 Uheld=1.000 Hplant=1.000 J-LC2=-[hi -] M=- epi=0.552,final P_PROVEN: W2-D used H-PLANT only,P_PROVEN
C5-W2L-vs-W2S,FLIP,06e99bf21c0aca14,W2-L UNDECIDED,W2-S UNDECIDED(plant inadequate),"W2-S supersedes (later, adds epidemic bound, B certificate, physics removal)",UNDECIDED
C5-W2L-vs-W2S,FLIP,124923338e434d70,W2-L UNDECIDED,W2-S UNDECIDED(fails at 32 pairs),"W2-S supersedes (later, adds epidemic bound, B certificate, physics removal)",UNDECIDED
C5-W2L-vs-W2S,FLIP,17b093a7886431d8,W2-L R-CANDIDATE,"W2-S UNDECIDED(demoted R-CAND, copy-range)","W2-S supersedes (later, adds epidemic bound, B certificate, physics removal)",UNDECIDED
C5-W2L-vs-W2S,FLIP,2aefc9fef958812a,W2-L R-CANDIDATE,"W2-S UNDECIDED(demoted R-CAND, copy-range)","W2-S supersedes (later, adds epidemic bound, B certificate, physics removal)",UNDECIDED
C5-W2L-vs-W2S,FLIP,3f78ee89d5d6fb3c,W2-L UNDECIDED,W2-S UNDECIDED(plant inadequate),"W2-S supersedes (later, adds epidemic bound, B certificate, physics removal)",UNDECIDED
C5-W2L-vs-W2S,FLIP,79bc73b022e5d826,W2-L UNDECIDED,W2-S UNDECIDED(plant inadequate),"W2-S supersedes (later, adds epidemic bound, B certificate, physics removal)",UNDECIDED
C5-W2L-vs-W2S,FLIP,7da1d985912ef131,W2-L UNDECIDED,W2-S UNDECIDED(plant inadequate),"W2-S supersedes (later, adds epidemic bound, B certificate, physics removal)",UNDECIDED
C5-W2L-vs-W2S,FLIP,bfa85a55ee67f7fb,W2-L R-CANDIDATE,"W2-S UNDECIDED(demoted R-CAND, copy-range)","W2-S supersedes (later, adds epidemic bound, B certificate, physics removal)",UNDECIDED
C5-W2L-vs-W2S,FLIP,c9998fe48f9341a8,W2-L UNDECIDED,W2-S UNDECIDED(plant inadequate),"W2-S supersedes (later, adds epidemic bound, B certificate, physics removal)",UNDECIDED
C5-W2L-vs-W2S,FLIP,cc9858540c527326,W2-L UNDECIDED,W2-S UNDECIDED(plant inadequate),"W2-S supersedes (later, adds epidemic bound, B certificate, physics removal)",UNDECIDED
C5-W2L-vs-W2S,FLIP,d09510b3e567a37d,W2-L UNDECIDED,W2-S UNDECIDED(plant inadequate),"W2-S supersedes (later, adds epidemic bound, B certificate, physics removal)",UNDECIDED
C5-W2L-vs-W2S,FLIP,d8bcfce07262128e,W2-L UNDECIDED,W2-S UNDECIDED(plant inadequate),"W2-S supersedes (later, adds epidemic bound, B certificate, physics removal)",UNDECIDED
C5-W2L-vs-W2S,FLIP,f6cfdf8240aa339a,W2-L R-CANDIDATE,"W2-S UNDECIDED(demoted R-CAND, copy-range)","W2-S supersedes (later, adds epidemic bound, B certificate, physics removal)",UNDECIDED
C5-W2L-vs-W2S,FLIP,f867ff454ef28ca9,W2-L UNDECIDED,W2-S UNDECIDED(plant inadequate),"W2-S supersedes (later, adds epidemic bound, B certificate, physics removal)",UNDECIDED
C7-P1b-vs-P2,RELAY,dca299c515ff80d1,P-1b multi-hop/plant-fail (plant-dead read as physics),P-2: decay_shift 3 failure = relay_flood artefact,W2-W refresh check: 0.500[lo0.448]/flood_d0 0.500 -> P-2 does NOT hold here (decay not binding),FLAT
C7-P1b-vs-P2,RELAY,e2b9ebb9eba11dfd,P-1b one-hop/plant-fail (plant-dead read as physics),P-2: decay_shift 3 failure = relay_flood artefact,W2-W refresh check: 0.542[lo0.453]/flood_d0 0.542 -> P-2 does NOT hold here (decay not binding),FLAT
C7-P1b-vs-P2,RELAY,016d00fdb747b064,P-1b multi-hop/plant-fail (plant-dead read as physics),P-2: decay_shift 3 failure = relay_flood artefact,W2-W refresh check: 0.547[lo0.479]/flood_d0 0.555 -> P-2 does NOT hold here (decay not binding),INERT
C7-P1b-vs-P2,RELAY,1a9f8db57b100a85,P-1b multi-hop/plant-fail (plant-dead read as physics),P-2: decay_shift 1 failure = relay_flood artefact,W2-W refresh check: 0.508[lo0.474]/flood_d0 0.510 -> P-2 does NOT hold here (decay not binding),INERT
C4-plant-but-inadmissible,RELAY,21b64fd1d11b5c20,plant OVERRIDE (C1: recorded relay_flood acc 0.605 only at prog_len 12 > own 8),W2-T INERT,"kept INERT per the W2-O checklist (admissibility precedes plant); counted in the 'plant, any admissibility' tier",INERT
C4-plant-but-inadmissible,RELAY,2682069a6abee363,plant IN_SPACE (C1: recorded relay_flood acc 0.659 at own prog_len),W2-T INERT,"kept INERT per the W2-O checklist (admissibility precedes plant); counted in the 'plant, any admissibility' tier",INERT
C7-P1b-vs-P2,RELAY,2c6d07c4900dec33,P-1b multi-hop/plant-fail (plant-dead read as physics),P-2: decay_shift 6 failure = relay_flood artefact,W2-W refresh check: 0.526[lo0.430]/flood_d0 0.526 -> P-2 does NOT hold here (decay not binding),INERT
C7-P1b-vs-P2,RELAY,2f22e505584c2d5a,P-1b one-hop/plant-fail (plant-dead read as physics),P-2: decay_shift 6 failure = relay_flood artefact,W2-W refresh check: 0.581[lo0.523]/flood_d0 0.581 -> P-2 does NOT hold here (decay not binding),INERT
C7-P1b-vs-P2,RELAY,4b2662aa9d6d1751,P-1b one-hop/plant-fail (plant-dead read as physics),P-2: decay_shift 1 failure = relay_flood artefact,W2-W refresh check: 0.495[lo0.458]/flood_d0 0.497 -> P-2 does NOT hold here (decay not binding),INERT
C7-P1b-vs-P2,RELAY,5346c141a6e8b6cb,P-1b one-hop/plant-fail (plant-dead read as physics),P-2: decay_shift 6 failure = relay_flood artefact,W2-W refresh check: 0.510[lo0.500]/flood_d0 0.510 -> P-2 does NOT hold here (decay not binding),INERT
C7-P1b-vs-P2,RELAY,76d4aa3d598321b0,P-1b one-hop/plant-fail (plant-dead read as physics),P-2: decay_shift 3 failure = relay_flood artefact,W2-W refresh check: 0.508[lo0.500]/flood_d0 0.508 -> P-2 does NOT hold here (decay not binding),INERT
C7-P1b-vs-P2,RELAY,7742c97ac4d7bb5d,P-1b multi-hop/plant-fail (plant-dead read as physics),P-2: decay_shift 1 failure = relay_flood artefact,W2-W refresh check: 0.500[lo0.500]/flood_d0 0.562 -> P-2 does NOT hold here (decay not binding),INERT
C7-P1b-vs-P2,RELAY,79e645409b673965,P-1b one-hop/plant-fail (plant-dead read as physics),P-2: decay_shift 3 failure = relay_flood artefact,W2-W refresh check: 0.618[lo0.542]/flood_d0 0.618 -> P-2 does NOT hold here (decay not binding),INERT
C7-P1b-vs-P2,RELAY,89d31852e141bd7a,P-1b multi-hop/plant-fail (plant-dead read as physics),P-2: decay_shift 6 failure = relay_flood artefact,W2-W refresh check: 0.591[lo0.490]/flood_d0 0.591 -> P-2 does NOT hold here (decay not binding),INERT
C4-plant-but-inadmissible,RELAY,8d5ba838dc790311,plant OVERRIDE (W2-W: relay_refresh (15 lines) 0.872 [lo99 0.750]; decay-0 relay_flood 0.872),W2-T INERT,"kept INERT per the W2-O checklist (admissibility precedes plant); counted in the 'plant, any admissibility' tier",INERT
C7-P1b-vs-P2,RELAY,8d5ba838dc790311,P-1b one-hop/plant-fail (plant-dead read as physics),P-2: decay_shift 3 failure = relay_flood artefact,W2-W refresh check: 0.872[lo0.750]/flood_d0 0.872 -> P-2 holds (plant rescued),INERT
C7-P1b-vs-P2,RELAY,93000073a40f6369,P-1b one-hop/plant-fail (plant-dead read as physics),P-2: decay_shift 3 failure = relay_flood artefact,W2-W refresh check: 0.479[lo0.443]/flood_d0 0.479 -> P-2 does NOT hold here (decay not binding),INERT
C4-plant-but-inadmissible,RELAY,9a7a6f571d8ed334,plant OVERRIDE (W2-W: relay_refresh (15 lines) 0.969 [lo99 0.945]; decay-0 relay_flood 0.969),W2-T INERT,"kept INERT per the W2-O checklist (admissibility precedes plant); counted in the 'plant, any admissibility' tier",INERT
C7-P1b-vs-P2,RELAY,9a7a6f571d8ed334,P-1b one-hop/plant-fail (plant-dead read as physics),P-2: decay_shift 3 failure = relay_flood artefact,W2-W refresh check: 0.969[lo0.945]/flood_d0 0.969 -> P-2 holds (plant rescued),INERT
C7-P1b-vs-P2,RELAY,9f6ff12323d971fe,P-1b multi-hop/plant-fail (plant-dead read as physics),P-2: decay_shift 1 failure = relay_flood artefact,W2-W refresh check: 0.500[lo0.500]/flood_d0 0.495 -> P-2 does NOT hold here (decay not binding),INERT
C7-P1b-vs-P2,RELAY,e553999d10c319e8,P-1b multi-hop/plant-fail (plant-dead read as physics),P-2: decay_shift 3 failure = relay_flood artefact,W2-W refresh check: 0.500[lo0.500]/flood_d0 0.500 -> P-2 does NOT hold here (decay not binding),INERT
C4-plant-but-inadmissible,RELAY,0dcdb6698519fdc2,plant IN_SPACE (C1: recorded relay_flood acc 0.984 at own prog_len),W2-T TRUNCATED,"kept LATCHED_PARTIAL per the W2-O checklist (admissibility precedes plant); counted in the 'plant, any admissibility' tier",LATCHED_PARTIAL
C4-plant-but-inadmissible,RELAY,2c141a10588d63be,plant IN_SPACE (C1: recorded relay_flood acc 0.773 at own prog_len),W2-T TRUNCATED,"kept LATCHED_PARTIAL per the W2-O checklist (admissibility precedes plant); counted in the 'plant, any admissibility' tier",LATCHED_PARTIAL
C4-plant-but-inadmissible,RELAY,2d0a16a809c1dcd5,plant IN_SPACE (C1: recorded relay_flood acc 0.979 at own prog_len),W2-T TRUNCATED,"kept LATCHED_PARTIAL per the W2-O checklist (admissibility precedes plant); counted in the 'plant, any admissibility' tier",LATCHED_PARTIAL
C4-plant-but-inadmissible,RELAY,362815f908114ebe,plant IN_SPACE (C1: recorded relay_flood acc 0.747 at own prog_len),W2-T TRUNCATED,"kept LATCHED_PARTIAL per the W2-O checklist (admissibility precedes plant); counted in the 'plant, any admissibility' tier",LATCHED_PARTIAL
C4-plant-but-inadmissible,RELAY,3e88548b43f585a2,plant IN_SPACE (C1: recorded relay_flood acc 0.630 at own prog_len),W2-T TRUNCATED,"kept LATCHED_PARTIAL per the W2-O checklist (admissibility precedes plant); counted in the 'plant, any admissibility' tier",LATCHED_PARTIAL
C4-plant-but-inadmissible,RELAY,5bb3fd92c5d92b73,plant IN_SPACE (C1: recorded relay_flood acc 0.714 at own prog_len),W2-T TRUNCATED,"kept LATCHED_PARTIAL per the W2-O checklist (admissibility precedes plant); counted in the 'plant, any admissibility' tier",LATCHED_PARTIAL
C4-plant-but-inadmissible,RELAY,8282d70e914c14a6,plant IN_SPACE (C1: recorded relay_flood acc 0.932 at own prog_len),W2-T TRUNCATED,"kept LATCHED_PARTIAL per the W2-O checklist (admissibility precedes plant); counted in the 'plant, any admissibility' tier",LATCHED_PARTIAL
C4-plant-but-inadmissible,RELAY,adecce567dec5085,plant IN_SPACE (C1: recorded relay_flood acc 0.654 at own prog_len),W2-T TRUNCATED,"kept LATCHED_PARTIAL per the W2-O checklist (admissibility precedes plant); counted in the 'plant, any admissibility' tier",LATCHED_PARTIAL
C4-plant-but-inadmissible,RELAY,cbbfc88c23444a64,plant IN_SPACE (C1: recorded relay_flood acc 0.638 at own prog_len),W2-T TRUNCATED,"kept LATCHED_PARTIAL per the W2-O checklist (admissibility precedes plant); counted in the 'plant, any admissibility' tier",LATCHED_PARTIAL
C4-plant-but-inadmissible,RELAY,dbd5c558656a4005,plant IN_SPACE (C1: recorded relay_flood acc 0.844 at own prog_len),W2-T TRUNCATED,"kept LATCHED_PARTIAL per the W2-O checklist (admissibility precedes plant); counted in the 'plant, any admissibility' tier",LATCHED_PARTIAL
C4-plant-but-inadmissible,RELAY,e8b67ccee08d2f71,plant IN_SPACE (C1: recorded relay_flood acc 0.648 at own prog_len),W2-T TRUNCATED,"kept LATCHED_PARTIAL per the W2-O checklist (admissibility precedes plant); counted in the 'plant, any admissibility' tier",LATCHED_PARTIAL
C7-P1b-vs-P2,RELAY,679284c6eee670f0,P-1b one-hop/plant-fail (plant-dead read as physics),P-2: decay_shift 1 failure = relay_flood artefact,W2-W refresh check: 0.684[lo0.612]/flood_d0 0.677 -> P-2 holds (plant rescued),PLANT_SOLVED_IN_SPACE
C7-P1b-vs-P2,RELAY,6e22f6730608db07,P-1b one-hop/plant-fail (plant-dead read as physics),P-2: decay_shift 6 failure = relay_flood artefact,W2-W refresh check: 0.740[lo0.646]/flood_d0 0.740 -> P-2 holds (plant rescued),PLANT_SOLVED_IN_SPACE
C7-P1b-vs-P2,RELAY,9b34c3c5bde89002,P-1b multi-hop/plant-fail (plant-dead read as physics),P-2: decay_shift 1 failure = relay_flood artefact,W2-W refresh check: 0.745[lo0.625]/flood_d0 0.745 -> P-2 holds (plant rescued),PLANT_SOLVED_IN_SPACE
C7-P1b-vs-P2,RELAY,217fc391f1da683e,P-1b one-hop/plant-fail (plant-dead read as physics),P-2: decay_shift 3 failure = relay_flood artefact,W2-W refresh check: 0.971[lo0.945]/flood_d0 0.971 -> P-2 holds (plant rescued),PLANT_SOLVED_OVERRIDE
C2-hplant-vs-final,RELAY,de5ad87be5dfb207,H-PLANT lc 0.609 (cap=False),T=0.562 U1024=0.594 Uheld=0.562 Hplant=0.609 J-LC2=-[hi -] M=- epi=-,H-PLANT is a 32-pair estimate without wake/fanout/loss; superseded by W2-U (1024 worlds) and W2-T/W2-J,P_PROVEN
C10-W2D-vs-final,RELAY,de5ad87be5dfb207,W2-D flat:no_selectable_gradient (not P),T=0.562 U1024=0.594 Uheld=0.562 Hplant=0.609 J-LC2=-[hi -] M=- epi=-,final P_PROVEN: W2-D used H-PLANT only,P_PROVEN
C7-P1b-vs-P2,RELAY,0e7bb02afcc58bff,P-1b one-hop/plant-fail (plant-dead read as physics),P-2: decay_shift 6 failure = relay_flood artefact,W2-W refresh check: 0.542[lo0.474]/flood_d0 0.542 -> P-2 does NOT hold here (decay not binding),UNDECIDED
C7-P1b-vs-P2,RELAY,2af2583be34ae2d5,P-1b one-hop/plant-fail/lc<.95 (plant-dead read as physics),P-2: decay_shift 6 failure = relay_flood artefact,W2-W refresh check: 0.573[lo0.492]/flood_d0 0.529 -> P-2 does NOT hold here (decay not binding),UNDECIDED
C7-P1b-vs-P2,RELAY,2c6a95479502d69b,P-1b one-hop/plant-fail (plant-dead read as physics),P-2: decay_shift 6 failure = relay_flood artefact,W2-W refresh check: 0.508[lo0.500]/flood_d0 0.508 -> P-2 does NOT hold here (decay not binding),UNDECIDED
C7-P1b-vs-P2,RELAY,415b054a7a93f157,P-1b multi-hop/plant-fail (plant-dead read as physics),P-2: decay_shift 6 failure = relay_flood artefact,W2-W refresh check: 0.469[lo0.391]/flood_d0 0.469 -> P-2 does NOT hold here (decay not binding),UNDECIDED
C7-P1b-vs-P2,RELAY,446db43c86b70408,P-1b one-hop/plant-fail (plant-dead read as physics),P-2: decay_shift 6 failure = relay_flood artefact,W2-W refresh check: 0.542[lo0.461]/flood_d0 0.542 -> P-2 does NOT hold here (decay not binding),UNDECIDED
C7-P1b-vs-P2,RELAY,46da8a020f53ffb4,P-1b multi-hop/plant-fail/lc<.95 (plant-dead read as physics),P-2: decay_shift 1 failure = relay_flood artefact,W2-W refresh check: 0.508[lo0.453]/flood_d0 0.503 -> P-2 does NOT hold here (decay not binding),UNDECIDED
C7-P1b-vs-P2,RELAY,4c367b91d6ffd74a,P-1b one-hop/plant-fail (plant-dead read as physics),P-2: decay_shift 3 failure = relay_flood artefact,W2-W refresh check: 0.500[lo0.477]/flood_d0 0.500 -> P-2 does NOT hold here (decay not binding),UNDECIDED
C7-P1b-vs-P2,RELAY,51942344d4e423f3,P-1b one-hop/plant-fail (plant-dead read as physics),P-2: decay_shift 6 failure = relay_flood artefact,W2-W refresh check: 0.490[lo0.432]/flood_d0 0.490 -> P-2 does NOT hold here (decay not binding),UNDECIDED
C7-P1b-vs-P2,RELAY,5ccd25c1161b581d,P-1b one-hop/plant-fail (plant-dead read as physics),P-2: decay_shift 3 failure = relay_flood artefact,W2-W refresh check: 0.510[lo0.500]/flood_d0 0.510 -> P-2 does NOT hold here (decay not binding),UNDECIDED
C7-P1b-vs-P2,RELAY,7b6c7047d8b8d252,P-1b one-hop/plant-fail/lc<.95 (plant-dead read as physics),P-2: decay_shift 6 failure = relay_flood artefact,W2-W refresh check: 0.495[lo0.453]/flood_d0 0.495 -> P-2 does NOT hold here (decay not binding),UNDECIDED
C7-P1b-vs-P2,RELAY,7e370212c4e86e07,P-1b multi-hop/plant-fail (plant-dead read as physics),P-2: decay_shift 1 failure = relay_flood artefact,W2-W refresh check: 0.536[lo0.474]/flood_d0 0.536 -> P-2 does NOT hold here (decay not binding),UNDECIDED
C7-P1b-vs-P2,RELAY,7f149dc0df537205,P-1b multi-hop/plant-fail (plant-dead read as physics),P-2: decay_shift 3 failure = relay_flood artefact,W2-W refresh check: 0.620[lo0.503]/flood_d0 0.620 -> P-2 does NOT hold here (decay not binding),UNDECIDED
C7-P1b-vs-P2,RELAY,828fde314ac2bf96,P-1b multi-hop/plant-fail (plant-dead read as physics),P-2: decay_shift 1 failure = relay_flood artefact,W2-W refresh check: 0.529[lo0.466]/flood_d0 0.503 -> P-2 does NOT hold here (decay not binding),UNDECIDED
C7-P1b-vs-P2,RELAY,88a05b4b52f7955c,P-1b one-hop/plant-fail (plant-dead read as physics),P-2: decay_shift 3 failure = relay_flood artefact,W2-W refresh check: 0.497[lo0.487]/flood_d0 0.497 -> P-2 does NOT hold here (decay not binding),UNDECIDED
C7-P1b-vs-P2,RELAY,89bd6fdb1b66ce96,P-1b multi-hop/plant-fail (plant-dead read as physics),P-2: decay_shift 6 failure = relay_flood artefact,W2-W refresh check: 0.516[lo0.417]/flood_d0 0.497 -> P-2 does NOT hold here (decay not binding),UNDECIDED
C7-P1b-vs-P2,RELAY,a168243cdfce54d2,P-1b multi-hop/plant-fail (plant-dead read as physics),P-2: decay_shift 6 failure = relay_flood artefact,W2-W refresh check: 0.500[lo0.500]/flood_d0 0.516 -> P-2 does NOT hold here (decay not binding),UNDECIDED
C7-P1b-vs-P2,RELAY,e4600b4ede467c10,P-1b one-hop/plant-fail (plant-dead read as physics),P-2: decay_shift 6 failure = relay_flood artefact,W2-W refresh check: 0.534[lo0.471]/flood_d0 0.534 -> P-2 does NOT hold here (decay not binding),UNDECIDED
C7-P1b-vs-P2,RELAY,ebb078eb3e54ba3b,P-1b multi-hop/plant-fail (plant-dead read as physics),P-2: decay_shift 6 failure = relay_flood artefact,W2-W refresh check: 0.599[lo0.523]/flood_d0 0.599 -> P-2 does NOT hold here (decay not binding),UNDECIDED
C7-P1b-vs-P2,RELAY,f4f208bb80152eb0,P-1b one-hop/plant-fail (plant-dead read as physics),P-2: decay_shift 6 failure = relay_flood artefact,W2-W refresh check: 0.505[lo0.484]/flood_d0 0.505 -> P-2 does NOT hold here (decay not binding),UNDECIDED
C7-P1b-vs-P2,RELAY,fda98c54178232d5,P-1b one-hop/plant-fail (plant-dead read as physics),P-2: decay_shift 1 failure = relay_flood artefact,W2-W refresh check: 0.576[lo0.508]/flood_d0 0.562 -> P-2 does NOT hold here (decay not binding),UNDECIDED
C1-cap-membership,MAJ,0327a9ab4568fd05,W2-T CAPPED=False; W2-U=True; W2-P=True,T=0.605 U1024=0.610 Uheld=0.605 Hplant=- J-LC2=-[hi -] M=0.605 epi=-,"final CONSTRUCTION_PLACEMENT: min sound bound 0.605 (W2-M k-sensor light cone, held set); threshold .60 for proof, [.60,.614) = P_CANDIDATE",CONSTRUCTION_PLACEMENT
C3-placement-only,MAJ,0327a9ab4568fd05,W2-P placement-only (inward 0.670),T=0.605 U1024=0.610 Uheld=0.605 Hplant=- J-LC2=-[hi -] M=0.605 epi=-,CONSTRUCTION_PLACEMENT,CONSTRUCTION_PLACEMENT
C9-W2O-vs-W2T,MAJ,0327a9ab4568fd05,W2-O INERT+flat,W2-T INERT marginal=True,final CONSTRUCTION_PLACEMENT (T=0.605 U1024=0.610 Uheld=0.605 Hplant=- J-LC2=-[hi -] M=0.605 epi=-),CONSTRUCTION_PLACEMENT
C10-W2D-vs-final,MAJ,0327a9ab4568fd05,W2-D flat:no_selectable_gradient (not P),T=0.605 U1024=0.610 Uheld=0.605 Hplant=- J-LC2=-[hi -] M=0.605 epi=-,final CONSTRUCTION_PLACEMENT: W2-D used H-PLANT only,CONSTRUCTION_PLACEMENT
C3-placement-only,MAJ,09c6dc85b98d84c4,W2-P placement-only (inward 0.814),T=0.588 U1024=0.572 Uheld=0.588 Hplant=- J-LC2=-[hi -] M=0.588 epi=-,CONSTRUCTION_PLACEMENT,CONSTRUCTION_PLACEMENT
C10-W2D-vs-final,MAJ,09c6dc85b98d84c4,W2-D unplaced (not P),T=0.588 U1024=0.572 Uheld=0.588 Hplant=- J-LC2=-[hi -] M=0.588 epi=-,final CONSTRUCTION_PLACEMENT: W2-D used H-PLANT only,CONSTRUCTION_PLACEMENT
C3-placement-only,MAJ,5edb4474c352b07e,W2-P placement-only (inward 0.819),T=0.569 U1024=0.571 Uheld=0.569 Hplant=- J-LC2=-[hi -] M=0.569 epi=-,CONSTRUCTION_PLACEMENT,CONSTRUCTION_PLACEMENT
C10-W2D-vs-final,MAJ,5edb4474c352b07e,W2-D unplaced (not P),T=0.569 U1024=0.571 Uheld=0.569 Hplant=- J-LC2=-[hi -] M=0.569 epi=-,final CONSTRUCTION_PLACEMENT: W2-D used H-PLANT only,CONSTRUCTION_PLACEMENT
C3-placement-only,MAJ,699c8b2a187a1b9b,W2-P placement-only (inward 0.732),T=0.554 U1024=0.577 Uheld=0.558 Hplant=- J-LC2=-[hi -] M=0.580 epi=-,CONSTRUCTION_PLACEMENT,CONSTRUCTION_PLACEMENT
C10-W2D-vs-final,MAJ,699c8b2a187a1b9b,W2-D unplaced (not P),T=0.554 U1024=0.577 Uheld=0.558 Hplant=- J-LC2=-[hi -] M=0.580 epi=-,final CONSTRUCTION_PLACEMENT: W2-D used H-PLANT only,CONSTRUCTION_PLACEMENT
C3-placement-only,MAJ,e41b7b138e503512,W2-P placement-only (inward 0.811),T=0.562 U1024=0.571 Uheld=0.562 Hplant=- J-LC2=-[hi -] M=0.562 epi=-,CONSTRUCTION_PLACEMENT,CONSTRUCTION_PLACEMENT
C10-W2D-vs-final,MAJ,e41b7b138e503512,W2-D flat:no_selectable_gradient (not P),T=0.562 U1024=0.571 Uheld=0.562 Hplant=- J-LC2=-[hi -] M=0.562 epi=-,final CONSTRUCTION_PLACEMENT: W2-D used H-PLANT only,CONSTRUCTION_PLACEMENT
C1-cap-membership,MAJ,8c802392619e7dbc,W2-T CAPPED=False; W2-U=True; W2-P=True,T=0.600 U1024=0.600 Uheld=0.600 Hplant=- J-LC2=-[hi -] M=0.600 epi=-,"final INERT: min sound bound 0.600 (W2-M k-sensor light cone, held set); threshold .60 for proof, [.60,.614) = P_CANDIDATE",INERT
C4-plant-but-inadmissible,MAJ,c7ec809750bd4748,"plant OVERRIDE (W2-M: INT_2 at prog_len 14, payload 2 (C1 space), lo99 .636)",W2-T INERT,"kept INERT per the W2-O checklist (admissibility precedes plant); counted in the 'plant, any admissibility' tier",INERT
C8-W2T-item12-vs-plants,MAJ,c7ec809750bd4748,W2-T: recorded plant relay_flood 0.484 (not a task plant),"W2-M: INT_2 at prog_len 14, payload 2 (C1 space), lo99 .636",task plant wins; W2-T item 12 is superseded for this cell,INERT
C12-W2M-R-candidate,MAJ,c7ec809750bd4748,W2-M 'R-candidate' (override INT_2),INT_2 at prog_len 14 is inside C1 genome space,c7ec8097 lo99 .636 -> PLANT_SOLVED_OVERRIDE; 5c35b832 lo99 .535 < .55 -> no plant,INERT
C8-W2T-item12-vs-plants,MAJ,070257d7a8c0ca6f,W2-T: recorded plant relay_flood 0.497 (not a task plant),W2-M: MAJ integrator member fitting the row genome (weak/post hoc),task plant wins; W2-T item 12 is superseded for this cell,PLANT_SOLVED_IN_SPACE
C8-W2T-item12-vs-plants,MAJ,13a086e911f052ce,W2-T: recorded plant relay_flood 0.531 (not a task plant),W2-M: MAJ integrator member fitting the row genome (weak/post hoc),task plant wins; W2-T item 12 is superseded for this cell,PLANT_SOLVED_IN_SPACE
C8-W2T-item12-vs-plants,MAJ,1448cd7d2eba30a8,W2-T: recorded plant relay_flood 0.505 (not a task plant),W2-M: MAJ integrator member fitting the row genome,task plant wins; W2-T item 12 is superseded for this cell,PLANT_SOLVED_IN_SPACE
C8-W2T-item12-vs-plants,MAJ,15e58864edb122bc,W2-T: recorded plant relay_flood 0.513 (not a task plant),W2-M: MAJ integrator member fitting the row genome,task plant wins; W2-T item 12 is superseded for this cell,PLANT_SOLVED_IN_SPACE
C8-W2T-item12-vs-plants,MAJ,3d20243abaf721e8,W2-T: recorded plant relay_flood 0.504 (not a task plant),W2-M: MAJ integrator member fitting the row genome (weak/post hoc),task plant wins; W2-T item 12 is superseded for this cell,PLANT_SOLVED_IN_SPACE
C8-W2T-item12-vs-plants,MAJ,437ca0ac6ccc5b93,W2-T: recorded plant relay_flood 0.518 (not a task plant),W2-M: MAJ integrator member fitting the row genome (weak/post hoc),task plant wins; W2-T item 12 is superseded for this cell,PLANT_SOLVED_IN_SPACE
C8-W2T-item12-vs-plants,MAJ,48dbe2a190030f09,W2-T: recorded plant relay_flood 0.568 (not a task plant),W2-M: MAJ integrator member fitting the row genome,task plant wins; W2-T item 12 is superseded for this cell,PLANT_SOLVED_IN_SPACE
C8-W2T-item12-vs-plants,MAJ,8051dc5ec4d7d143,W2-T: recorded plant relay_flood 0.484 (not a task plant),W2-M: MAJ integrator member fitting the row genome,task plant wins; W2-T item 12 is superseded for this cell,PLANT_SOLVED_IN_SPACE
C1-cap-membership,MAJ,45d695e0b31d5ce4,W2-T CAPPED=False; W2-U=True; W2-P=True,T=0.600 U1024=0.600 Uheld=0.600 Hplant=- J-LC2=-[hi -] M=0.600 epi=-,"final P_CANDIDATE: min sound bound 0.600 (W2-M k-sensor light cone, held set); threshold .60 for proof, [.60,.614) = P_CANDIDATE",P_CANDIDATE
C1-cap-membership,MAJ,937703a8f4261b50,W2-T CAPPED=False; W2-U=True; W2-P=True,T=0.600 U1024=0.600 Uheld=0.600 Hplant=- J-LC2=-[hi -] M=0.600 epi=-,"final P_CANDIDATE: min sound bound 0.600 (W2-M k-sensor light cone, held set); threshold .60 for proof, [.60,.614) = P_CANDIDATE",P_CANDIDATE
C3-placement-only,MAJ,0677e0ae71c3bc64,W2-P placement-only (inward 0.619),T=0.573 U1024=0.601 Uheld=0.604 Hplant=- J-LC2=-[hi -] M=0.787 epi=-,P_PROVEN: inward margin (0.005) < gap between W2-P model and W2-T exact-wake bound (0.032),P_PROVEN
C10-W2D-vs-final,MAJ,0677e0ae71c3bc64,W2-D unplaced (not P),T=0.573 U1024=0.601 Uheld=0.604 Hplant=- J-LC2=-[hi -] M=0.787 epi=-,final P_PROVEN: W2-D used H-PLANT only,P_PROVEN
C10-W2D-vs-final,MAJ,15d2a3e9e094b209,W2-D flat:no_selectable_gradient (not P),T=0.500 U1024=0.500 Uheld=0.500 Hplant=- J-LC2=-[hi -] M=0.500 epi=-,final P_PROVEN: W2-D used H-PLANT only,P_PROVEN
C10-W2D-vs-final,MAJ,16e48268e24cd3f0,W2-D unplaced (not P),T=0.513 U1024=0.517 Uheld=0.516 Hplant=- J-LC2=-[hi -] M=0.525 epi=-,final P_PROVEN: W2-D used H-PLANT only,P_PROVEN
C10-W2D-vs-final,MAJ,19df30b98692cf37,W2-D winners_curse:train_final>>held (not P),T=0.506 U1024=0.520 Uheld=0.509 Hplant=- J-LC2=-[hi -] M=0.519 epi=-,final P_PROVEN: W2-D used H-PLANT only,P_PROVEN
C10-W2D-vs-final,MAJ,3ee88ab63fd0d2fc,W2-D flat:no_selectable_gradient (not P),T=0.500 U1024=0.500 Uheld=0.500 Hplant=- J-LC2=-[hi -] M=0.500 epi=-,final P_PROVEN: W2-D used H-PLANT only,P_PROVEN
C10-W2D-vs-final,MAJ,44a3159d47c56344,W2-D flat:no_selectable_gradient (not P),T=0.500 U1024=0.500 Uheld=0.500 Hplant=- J-LC2=-[hi -] M=0.500 epi=-,final P_PROVEN: W2-D used H-PLANT only,P_PROVEN
C10-W2D-vs-final,MAJ,4704ff70df1b4992,W2-D unplaced (not P),T=0.517 U1024=0.517 Uheld=0.517 Hplant=- J-LC2=-[hi -] M=0.525 epi=-,final P_PROVEN: W2-D used H-PLANT only,P_PROVEN
C10-W2D-vs-final,MAJ,67e459d74a2a15ab,W2-D flat:no_selectable_gradient (not P),T=0.537 U1024=0.527 Uheld=0.538 Hplant=- J-LC2=-[hi -] M=0.538 epi=-,final P_PROVEN: W2-D used H-PLANT only,P_PROVEN
C10-W2D-vs-final,MAJ,6f9bd0886ed4d2bd,W2-D unplaced (not P),T=0.535 U1024=0.512 Uheld=0.537 Hplant=- J-LC2=-[hi -] M=0.556 epi=-,final P_PROVEN: W2-D used H-PLANT only,P_PROVEN
C10-W2D-vs-final,MAJ,773e7fa3ef984f6f,W2-D unplaced (not P),T=0.500 U1024=0.500 Uheld=0.500 Hplant=- J-LC2=-[hi -] M=0.500 epi=-,final P_PROVEN: W2-D used H-PLANT only,P_PROVEN
C10-W2D-vs-final,MAJ,7977cef54ce2e720,W2-D unplaced (not P),T=0.525 U1024=0.516 Uheld=0.524 Hplant=- J-LC2=-[hi -] M=0.537 epi=-,final P_PROVEN: W2-D used H-PLANT only,P_PROVEN
C10-W2D-vs-final,MAJ,911e70489fb820e6,W2-D unplaced (not P),T=0.500 U1024=0.500 Uheld=0.500 Hplant=- J-LC2=-[hi -] M=0.500 epi=-,final P_PROVEN: W2-D used H-PLANT only,P_PROVEN
C10-W2D-vs-final,MAJ,9279672760c5132c,W2-D unplaced (not P),T=0.524 U1024=0.514 Uheld=0.520 Hplant=- J-LC2=-[hi -] M=0.531 epi=-,final P_PROVEN: W2-D used H-PLANT only,P_PROVEN
C10-W2D-vs-final,MAJ,a4685b67e340ca2b,W2-D flat:no_selectable_gradient (not P),T=0.508 U1024=0.505 Uheld=0.505 Hplant=- J-LC2=-[hi -] M=0.519 epi=-,final P_PROVEN: W2-D used H-PLANT only,P_PROVEN
C10-W2D-vs-final,MAJ,ab5c2944884a70c4,W2-D unplaced (not P),T=0.528 U1024=0.518 Uheld=0.528 Hplant=- J-LC2=-[hi -] M=0.528 epi=-,final P_PROVEN: W2-D used H-PLANT only,P_PROVEN
C10-W2D-vs-final,MAJ,adbca0073396f2bd,W2-D flat:no_selectable_gradient (not P),T=0.500 U1024=0.500 Uheld=0.500 Hplant=- J-LC2=-[hi -] M=0.500 epi=-,final P_PROVEN: W2-D used H-PLANT only,P_PROVEN
C10-W2D-vs-final,MAJ,afc07cc5b7ac209a,W2-D flat:no_selectable_gradient (not P),T=0.506 U1024=0.505 Uheld=0.506 Hplant=- J-LC2=-[hi -] M=0.506 epi=-,final P_PROVEN: W2-D used H-PLANT only,P_PROVEN
C10-W2D-vs-final,MAJ,b75a498190609744,W2-D flat:no_selectable_gradient (not P),T=0.500 U1024=0.500 Uheld=0.500 Hplant=- J-LC2=-[hi -] M=0.500 epi=-,final P_PROVEN: W2-D used H-PLANT only,P_PROVEN
C10-W2D-vs-final,MAJ,b8057a11aa7d774f,W2-D flat:no_selectable_gradient (not P),T=0.500 U1024=0.500 Uheld=0.500 Hplant=- J-LC2=-[hi -] M=0.500 epi=-,final P_PROVEN: W2-D used H-PLANT only,P_PROVEN
C10-W2D-vs-final,MAJ,bc5e4f11aa1c3911,W2-D unplaced (not P),T=0.500 U1024=0.500 Uheld=0.500 Hplant=- J-LC2=-[hi -] M=0.500 epi=-,final P_PROVEN: W2-D used H-PLANT only,P_PROVEN
C10-W2D-vs-final,MAJ,c6a06b8764c959b8,W2-D unplaced (not P),T=0.500 U1024=0.500 Uheld=0.500 Hplant=- J-LC2=-[hi -] M=0.500 epi=-,final P_PROVEN: W2-D used H-PLANT only,P_PROVEN
C9-W2O-vs-W2T,MAJ,c9d2ff6e919b0da4,W2-O INERT+flat,W2-T CAPPED marginal=False,final P_PROVEN (T=0.524 U1024=0.530 Uheld=0.522 Hplant=- J-LC2=-[hi -] M=0.525 epi=-),P_PROVEN
C10-W2D-vs-final,MAJ,c9d2ff6e919b0da4,W2-D flat:no_selectable_gradient (not P),T=0.524 U1024=0.530 Uheld=0.522 Hplant=- J-LC2=-[hi -] M=0.525 epi=-,final P_PROVEN: W2-D used H-PLANT only,P_PROVEN
C10-W2D-vs-final,MAJ,cf195eaf67f49dcc,W2-D unplaced (not P),T=0.506 U1024=0.509 Uheld=0.506 Hplant=- J-LC2=-[hi -] M=0.506 epi=-,final P_PROVEN: W2-D used H-PLANT only,P_PROVEN
C10-W2D-vs-final,MAJ,de60a65c3f0d93a7,W2-D winners_curse:train_final>>held (not P),T=0.500 U1024=0.500 Uheld=0.500 Hplant=- J-LC2=-[hi -] M=0.500 epi=-,final P_PROVEN: W2-D used H-PLANT only,P_PROVEN
C1-cap-membership,MAJ,f1bd05cd543ded86,W2-T CAPPED=True; W2-U=False; W2-P=False,T=0.550 U1024=0.627 Uheld=0.627 Hplant=- J-LC2=-[hi -] M=0.784 epi=-,"final P_PROVEN: min sound bound 0.550 (W2-T combined lc+exact-wake, held set); threshold .60 for proof, [.60,.614) = P_CANDIDATE",P_PROVEN
C10-W2D-vs-final,MAJ,f1bd05cd543ded86,W2-D unplaced (not P),T=0.550 U1024=0.627 Uheld=0.627 Hplant=- J-LC2=-[hi -] M=0.784 epi=-,final P_PROVEN: W2-D used H-PLANT only,P_PROVEN
C10-W2D-vs-final,MAJ,f80a21d39fc35f0a,W2-D unplaced (not P),T=0.500 U1024=0.500 Uheld=0.500 Hplant=- J-LC2=-[hi -] M=0.500 epi=-,final P_PROVEN: W2-D used H-PLANT only,P_PROVEN
C10-W2D-vs-final,MAJ,f88e529974e24202,W2-D unplaced (not P),T=0.516 U1024=0.515 Uheld=0.517 Hplant=- J-LC2=-[hi -] M=0.525 epi=-,final P_PROVEN: W2-D used H-PLANT only,P_PROVEN
C12-W2M-R-candidate,MAJ,5c35b832e12863e4,W2-M 'R-candidate' (override INT_2),INT_2 at prog_len 14 is inside C1 genome space,5c35b832 override lo99 .535 < .55: not plant-solved; final UNDECIDED,UNDECIDED
