cell,kind,wave,family,topology,r,N,d0,d_h,dest_mode,recorded_held,verdict,refinement,hop_matched_cond,retention_hop_matched,native@d0,native@d0_hops,C1random@d0,C1random@d0_hops,C1random@dh,C1random@dh_hops,ring_portshuffle@d0,ring_portshuffle@d0_hops,ring_flatdist@d0,ring_flatdist@d0_hops,schreier_ringdist@dh,schreier_ringdist@dh_hops,schreier_flatdist@dh,schreier_flatdist@dh_hops,clique2x4_flatdist@dh,clique2x4_flatdist@dh_hops,native@d4,native@d4_hops,native@d6,native@d6_hops,ring_relabel@d0,ring_relabel@d0_hops,schreier_ringdist@d0,schreier_ringdist@d0_hops,clique2x4_flatdist@d0,clique2x4_flatdist@d0_hops,C1random@dh_inward,C1random@dh_inward_hops
35c721fd,evolve,D,RELAY,ring,3,144,3,1,sample,0.751,HOP-BOUND,,C1random@dh,0.39,0.723 [0.642],"{""1"": 32}",0.500 [0.500],"{""3"": 32}",0.587 [0.553],"{""1"": 32}",,,,,,,,,,,,,,,,,,,,,,
405e5c56,evolve,D,RELAY,ring,3,144,3,1,sample,0.506,INDETERMINATE (no native signal),,C1random@dh,0.28,0.548 [0.518],"{""1"": 32}",0.516 [0.501],"{""3"": 32}",0.514 [0.496],"{""1"": 32}",,,,,,,,,,,,,,,,,,,,,,
4316f167,evolve,D,RELAY,ring,3,144,3,1,sample,0.789,HOP-BOUND,,C1random@dh,0.46,0.803 [0.769],"{""1"": 32}",0.500 [0.500],"{""3"": 32}",0.639 [0.613],"{""1"": 32}",,,,,,,,,,,,,,,,,,,,,,
72dd71d8,evolve,D,RELAY,ring,3,144,3,1,sample,0.857,HOP-BOUND,,C1random@dh,0.72,0.855 [0.819],"{""1"": 32}",0.500 [0.500],"{""3"": 32}",0.756 [0.703],"{""1"": 32}",,,,,,,,,,,,,,,,,,,,,,
8c37f32e,evolve,D,RELAY,ring,3,144,3,1,sample,0.816,HOP-BOUND,,C1random@dh,0.36,0.812 [0.779],"{""1"": 32}",0.500 [0.500],"{""3"": 32}",0.613 [0.587],"{""1"": 32}",,,,,,,,,,,,,,,,,,,,,,
c3d2d697,evolve,D,RELAY,ring,3,144,3,1,sample,0.572,INDETERMINATE (no native signal),,C1random@dh,1.11,0.574 [0.544],"{""1"": 32}",0.550 [0.519],"{""3"": 32}",0.582 [0.555],"{""1"": 32}",,,,,,,,,,,,,,,,,,,,,,
e06701a5,evolve,D,RELAY,ring,3,144,3,1,sample,0.667,TOPOLOGY-BOUND,UNRESOLVED (no variant restores SIGNAL),C1random@dh,0.38,0.639 [0.608],"{""1"": 32}",0.500 [0.500],"{""3"": 32}",0.553 [0.536],"{""1"": 32}",0.629 [0.609],"{""1"": 32}",0.558 [0.540],"{""1"": 32}",0.583 [0.559],"{""1"": 32}",0.549 [0.534],"{""1"": 32}",0.546 [0.533],"{""1"": 32}",,,,,,,,,,,,
e9196cae,evolve,D,RELAY,ring,3,144,3,1,sample,0.811,HOP-BOUND,,C1random@dh,0.46,0.799 [0.772],"{""1"": 32}",0.500 [0.500],"{""3"": 32}",0.638 [0.603],"{""1"": 32}",,,,,,,,,,,,,,,,,,,,,,
2dccdaa5,evolve,B,RELAY,ring,3,144,3,1,sample,0.792,HOP-BOUND (d0 transplant not run),,C1random@dh,0.39,0.803 [0.776],"{""1"": 32}",,,0.620 [0.594],"{""1"": 32}",,,,,,,,,,,,,,,,,,,,,,
31cd2a8a,evolve,B2,RELAY,ring,3,144,3,1,sample,0.857,HOP-BOUND,,C1random@dh,0.83,0.888 [0.863],"{""1"": 32}",0.500 [0.500],"{""3"": 32}",0.822 [0.764],"{""1"": 32}",0.856 [0.802],"{""1"": 32}",0.849 [0.816],"{""1"": 32}",0.805 [0.731],"{""1"": 32}",0.775 [0.701],"{""1"": 32}",0.744 [0.663],"{""1"": 32}",0.500 [0.500],"{""2"": 32}",0.500 [0.500],"{""2"": 32}",0.883 [0.857],"{""1"": 32}",0.500 [0.500],"{""3"": 32}",0.500 [0.500],"{""3"": 32}",,
369f5a5b,evolve,B,RELAY,smallworld,3,100,1,1,all,0.691,NO-COLLAPSE (task already 1-hop/no transport),,C1random@dh,0.97,0.685 [0.654],"{""1"": 32}",,,0.680 [0.647],"{""1"": 32}",,,,,,,,,,,,,,,,,,,,,,
62a7fff9,evolve,B,RELAY,ring,3,144,3,1,sample,0.85,HOP-BOUND,,C1random@dh,0.36,0.807 [0.768],"{""1"": 32}",0.500 [0.500],"{""3"": 32}",0.611 [0.585],"{""1"": 32}",0.776 [0.741],"{""1"": 32}",0.641 [0.608],"{""1"": 32}",0.684 [0.639],"{""1"": 32}",0.620 [0.596],"{""1"": 32}",0.603 [0.577],"{""1"": 32}",0.500 [0.500],"{""2"": 32}",0.500 [0.500],"{""2"": 32}",0.824 [0.784],"{""1"": 32}",0.500 [0.500],"{""3"": 32}",0.500 [0.500],"{""3"": 32}",,
63d17a90,evolve,B2,RELAY,torus,3,100,1,1,all,0.77,NO-COLLAPSE (task already 1-hop/no transport),,C1random@dh,1.0,0.768 [0.733],"{""1"": 32}",,,0.768 [0.733],"{""1"": 32}",,,,,,,,,,,,,,,,,,,,,,
78f3b0ec,evolve,B2,RELAY,ring,3,144,3,1,sample,0.674,HOP-BOUND (d0 transplant not run),,C1random@dh,1.04,0.678 [0.663],"{""1"": 32}",,,0.685 [0.669],"{""1"": 32}",,,,,,,,,,,,,,,,,,,,,,
a02aa099,evolve,B2,RELAY,ring,3,144,3,1,sample,0.624,HOP-BOUND (d0 transplant not run),,C1random@dh,1.81,0.630 [0.602],"{""1"": 32}",,,0.736 [0.694],"{""1"": 32}",,,,,,,,,,,,,,,,,,,,,,
bbef66a1,evolve,B,RELAY,ring,3,144,3,1,sample,0.883,HOP-BOUND,,C1random@dh,0.96,0.891 [0.862],"{""1"": 32}",0.500 [0.500],"{""3"": 32}",0.876 [0.824],"{""1"": 32}",0.776 [0.690],"{""1"": 32}",0.900 [0.879],"{""1"": 32}",0.826 [0.755],"{""1"": 32}",0.829 [0.755],"{""1"": 32}",0.810 [0.729],"{""1"": 32}",0.500 [0.500],"{""2"": 32}",0.500 [0.500],"{""2"": 32}",0.880 [0.854],"{""1"": 32}",0.500 [0.500],"{""3"": 32}",0.500 [0.500],"{""3"": 32}",,
bf82cb29,evolve,B,RELAY,ring,3,144,3,1,sample,0.673,TOPOLOGY-BOUND,CLUSTER-BOUND (fails on tree-like graphs at matched hops; passes on a clustered NON-lattice graph),C1random@dh,0.02,0.667 [0.647],"{""1"": 32}",,,0.504 [0.500],"{""1"": 32}",0.627 [0.611],"{""1"": 32}",0.602 [0.585],"{""1"": 32}",0.508 [0.500],"{""1"": 32}",0.500 [0.500],"{""1"": 32}",0.598 [0.579],"{""1"": 32}",,,,,,,,,,,,
c16d5231,evolve,B2,RELAY,ring,3,144,3,1,sample,0.837,HOP-BOUND,,C1random@dh,1.11,0.840 [0.796],"{""1"": 32}",0.500 [0.500],"{""3"": 32}",0.878 [0.829],"{""1"": 32}",0.865 [0.829],"{""1"": 32}",0.844 [0.801],"{""1"": 32}",0.905 [0.870],"{""1"": 32}",0.896 [0.862],"{""1"": 32}",0.869 [0.816],"{""1"": 32}",0.498 [0.495],"{""2"": 32}",0.500 [0.500],"{""2"": 32}",0.829 [0.777],"{""1"": 32}",0.500 [0.500],"{""3"": 32}",0.500 [0.500],"{""3"": 32}",,
cd5b6fd6,evolve,B2,RELAY,ring,3,144,3,1,sample,0.73,TOPOLOGY-BOUND,CLUSTER-BOUND (fails on tree-like graphs at matched hops; passes on a clustered NON-lattice graph),C1random@dh,0.19,0.729 [0.715],"{""1"": 32}",,,0.544 [0.526],"{""1"": 32}",0.706 [0.682],"{""1"": 32}",0.735 [0.721],"{""1"": 32}",0.527 [0.505],"{""1"": 32}",0.527 [0.505],"{""1"": 32}",0.718 [0.697],"{""1"": 32}",,,,,,,,,,,,
dcd404a9,evolve,B2,RELAY,ring,3,144,3,1,sample,0.639,HOP-BOUND (d0 transplant not run),,C1random@dh,1.82,0.626 [0.607],"{""1"": 32}",,,0.730 [0.675],"{""1"": 32}",,,,,,,,,,,,,,,,,,,,,,
e2afff1c,evolve,B,RELAY,ring,3,144,3,1,sample,0.822,HOP-BOUND (d0 transplant not run),,C1random@dh,0.91,0.799 [0.767],"{""1"": 32}",,,0.773 [0.737],"{""1"": 32}",,,,,,,,,,,,,,,,,,,,,,
ed16c553,evolve,B2,RELAY,ring,3,144,3,1,sample,0.777,HOP-BOUND (d0 transplant not run),,C1random@dh,0.78,0.768 [0.744],"{""1"": 32}",,,0.708 [0.687],"{""1"": 32}",,,,,,,,,,,,,,,,,,,,,,
15e58864,evolve,D,MAJ,ring,3,100,3,1,all,0.533,INDETERMINATE (no native signal),,C1random@dh_inward,1.86,0.501 [0.457],"{""1"": 160}",0.484 [0.443],"{""1"": 10, ""2"": 36, ""3"": 94, ""4"": 20}",0.506 [0.473],"{""1"": 6, ""2"": 46, ""3"": 100, ""4"": 8}",,,,,,,,,,,,,,,,,,,,,0.501 [0.469],"{""1"": 152, ""2"": 8}"
18c218f5,evolve,D,MAJ,ring,3,100,2,1,all,0.699,HOP-BOUND,,C1random@dh_inward,1.11,0.683 [0.626],"{""1"": 160}",0.530 [0.501],"{""1"": 12, ""2"": 42, ""3"": 98, ""4"": 8}",0.522 [0.503],"{""1"": 6, ""2"": 46, ""3"": 100, ""4"": 8}",,,,,,,,,,,,,,,,,,,,,0.704 [0.659],"{""1"": 152, ""2"": 8}"
1a86071f,evolve,D,MAJ,ring,3,100,3,1,all,0.68,HOP-BOUND,,C1random@dh_inward,1.02,0.677 [0.642],"{""1"": 160}",0.509 [0.495],"{""1"": 10, ""2"": 36, ""3"": 94, ""4"": 20}",0.519 [0.503],"{""1"": 6, ""2"": 46, ""3"": 100, ""4"": 8}",,,,,,,,,,,,,,,,,,,,,0.681 [0.635],"{""1"": 152, ""2"": 8}"
1c12d560,evolve,D,MAJ,ring,3,100,2,1,all,0.549,INDETERMINATE (no native signal),,C1random@dh_inward,0.87,0.547 [0.523],"{""1"": 160}",0.501 [0.495],"{""1"": 12, ""2"": 42, ""3"": 98, ""4"": 8}",0.507 [0.500],"{""1"": 6, ""2"": 46, ""3"": 100, ""4"": 8}",,,,,,,,,,,,,,,,,,,,,0.541 [0.523],"{""1"": 152, ""2"": 8}"
772ae210,evolve,D,MAJ,ring,3,144,3,1,sample,0.52,INDETERMINATE (no native signal),,C1random@dh_inward,1.77,0.520 [0.447],"{""1"": 160}",0.547 [0.466],"{""1"": 4, ""2"": 30, ""3"": 88, ""4"": 38}",0.538 [0.460],"{""1"": 2, ""2"": 26, ""3"": 86, ""4"": 46}",,,,,,,,,,,,,,,,,,,,,0.536 [0.456],"{""1"": 128, ""2"": 32}"
8743da7f,evolve,D,MAJ,ring,3,144,3,1,sample,0.636,TOPOLOGY-BOUND,CLUSTER-BOUND (fails on tree-like graphs at matched hops; passes on a clustered NON-lattice graph),C1random@dh_inward,0.09,0.628 [0.606],"{""1"": 160}",0.498 [0.493],"{""1"": 4, ""2"": 30, ""3"": 88, ""4"": 38}",0.508 [0.503],"{""1"": 2, ""2"": 26, ""3"": 86, ""4"": 46}",0.638 [0.614],"{""1"": 160}",0.628 [0.604],"{""1"": 160}",,,0.534 [0.515],"{""1"": 160}",0.589 [0.568],"{""1"": 160}",,,,,,,,,,,0.511 [0.503],"{""1"": 128, ""2"": 32}"
0a23398f,evolve,B,MAJ,ring,3,100,2,1,all,0.695,HOP-BOUND,,C1random@dh_inward,1.1,0.674 [0.621],"{""1"": 160}",0.527 [0.503],"{""1"": 12, ""2"": 42, ""3"": 98, ""4"": 8}",0.521 [0.503],"{""1"": 6, ""2"": 46, ""3"": 100, ""4"": 8}",0.719 [0.679],"{""1"": 160}",0.674 [0.621],"{""1"": 160}",0.700 [0.652],"{""1"": 160}",0.700 [0.652],"{""1"": 160}",0.706 [0.666],"{""1"": 160}",0.648 [0.603],"{""1"": 96, ""2"": 64}",0.500 [0.500],"{""2"": 160}",0.689 [0.641],"{""1"": 160}",0.500 [0.500],"{""2"": 160}",0.500 [0.500],"{""2"": 160}",0.691 [0.646],"{""1"": 152, ""2"": 8}"
4781b0a1,evolve,C,MAJ,ring,3,144,3,1,sample,0.789,TOPOLOGY-BOUND,CLUSTER-BOUND (fails on tree-like graphs at matched hops; passes on a clustered NON-lattice graph),C1random@dh_inward,0.02,0.767 [0.727],"{""1"": 160}",0.500 [0.500],"{""1"": 4, ""2"": 30, ""3"": 88, ""4"": 38}",0.500 [0.500],"{""1"": 2, ""2"": 26, ""3"": 86, ""4"": 46}",0.764 [0.717],"{""1"": 160}",0.764 [0.720],"{""1"": 160}",0.512 [0.500],"{""1"": 160}",0.517 [0.501],"{""1"": 160}",0.725 [0.680],"{""1"": 160}",0.714 [0.667],"{""1"": 96, ""2"": 64}",0.500 [0.500],"{""2"": 160}",0.747 [0.710],"{""1"": 160}",0.500 [0.500],"{""3"": 160}",0.500 [0.500],"{""3"": 160}",0.505 [0.500],"{""1"": 128, ""2"": 32}"
613162a3,evolve,C,MAJ,global,3,100,5,1,sample,0.682,INDETERMINATE (hops not matched),,C1random@dh_inward,0.97,0.760 [0.703],"{""1"": 160}",0.519 [0.495],"{""1"": 8, ""2"": 10, ""3"": 38, ""4"": 54, ""5"": 40, ""6"": 10}",0.508 [0.500],"{""1"": 2, ""2"": 14, ""3"": 44, ""4"": 66, ""5"": 28, ""6"": 6}",,,,,,,,,,,,,,,,,,,,,0.751 [0.691],"{""1"": 108, ""2"": 52}"
f6b623cd,evolve,B,MAJ,ring,3,100,3,1,all,0.686,HOP-BOUND,,C1random@dh_inward,1.06,0.678 [0.641],"{""1"": 160}",0.513 [0.497],"{""1"": 10, ""2"": 36, ""3"": 94, ""4"": 20}",0.519 [0.503],"{""1"": 6, ""2"": 46, ""3"": 100, ""4"": 8}",0.667 [0.628],"{""1"": 160}",0.678 [0.641],"{""1"": 160}",0.695 [0.643],"{""1"": 160}",0.695 [0.643],"{""1"": 160}",0.702 [0.659],"{""1"": 160}",0.647 [0.604],"{""1"": 96, ""2"": 64}",0.500 [0.500],"{""2"": 160}",0.691 [0.637],"{""1"": 160}",0.500 [0.500],"{""3"": 160}",0.500 [0.500],"{""3"": 160}",0.689 [0.643],"{""1"": 152, ""2"": 8}"
00c5d3b6,evolve,A,HOLD,torus,3,100,1,1,all,0.84,NO-COLLAPSE (task already 1-hop/no transport),,C1random@dh,1.0,0.855 [0.825],"{""0"": 32}",,,0.855 [0.825],"{""0"": 32}",,,,,,,,,,,,,,,,,,,,,,
0187372b,evolve,A,HOLD,torus,1,100,3,3,sample,0.75,INDETERMINATE (no native signal),,C1random@dh,1.13,0.636 [0.539],"{""0"": 32}",,,0.654 [0.562],"{""0"": 32}",,,,,,,,,,,,,,,,,,,,,,
1c0a1bc7,evolve,A,HOLD,torus,2,144,3,2,all,0.846,NO-COLLAPSE (task already 1-hop/no transport),,C1random@dh,1.0,0.856 [0.829],"{""0"": 32}",,,0.857 [0.829],"{""0"": 32}",,,,,,,,,,,,,,,,,,,,,,
4ab2ba01,evolve,C,HOLD,ring,3,144,3,1,sample,0.883,TOPOLOGY-BOUND,LATENCY-LABEL-BOUND (ring per-port delays; restored on a tree-like graph by ring labels),C1random@dh,0.03,0.887 [0.846],"{""0"": 32}",,,0.510 [0.496],"{""0"": 32}",0.822 [0.785],"{""0"": 32}",0.630 [0.562],"{""0"": 32}",0.865 [0.820],"{""0"": 32}",0.662 [0.600],"{""0"": 32}",0.624 [0.572],"{""0"": 32}",,,,,,,,,,,,
65d840a8,evolve,A,HOLD,ring,2,144,2,1,sample,0.727,NO-COLLAPSE (task already 1-hop/no transport),,C1random@dh,1.0,0.761 [0.714],"{""0"": 32}",,,0.760 [0.714],"{""0"": 32}",,,,,,,,,,,,,,,,,,,,,,
7b7b025e,evolve,B2,HOLD,global,2,144,2,1,sample,1.0,NO-COLLAPSE (task already 1-hop/no transport),,C1random@dh,1.0,1.000 [1.000],"{""1"": 32}",1.000 [1.000],"{""0"": 32}",1.000 [1.000],"{""0"": 32}",,,,,,,,,,,,,,,,,,,,,,
85ca202e,evolve,B,HOLD,global,2,144,2,1,sample,1.0,NO-COLLAPSE (task already 1-hop/no transport),,C1random@dh,1.0,1.000 [1.000],"{""1"": 32}",1.000 [1.000],"{""0"": 32}",1.000 [1.000],"{""0"": 32}",,,,,,,,,,,,,,,,,,,,,,
a0a5244d,evolve,B,HOLD,global,2,144,2,1,sample,1.0,NO-COLLAPSE (task already 1-hop/no transport),,C1random@dh,1.0,1.000 [1.000],"{""1"": 32}",0.999 [0.995],"{""0"": 32}",0.999 [0.995],"{""0"": 32}",,,,,,,,,,,,,,,,,,,,,,
ab089e45,evolve,B,HOLD,global,2,144,2,1,sample,1.0,NO-COLLAPSE (task already 1-hop/no transport),,C1random@dh,1.0,1.000 [1.000],"{""1"": 32}",1.000 [1.000],"{""0"": 32}",1.000 [1.000],"{""0"": 32}",,,,,,,,,,,,,,,,,,,,,,
