M1,0,-0.960000,-0.960000,0.000000,0.000000,0.963075,0.963865,0.000095,0.000115,0.000000,0.000000,0.000113,0.000138,-0.960718,-0.960672,1.000000,0.000000,0.000000,-0.000113,-0.000138,-1,<a>
M1,100,-0.760000,-0.788000,0.479861,0.084055,0.674415,0.699240,0.062818,0.021473,0.021784,0.005269,0.071025,0.024714,-0.814236,-0.810800,6.260000,0.000000,0.000000,-0.049240,-0.019445,-1,<abcdeaa>
M1,500,-0.200000,-0.415200,2.318889,2.174564,0.203615,0.222070,0.227526,0.243740,0.189393,0.201748,0.235153,0.252138,-0.555218,-0.539542,26.540000,0.000000,0.000000,-0.045761,-0.050390,-1,<abcdeabbdeabcddagceeabcddad>
M10,0,-0.960000,-0.960000,0.000000,0.000000,0.963045,0.963120,0.000093,0.000099,0.000000,0.000000,0.000112,0.000118,-0.960700,-0.960684,1.000000,0.000000,0.000000,-0.000112,-0.000118,-1,<a>
M10,100,-0.760000,-0.788000,0.486983,0.088385,0.673705,0.698970,0.064223,0.021503,0.023540,0.005301,0.072359,0.024744,-0.814427,-0.810846,6.260000,0.000000,0.000000,-0.048819,-0.019443,-1,<abcdeaa>
M10,500,-0.200000,-0.415200,2.319327,2.172489,0.206390,0.223430,0.227932,0.244026,0.189762,0.202013,0.235566,0.252429,-0.554749,-0.539599,26.540000,0.000000,0.000000,-0.045804,-0.050416,-1,<abcdeabbdeabcddagceeabcddad>
M11,0,-0.960000,-0.960000,0.000000,0.000000,0.963180,0.962495,0.000092,0.000096,0.000000,0.000000,0.000110,0.000115,-0.960676,-0.960705,1.000000,0.000000,0.000000,-0.000110,-0.000115,-1,<a>
M11,100,-0.760000,-0.788000,0.501822,0.085978,0.674070,0.700480,0.065573,0.021625,0.023063,0.005379,0.074075,0.024874,-0.814311,-0.810759,6.260000,0.000000,0.000000,-0.051012,-0.019495,-1,<abcdeaa>
M11,500,-0.200000,-0.415200,2.317593,2.181024,0.205590,0.223750,0.227144,0.244971,0.188951,0.203070,0.234782,0.253352,-0.554837,-0.539645,26.540000,0.000000,0.000000,-0.045831,-0.050282,-1,<abcdeabbdeabcddagceeabcddad>
M12,0,-0.960000,-0.960000,0.000000,0.000000,0.962810,0.963680,0.000104,0.000099,0.000000,0.000000,0.000125,0.000118,-0.960704,-0.960687,1.000000,0.000000,0.000000,-0.000125,-0.000118,-1,<a>
M12,100,-0.760000,-0.788000,0.523320,0.091140,0.673210,0.701250,0.069530,0.021631,0.026178,0.005307,0.078200,0.024896,-0.814298,-0.810499,6.260000,0.000000,0.000000,-0.052022,-0.019590,-1,<abcdeaa>
M12,500,-0.200000,-0.415200,2.318447,2.178549,0.205605,0.223400,0.227302,0.244703,0.189222,0.202887,0.234918,0.253066,-0.554942,-0.539176,26.540000,0.000000,0.000000,-0.045696,-0.050179,-1,<abcdeabbdeabcddagceeabcddad>
M13,0,-0.960000,-0.960000,0.000000,0.000000,0.963540,0.963625,0.000108,0.000097,0.000000,0.000000,0.000130,0.000116,-0.960688,-0.960683,1.000000,0.000000,0.000000,-0.000130,-0.000116,-1,<a>
M13,100,-0.760000,-0.788000,0.468845,0.086813,0.673210,0.700265,0.061376,0.021559,0.020570,0.005275,0.069537,0.024816,-0.814482,-0.810808,6.260000,0.000000,0.000000,-0.048967,-0.019540,-1,<abcdeaa>
M13,500,-0.200000,-0.415200,2.320486,2.177358,0.204305,0.222545,0.227861,0.244863,0.189801,0.202848,0.235473,0.253267,-0.554928,-0.540344,26.540000,0.000000,0.000000,-0.045672,-0.050419,-1,<abcdeabbdeabcddagceeabcddad>
M14,0,-0.960000,-0.960000,0.000000,0.000000,0.964085,0.962740,0.000101,0.000097,0.000000,0.000000,0.000121,0.000117,-0.960666,-0.960693,1.000000,0.000000,0.000000,-0.000121,-0.000117,-1,<a>
M14,100,-0.760000,-0.788000,0.491112,0.090208,0.674700,0.700740,0.065040,0.021577,0.023794,0.005307,0.073289,0.024831,-0.814111,-0.810575,6.260000,0.000000,0.000000,-0.049495,-0.019524,-1,<abcdeaa>
M14,500,-0.200000,-0.415200,2.318810,2.179472,0.204195,0.222855,0.227246,0.244670,0.189020,0.202772,0.234891,0.253049,-0.554874,-0.539319,26.540000,0.000000,0.000000,-0.045871,-0.050278,-1,<abcdeabbdeabcddagceeabcddad>
M15,0,-0.960000,-0.960000,0.000000,0.000000,0.963555,0.963030,0.000114,0.000110,0.000000,0.000000,0.000137,0.000132,-0.960680,-0.960701,1.000000,0.000000,0.000000,-0.000137,-0.000132,-1,<a>
M15,100,-0.760000,-0.788000,0.480730,0.089867,0.673375,0.700225,0.062984,0.021648,0.022083,0.005296,0.071165,0.024918,-0.814367,-0.810562,6.260000,0.000000,0.000000,-0.049082,-0.019622,-1,<abcdeaa>
M15,500,-0.200000,-0.415200,2.321413,2.177255,0.207510,0.222090,0.228047,0.244232,0.189962,0.201992,0.235664,0.252680,-0.554462,-0.539753,26.540000,0.000000,0.000000,-0.045701,-0.050687,-1,<abcdeabbdeabcddagceeabcddad>
M16,0,-0.960000,-0.960000,0.000000,0.000000,0.963705,0.963465,0.000110,0.000098,0.000000,0.000000,0.000132,0.000117,-0.960665,-0.960686,1.000000,0.000000,0.000000,-0.000132,-0.000117,-1,<a>
M16,100,-0.760000,-0.788000,0.455365,0.086159,0.674770,0.700250,0.059197,0.021437,0.019746,0.005227,0.067087,0.024679,-0.814392,-0.810665,6.260000,0.000000,0.000000,-0.047341,-0.019452,-1,<abcdeaa>
M16,500,-0.200000,-0.415200,2.324175,2.182044,0.206415,0.222255,0.227856,0.244548,0.189678,0.202602,0.235492,0.252937,-0.555237,-0.539738,26.540000,0.000000,0.000000,-0.045814,-0.050335,-1,<abcdeabbdeabcddagceeabcddad>
M17,0,-0.960000,-0.960000,0.000000,0.000000,0.963370,0.963380,0.000136,0.000095,0.000000,0.000000,0.000163,0.000114,-0.960686,-0.960694,1.000000,0.000000,0.000000,-0.000163,-0.000114,-1,<a>
M17,100,-0.760000,-0.788000,0.474903,0.085909,0.674685,0.700110,0.062189,0.021420,0.022052,0.005322,0.070216,0.024639,-0.814346,-0.810474,6.260000,0.000000,0.000000,-0.048164,-0.019317,-1,<abcdeaa>
M17,500,-0.200000,-0.415200,2.314716,2.178755,0.205380,0.221980,0.226703,0.244306,0.188510,0.202249,0.234341,0.252718,-0.554401,-0.539935,26.540000,0.000000,0.000000,-0.045831,-0.050469,-1,<abcdeabbdeabcddagceeabcddad>
M18,0,-0.960000,-0.960000,0.000000,0.000000,0.963435,0.963075,0.000122,0.000140,0.000000,0.000000,0.000147,0.000168,-0.960687,-0.960691,1.000000,0.000000,0.000000,-0.000147,-0.000168,-1,<a>
M18,100,-0.760000,-0.788000,0.477452,0.086664,0.672910,0.700100,0.062356,0.021508,0.021440,0.005227,0.070539,0.024765,-0.814491,-0.810593,6.260000,0.000000,0.000000,-0.049099,-0.019538,-1,<abcdeaa>
M18,500,-0.200000,-0.415200,2.321240,2.173956,0.205510,0.222765,0.227847,0.244226,0.189709,0.202284,0.235474,0.252614,-0.555395,-0.539701,26.540000,0.000000,0.000000,-0.045765,-0.050330,-1,<abcdeabbdeabcddagceeabcddad>
M19,0,-0.960000,-0.960000,0.000000,0.000000,0.963635,0.963840,0.000118,0.000108,0.000000,0.000000,0.000142,0.000129,-0.960697,-0.960684,1.000000,0.000000,0.000000,-0.000142,-0.000129,-1,<a>
M19,100,-0.760000,-0.788000,0.530989,0.087591,0.674190,0.701270,0.069686,0.021508,0.026349,0.005325,0.078353,0.024745,-0.814225,-0.810591,6.260000,0.000000,0.000000,-0.052004,-0.019419,-1,<abcdeaa>
M19,500,-0.200000,-0.415200,2.315776,2.177574,0.206115,0.221830,0.227413,0.244684,0.189133,0.202765,0.235069,0.253067,-0.554343,-0.539700,26.540000,0.000000,0.000000,-0.045936,-0.050303,-1,<abcdeabbdeabcddagceeabcddad>
M2,0,-0.960000,-0.960000,0.000000,0.000000,0.963050,0.963800,0.000088,0.000096,0.000000,0.000000,0.000106,0.000115,-0.960688,-0.960676,1.000000,0.000000,0.000000,-0.000106,-0.000115,-1,<a>
M2,100,-0.760000,-0.788000,0.482191,0.086786,0.674450,0.699405,0.063001,0.021525,0.022294,0.005318,0.071142,0.024767,-0.814297,-0.810759,6.260000,0.000000,0.000000,-0.048847,-0.019449,-1,<abcdeaa>
M2,500,-0.200000,-0.415200,2.319493,2.172615,0.205795,0.222065,0.227431,0.244046,0.189381,0.202068,0.235041,0.252442,-0.554990,-0.539171,26.540000,0.000000,0.000000,-0.045661,-0.050374,-1,<abcdeabbdeabcddagceeabcddad>
M20,0,-0.960000,-0.960000,0.000000,0.000000,0.963165,0.963375,0.000082,0.000079,0.000000,0.000000,0.000099,0.000095,-0.960687,-0.960685,1.000000,0.000000,0.000000,-0.000099,-0.000095,-1,<a>
M20,100,-0.760000,-0.788000,0.478499,0.088699,0.674180,0.699470,0.062984,0.021512,0.021964,0.005255,0.071189,0.024764,-0.814225,-0.810700,6.260000,0.000000,0.000000,-0.049225,-0.019509,-1,<abcdeaa>
M20,500,-0.200000,-0.415200,2.324952,2.184875,0.205475,0.221825,0.227854,0.245460,0.189726,0.203513,0.235479,0.253849,-0.555648,-0.540137,26.540000,0.000000,0.000000,-0.045753,-0.050336,-1,<abcdeabbdeabcddagceeabcddad>
M3,0,-0.960000,-0.960000,0.000000,0.000000,0.963865,0.963950,0.000088,0.000103,0.000000,0.000000,0.000105,0.000124,-0.960679,-0.960684,1.000000,0.000000,0.000000,-0.000105,-0.000124,-1,<a>
M3,100,-0.760000,-0.788000,0.495707,0.088441,0.674055,0.698505,0.064388,0.021707,0.022990,0.005340,0.072668,0.024981,-0.814222,-0.810953,6.260000,0.000000,0.000000,-0.049678,-0.019641,-1,<abcdeaa>
M3,500,-0.200000,-0.415200,2.316813,2.179334,0.205760,0.221815,0.226941,0.245070,0.188637,0.203218,0.234601,0.253440,-0.555355,-0.539497,26.540000,0.000000,0.000000,-0.045965,-0.050222,-1,<abcdeabbdeabcddagceeabcddad>
M4,0,-0.960000,-0.960000,0.000000,0.000000,0.963110,0.963770,0.000099,0.000104,0.000000,0.000000,0.000118,0.000124,-0.960704,-0.960692,1.000000,0.000000,0.000000,-0.000118,-0.000124,-1,<a>
M4,100,-0.760000,-0.788000,0.449119,0.087520,0.673275,0.701065,0.057660,0.021589,0.019061,0.005324,0.065380,0.024842,-0.814322,-0.810649,6.260000,0.000000,0.000000,-0.046320,-0.019518,-1,<abcdeaa>
M4,500,-0.200000,-0.415200,2.317786,2.175201,0.206870,0.221310,0.227252,0.244017,0.189141,0.202002,0.234874,0.252420,-0.554157,-0.539866,26.540000,0.000000,0.000000,-0.045733,-0.050418,-1,<abcdeabbdeabcddagceeabcddad>
M5,0,-0.960000,-0.960000,0.000000,0.000000,0.963600,0.963585,0.000090,0.000104,0.000000,0.000000,0.000108,0.000125,-0.960680,-0.960690,1.000000,0.000000,0.000000,-0.000108,-0.000125,-1,<a>
M5,100,-0.760000,-0.788000,0.455074,0.086347,0.674960,0.700675,0.059862,0.021482,0.020703,0.005215,0.067694,0.024736,-0.814224,-0.810643,6.260000,0.000000,0.000000,-0.046991,-0.019520,-1,<abcdeaa>
M5,500,-0.200000,-0.415200,2.319536,2.176817,0.206055,0.222790,0.227880,0.244516,0.189745,0.202382,0.235507,0.252943,-0.554879,-0.539703,26.540000,0.000000,0.000000,-0.045761,-0.050560,-1,<abcdeabbdeabcddagceeabcddad>
M6,0,-0.960000,-0.960000,0.000000,0.000000,0.963445,0.963120,0.000130,0.000115,0.000000,0.000000,0.000156,0.000138,-0.960697,-0.960700,1.000000,0.000000,0.000000,-0.000156,-0.000138,-1,<a>
M6,100,-0.760000,-0.788000,0.505914,0.086531,0.674165,0.699535,0.064394,0.021465,0.022911,0.005282,0.072691,0.024702,-0.814237,-0.810655,6.260000,0.000000,0.000000,-0.049779,-0.019420,-1,<abcdeaa>
M6,500,-0.200000,-0.415200,2.323103,2.176293,0.204380,0.221005,0.228182,0.243574,0.190142,0.201462,0.235790,0.251997,-0.555008,-0.540457,26.540000,0.000000,0.000000,-0.045648,-0.050535,-1,<abcdeabbdeabcddagceeabcddad>
M7,0,-0.960000,-0.960000,0.000000,0.000000,0.963370,0.963395,0.000092,0.000099,0.000000,0.000000,0.000111,0.000119,-0.960677,-0.960696,1.000000,0.000000,0.000000,-0.000111,-0.000119,-1,<a>
M7,100,-0.760000,-0.788000,0.465561,0.089333,0.674425,0.699580,0.061606,0.021443,0.020325,0.005256,0.069863,0.024680,-0.814437,-0.810590,6.260000,0.000000,0.000000,-0.049538,-0.019424,-1,<abcdeaa>
M7,500,-0.200000,-0.415200,2.319319,2.177819,0.206215,0.221680,0.227514,0.244509,0.189259,0.202414,0.235165,0.252928,-0.554935,-0.540368,26.540000,0.000000,0.000000,-0.045906,-0.050514,-1,<abcdeabbdeabcddagceeabcddad>
M8,0,-0.960000,-0.960000,0.000000,0.000000,0.963540,0.963610,0.000123,0.000157,0.000000,0.000000,0.000148,0.000189,-0.960689,-0.960697,1.000000,0.000000,0.000000,-0.000148,-0.000189,-1,<a>
M8,100,-0.760000,-0.788000,0.481718,0.086561,0.676085,0.699715,0.062705,0.021642,0.022481,0.005310,0.070750,0.024908,-0.814165,-0.810684,6.260000,0.000000,0.000000,-0.048270,-0.019598,-1,<abcdeaa>
M8,500,-0.200000,-0.415200,2.316384,2.177800,0.205970,0.221620,0.227616,0.244661,0.189586,0.202538,0.235222,0.253085,-0.554996,-0.540575,26.540000,0.000000,0.000000,-0.045636,-0.050547,-1,<abcdeabbdeabcddagceeabcddad>
M9,0,-0.960000,-0.960000,0.000000,0.000000,0.962960,0.963405,0.000134,0.000106,0.000000,0.000000,0.000161,0.000127,-0.960697,-0.960673,1.000000,0.000000,0.000000,-0.000161,-0.000127,-1,<a>
M9,100,-0.760000,-0.788000,0.472105,0.092153,0.674320,0.699830,0.061451,0.021836,0.020884,0.005470,0.069564,0.025110,-0.814377,-0.810909,6.260000,0.000000,0.000000,-0.048680,-0.019639,-1,<abcdeaa>
M9,500,-0.200000,-0.415200,2.317021,2.173474,0.206190,0.224390,0.227465,0.244333,0.189343,0.202364,0.235090,0.252726,-0.554510,-0.539147,26.540000,0.000000,0.000000,-0.045746,-0.050363,-1,<abcdeabbdeabcddagceeabcddad>
