N1,0,-0.960000,-0.960000,0.000000,0.000000,0.963075,0.963865,0.000095,0.000115,0.000000,0.000000,0.000113,0.000138,-0.960718,-0.960672,1.000000,0.000000,0.000000,-0.000113,-0.000138,-1,<a>
N1,100,-0.000000,-0.246400,3.054287,3.071385,0.441655,0.450215,0.417346,0.434318,0.423436,0.447627,0.416128,0.431656,-0.425901,-0.419200,14.660000,1.040000,0.970000,0.007309,0.015971,13,<bbbbbcc> b:abcde
N1,500,-0.000000,-0.252800,3.061328,3.063305,0.163615,0.168130,0.363128,0.373124,0.372025,0.383378,0.361348,0.371073,-0.429412,-0.424535,34.050000,2.350000,2.310000,0.010677,0.012304,23,<bbbbbehgfhedfch> c:c b:abcde
N10,0,-0.960000,-0.960000,0.000000,0.000000,0.963045,0.963120,0.000093,0.000099,0.000000,0.000000,0.000112,0.000118,-0.960700,-0.960684,1.000000,0.000000,0.000000,-0.000112,-0.000118,-1,<a>
N10,100,-0.000000,-0.246400,3.052616,3.072232,0.439160,0.449660,0.414997,0.433702,0.421440,0.446559,0.413708,0.431131,-0.428259,-0.420449,14.660000,1.040000,0.970000,0.007732,0.015428,13,<bbbbbcc> b:abcde
N10,500,-0.000000,-0.252800,3.059006,3.066445,0.163530,0.166610,0.362422,0.373787,0.371593,0.383654,0.360588,0.371814,-0.428540,-0.425089,34.050000,2.350000,2.310000,0.011005,0.011839,23,<bbbbbehgfhedfch> c:c b:abcde
N11,0,-0.960000,-0.960000,0.000000,0.000000,0.963180,0.962495,0.000092,0.000096,0.000000,0.000000,0.000110,0.000115,-0.960676,-0.960705,1.000000,0.000000,0.000000,-0.000110,-0.000115,-1,<a>
N11,100,-0.000000,-0.246400,3.048336,3.080693,0.441405,0.450420,0.414485,0.434919,0.420924,0.448798,0.413197,0.432143,-0.427222,-0.419902,14.660000,1.040000,0.970000,0.007727,0.016654,13,<bbbbbcc> b:abcde
N11,500,-0.000000,-0.252800,3.064105,3.061392,0.163395,0.167190,0.365009,0.372429,0.374423,0.382579,0.363126,0.370399,-0.428058,-0.424599,34.050000,2.350000,2.310000,0.011297,0.012180,23,<bbbbbehgfhedfch> c:c b:abcde
N12,0,-0.960000,-0.960000,0.000000,0.000000,0.962810,0.963680,0.000104,0.000099,0.000000,0.000000,0.000125,0.000118,-0.960704,-0.960687,1.000000,0.000000,0.000000,-0.000125,-0.000118,-1,<a>
N12,100,-0.000000,-0.246400,3.052675,3.065364,0.440880,0.451430,0.415845,0.433558,0.421862,0.446900,0.414642,0.430890,-0.426824,-0.420079,14.660000,1.040000,0.970000,0.007220,0.016010,13,<bbbbbcc> b:abcde
N12,500,-0.000000,-0.252800,3.061464,3.060924,0.162700,0.167910,0.362290,0.372460,0.370969,0.382948,0.360554,0.370362,-0.429781,-0.424960,34.050000,2.350000,2.310000,0.010415,0.012586,23,<bbbbbehgfhedfch> c:c b:abcde
N13,0,-0.960000,-0.960000,0.000000,0.000000,0.963540,0.963625,0.000108,0.000097,0.000000,0.000000,0.000130,0.000116,-0.960688,-0.960683,1.000000,0.000000,0.000000,-0.000130,-0.000116,-1,<a>
N13,100,-0.000000,-0.246400,3.044917,3.069988,0.441125,0.451275,0.414498,0.433669,0.420002,0.446497,0.413397,0.431103,-0.425757,-0.419652,14.660000,1.040000,0.970000,0.006605,0.015394,13,<bbbbbcc> b:abcde
N13,500,-0.000000,-0.252800,3.064784,3.064147,0.164190,0.167960,0.364041,0.373379,0.372192,0.382969,0.362411,0.371461,-0.429196,-0.424338,34.050000,2.350000,2.310000,0.009780,0.011508,23,<bbbbbehgfhedfch> c:c b:abcde
N14,0,-0.960000,-0.960000,0.000000,0.000000,0.964085,0.962740,0.000101,0.000097,0.000000,0.000000,0.000121,0.000117,-0.960666,-0.960693,1.000000,0.000000,0.000000,-0.000121,-0.000117,-1,<a>
N14,100,-0.000000,-0.246400,3.052903,3.068714,0.441170,0.453555,0.416114,0.434003,0.422478,0.447608,0.414841,0.431282,-0.425578,-0.419252,14.660000,1.040000,0.970000,0.007637,0.016325,13,<bbbbbcc> b:abcde
N14,500,-0.000000,-0.252800,3.062216,3.060000,0.163075,0.168370,0.362869,0.372677,0.371800,0.382091,0.361083,0.370795,-0.430167,-0.423732,34.050000,2.350000,2.310000,0.010717,0.011296,23,<bbbbbehgfhedfch> c:c b:abcde
N15,0,-0.960000,-0.960000,0.000000,0.000000,0.963555,0.963030,0.000114,0.000110,0.000000,0.000000,0.000137,0.000132,-0.960680,-0.960701,1.000000,0.000000,0.000000,-0.000137,-0.000132,-1,<a>
N15,100,-0.000000,-0.246400,3.058765,3.064652,0.438600,0.450810,0.416675,0.432743,0.424059,0.445498,0.415198,0.430192,-0.426675,-0.420172,14.660000,1.040000,0.970000,0.008861,0.015306,13,<bbbbbcc> b:abcde
N15,500,-0.000000,-0.252800,3.061641,3.062211,0.162490,0.169185,0.363836,0.373290,0.371946,0.383403,0.362214,0.371267,-0.429998,-0.424391,34.050000,2.350000,2.310000,0.009732,0.012135,23,<bbbbbehgfhedfch> c:c b:abcde
N16,0,-0.960000,-0.960000,0.000000,0.000000,0.963705,0.963465,0.000110,0.000098,0.000000,0.000000,0.000132,0.000117,-0.960665,-0.960686,1.000000,0.000000,0.000000,-0.000132,-0.000117,-1,<a>
N16,100,-0.000000,-0.246400,3.043638,3.066664,0.440505,0.451720,0.415815,0.433814,0.423030,0.447296,0.414372,0.431118,-0.425915,-0.418931,14.660000,1.040000,0.970000,0.008657,0.016178,13,<bbbbbcc> b:abcde
N16,500,-0.000000,-0.252800,3.062950,3.063783,0.163190,0.167325,0.362850,0.372731,0.371277,0.382704,0.361164,0.370737,-0.430863,-0.424845,34.050000,2.350000,2.310000,0.010113,0.011967,23,<bbbbbehgfhedfch> c:c b:abcde
N17,0,-0.960000,-0.960000,0.000000,0.000000,0.963370,0.963380,0.000136,0.000095,0.000000,0.000000,0.000163,0.000114,-0.960686,-0.960694,1.000000,0.000000,0.000000,-0.000163,-0.000114,-1,<a>
N17,100,-0.000000,-0.246400,3.054783,3.061729,0.441155,0.450410,0.416231,0.432272,0.423103,0.446091,0.414856,0.429508,-0.425767,-0.420026,14.660000,1.040000,0.970000,0.008247,0.016583,13,<bbbbbcc> b:abcde
N17,500,-0.000000,-0.252800,3.061028,3.066345,0.162125,0.166195,0.362329,0.374044,0.371118,0.383484,0.360571,0.372156,-0.431002,-0.425199,34.050000,2.350000,2.310000,0.010547,0.011327,23,<bbbbbehgfhedfch> c:c b:abcde
N18,0,-0.960000,-0.960000,0.000000,0.000000,0.963435,0.963075,0.000122,0.000140,0.000000,0.000000,0.000147,0.000168,-0.960687,-0.960691,1.000000,0.000000,0.000000,-0.000147,-0.000168,-1,<a>
N18,100,-0.000000,-0.246400,3.053491,3.065779,0.440030,0.450430,0.415206,0.433395,0.422500,0.446030,0.413748,0.430869,-0.426112,-0.419612,14.660000,1.040000,0.970000,0.008752,0.015162,13,<bbbbbcc> b:abcde
N18,500,-0.000000,-0.252800,3.060916,3.060187,0.162360,0.168605,0.362343,0.373755,0.370426,0.382243,0.360727,0.372058,-0.430234,-0.424151,34.050000,2.350000,2.310000,0.009699,0.010185,23,<bbbbbehgfhedfch> c:c b:abcde
N19,0,-0.960000,-0.960000,0.000000,0.000000,0.963635,0.963840,0.000118,0.000108,0.000000,0.000000,0.000142,0.000129,-0.960697,-0.960684,1.000000,0.000000,0.000000,-0.000142,-0.000129,-1,<a>
N19,100,-0.000000,-0.246400,3.051111,3.064922,0.439950,0.452940,0.414366,0.431566,0.421201,0.444861,0.413000,0.428907,-0.426589,-0.418629,14.660000,1.040000,0.970000,0.008201,0.015954,13,<bbbbbcc> b:abcde
N19,500,-0.000000,-0.252800,3.061595,3.064993,0.163115,0.167995,0.363642,0.373159,0.371927,0.383110,0.361985,0.371168,-0.428437,-0.423743,34.050000,2.350000,2.310000,0.009942,0.011941,23,<bbbbbehgfhedfch> c:c b:abcde
N2,0,-0.960000,-0.960000,0.000000,0.000000,0.963050,0.963800,0.000088,0.000096,0.000000,0.000000,0.000106,0.000115,-0.960688,-0.960676,1.000000,0.000000,0.000000,-0.000106,-0.000115,-1,<a>
N2,100,-0.000000,-0.246400,3.049996,3.071005,0.440935,0.449710,0.414992,0.433855,0.420739,0.447424,0.413843,0.431141,-0.426790,-0.419414,14.660000,1.040000,0.970000,0.006896,0.016283,13,<bbbbbcc> b:abcde
N2,500,-0.000000,-0.252800,3.061125,3.062033,0.163415,0.166440,0.363957,0.372611,0.372412,0.382081,0.362266,0.370716,-0.428565,-0.424812,34.050000,2.350000,2.310000,0.010146,0.011364,23,<bbbbbehgfhedfch> c:c b:abcde
N20,0,-0.960000,-0.960000,0.000000,0.000000,0.963165,0.963375,0.000082,0.000079,0.000000,0.000000,0.000099,0.000095,-0.960687,-0.960685,1.000000,0.000000,0.000000,-0.000099,-0.000095,-1,<a>
N20,100,-0.000000,-0.246400,3.045700,3.072100,0.440510,0.450925,0.416667,0.434366,0.422849,0.447031,0.415430,0.431833,-0.425228,-0.419726,14.660000,1.040000,0.970000,0.007418,0.015198,13,<bbbbbcc> b:abcde
N20,500,-0.000000,-0.252800,3.058651,3.063093,0.163720,0.167480,0.363494,0.373356,0.371819,0.382855,0.361829,0.371456,-0.429155,-0.424543,34.050000,2.350000,2.310000,0.009990,0.011399,23,<bbbbbehgfhedfch> c:c b:abcde
N3,0,-0.960000,-0.960000,0.000000,0.000000,0.963865,0.963950,0.000088,0.000103,0.000000,0.000000,0.000105,0.000124,-0.960679,-0.960684,1.000000,0.000000,0.000000,-0.000105,-0.000124,-1,<a>
N3,100,-0.000000,-0.246400,3.048215,3.070533,0.440210,0.449340,0.415777,0.431738,0.422722,0.444773,0.414388,0.429131,-0.424591,-0.420407,14.660000,1.040000,0.970000,0.008334,0.015642,13,<bbbbbcc> b:abcde
N3,500,-0.000000,-0.252800,3.061597,3.063054,0.163100,0.167415,0.363929,0.373610,0.371611,0.383015,0.362393,0.371729,-0.431010,-0.425395,34.050000,2.350000,2.310000,0.009218,0.011286,23,<bbbbbehgfhedfch> c:c b:abcde
N4,0,-0.960000,-0.960000,0.000000,0.000000,0.963110,0.963770,0.000099,0.000104,0.000000,0.000000,0.000118,0.000124,-0.960704,-0.960692,1.000000,0.000000,0.000000,-0.000118,-0.000124,-1,<a>
N4,100,-0.000000,-0.246400,3.054430,3.068311,0.441465,0.450765,0.414961,0.433358,0.422327,0.447563,0.413488,0.430517,-0.426241,-0.418609,14.660000,1.040000,0.970000,0.008839,0.017046,13,<bbbbbcc> b:abcde
N4,500,-0.000000,-0.252800,3.061824,3.065178,0.163825,0.167135,0.362328,0.373551,0.371731,0.382954,0.360448,0.371670,-0.429444,-0.424643,34.050000,2.350000,2.310000,0.011283,0.011283,23,<bbbbbehgfhedfch> c:c b:abcde
N5,0,-0.960000,-0.960000,0.000000,0.000000,0.963600,0.963585,0.000090,0.000104,0.000000,0.000000,0.000108,0.000125,-0.960680,-0.960690,1.000000,0.000000,0.000000,-0.000108,-0.000125,-1,<a>
N5,100,-0.000000,-0.246400,3.051160,3.069610,0.440750,0.450415,0.416246,0.433206,0.422666,0.446475,0.414962,0.430552,-0.426641,-0.419386,14.660000,1.040000,0.970000,0.007704,0.015923,13,<bbbbbcc> b:abcde
N5,500,-0.000000,-0.252800,3.062230,3.064854,0.164010,0.167310,0.362707,0.373456,0.371379,0.383327,0.360973,0.371482,-0.430115,-0.425086,34.050000,2.350000,2.310000,0.010407,0.011845,23,<bbbbbehgfhedfch> c:c b:abcde
N6,0,-0.960000,-0.960000,0.000000,0.000000,0.963445,0.963120,0.000130,0.000115,0.000000,0.000000,0.000156,0.000138,-0.960697,-0.960700,1.000000,0.000000,0.000000,-0.000156,-0.000138,-1,<a>
N6,100,-0.000000,-0.246400,3.058247,3.064980,0.441400,0.450475,0.417462,0.431897,0.424967,0.444200,0.415961,0.429436,-0.424439,-0.420426,14.660000,1.040000,0.970000,0.009006,0.014764,13,<bbbbbcc> b:abcde
N6,500,-0.000000,-0.252800,3.061393,3.065844,0.163275,0.167065,0.363063,0.373394,0.371451,0.384047,0.361386,0.371263,-0.429820,-0.424888,34.050000,2.350000,2.310000,0.010065,0.012784,23,<bbbbbehgfhedfch> c:c b:abcde
N7,0,-0.960000,-0.960000,0.000000,0.000000,0.963370,0.963395,0.000092,0.000099,0.000000,0.000000,0.000111,0.000119,-0.960677,-0.960696,1.000000,0.000000,0.000000,-0.000111,-0.000119,-1,<a>
N7,100,-0.000000,-0.246400,3.055471,3.075800,0.441085,0.450950,0.416803,0.436033,0.424732,0.448929,0.415217,0.433454,-0.424374,-0.419434,14.660000,1.040000,0.970000,0.009514,0.015475,13,<bbbbbcc> b:abcde
N7,500,-0.000000,-0.252800,3.068039,3.059488,0.163580,0.167935,0.364579,0.372630,0.373412,0.382708,0.362813,0.370614,-0.429627,-0.425239,34.050000,2.350000,2.310000,0.010599,0.012094,23,<bbbbbehgfhedfch> c:c b:abcde
N8,0,-0.960000,-0.960000,0.000000,0.000000,0.963540,0.963610,0.000123,0.000157,0.000000,0.000000,0.000148,0.000189,-0.960689,-0.960697,1.000000,0.000000,0.000000,-0.000148,-0.000189,-1,<a>
N8,100,-0.000000,-0.246400,3.050732,3.066462,0.442325,0.450235,0.414927,0.432757,0.423054,0.446026,0.413302,0.430103,-0.425732,-0.419639,14.660000,1.040000,0.970000,0.009752,0.015923,13,<bbbbbcc> b:abcde
N8,500,-0.000000,-0.252800,3.060920,3.061084,0.163155,0.166145,0.363118,0.371690,0.371426,0.382113,0.361456,0.369605,-0.430324,-0.424591,34.050000,2.350000,2.310000,0.009970,0.012509,23,<bbbbbehgfhedfch> c:c b:abcde
N9,0,-0.960000,-0.960000,0.000000,0.000000,0.962960,0.963405,0.000134,0.000106,0.000000,0.000000,0.000161,0.000127,-0.960697,-0.960673,1.000000,0.000000,0.000000,-0.000161,-0.000127,-1,<a>
N9,100,-0.000000,-0.246400,3.049290,3.070599,0.440805,0.450960,0.414672,0.433893,0.421114,0.446403,0.413383,0.431391,-0.425683,-0.420176,14.660000,1.040000,0.970000,0.007731,0.015011,13,<bbbbbcc> b:abcde
N9,500,-0.000000,-0.252800,3.060290,3.066014,0.162240,0.167700,0.363282,0.374174,0.371822,0.384220,0.361574,0.372165,-0.429000,-0.424265,34.050000,2.350000,2.310000,0.010248,0.012055,23,<bbbbbehgfhedfch> c:c b:abcde
