specimen,arm_time,arm,"recorded(abs,M64)",abs(mine),REL(mine),normal,n_lo99,swap,s_lo99,s_hi99,z
W-L n1_s0,back0,S,CHANCE,FLIP,FLIP_REL,0.656,0.636,0.351,0.332,0.37,-0.95
W-L n1_s0,back0,site_all,CHANCE,FLIP,FLIP_REL,0.656,0.636,0.351,0.332,0.37,-0.95
W-L n1_s0,back0,channel_all,NO-EFFECT,NO-EFFECT,NO_EFFECT_REL,0.656,0.636,0.656,0.636,0.676,1.0
W-L n1_s0,back0,inbox,NO-EFFECT,NO-EFFECT,NO_EFFECT_REL,0.656,0.636,0.656,0.636,0.676,1.0
W-L n1_s0,back0,Kp,NO-EFFECT,NO-EFFECT,NO_EFFECT_REL,0.656,0.636,0.656,0.636,0.676,1.0
W-L n1_s3,back0,S,CHANCE,FLIP,FLIP_REL,0.717,0.701,0.284,0.267,0.302,-1.0
W-L n1_s3,back0,site_all,CHANCE,FLIP,FLIP_REL,0.717,0.701,0.284,0.267,0.302,-1.0
W-L n1_s3,back0,channel_all,NO-EFFECT,NO-EFFECT,NO_EFFECT_REL,0.717,0.701,0.717,0.701,0.731,1.0
W-L n1_s3,back0,inbox,NO-EFFECT,NO-EFFECT,NO_EFFECT_REL,0.717,0.701,0.717,0.701,0.731,1.0
W-L n1_s3,back0,Kp,NO-EFFECT,NO-EFFECT,NO_EFFECT_REL,0.717,0.701,0.717,0.701,0.731,1.0
W-L n2_s1,back0,S,CHANCE,FLIP,FLIP_REL,0.645,0.624,0.352,0.328,0.376,-1.02
W-L n2_s1,back0,site_all,CHANCE,FLIP,FLIP_REL,0.645,0.624,0.352,0.327,0.376,-1.02
W-L n2_s1,back0,channel_all,NO-EFFECT,NO-EFFECT,NO_EFFECT_REL,0.645,0.624,0.645,0.624,0.665,1.0
W-L n2_s1,back0,inbox,NO-EFFECT,NO-EFFECT,NO_EFFECT_REL,0.645,0.624,0.645,0.624,0.666,1.0
W-L n2_s1,back0,Kp,NO-EFFECT,NO-EFFECT,NO_EFFECT_REL,0.645,0.624,0.645,0.624,0.666,1.0
W-L n2_s1,back1,S,CHANCE,FLIP,FLIP_REL,0.645,0.624,0.351,0.331,0.371,-1.02
W-L n2_s1,back1,site_all,CHANCE,FLIP,FLIP_REL,0.645,0.624,0.351,0.331,0.371,-1.02
W-L n2_s1,back1,channel_all,NO-EFFECT,NO-EFFECT,NO_EFFECT_REL,0.645,0.624,0.645,0.624,0.665,1.0
W-L n2_s1,back1,inbox,NO-EFFECT,NO-EFFECT,NO_EFFECT_REL,0.645,0.624,0.645,0.624,0.666,1.0
W-L n2_s1,back1,Kp,NO-EFFECT,NO-EFFECT,NO_EFFECT_REL,0.645,0.624,0.645,0.624,0.666,1.0
W-L n2_s2,back0,S,CHANCE,FLIP,FLIP_REL,0.641,0.62,0.35,0.327,0.374,-1.06
W-L n2_s2,back0,site_all,CHANCE,FLIP,FLIP_REL,0.641,0.62,0.35,0.327,0.374,-1.06
W-L n2_s2,back0,channel_all,NO-EFFECT,NO-EFFECT,NO_EFFECT_REL,0.641,0.62,0.641,0.62,0.66,1.0
W-L n2_s2,back0,inbox,NO-EFFECT,NO-EFFECT,NO_EFFECT_REL,0.641,0.62,0.641,0.62,0.66,1.0
W-L n2_s2,back0,Kp,NO-EFFECT,NO-EFFECT,NO_EFFECT_REL,0.641,0.62,0.641,0.62,0.66,1.0
W-L n2_s2,back1,S,CHANCE,FLIP,FLIP_REL,0.641,0.62,0.353,0.333,0.372,-1.05
W-L n2_s2,back1,site_all,CHANCE,FLIP,FLIP_REL,0.641,0.62,0.353,0.333,0.372,-1.05
W-L n2_s2,back1,channel_all,NO-EFFECT,NO-EFFECT,NO_EFFECT_REL,0.641,0.62,0.641,0.62,0.66,1.0
W-L n2_s2,back1,inbox,NO-EFFECT,NO-EFFECT,NO_EFFECT_REL,0.641,0.62,0.641,0.62,0.66,1.0
W-L n2_s2,back1,Kp,NO-EFFECT,NO-EFFECT,NO_EFFECT_REL,0.641,0.62,0.641,0.62,0.66,1.0
W-L n1_s2,back0,S,CHANCE,FLIP,FLIP_REL,0.64,0.622,0.349,0.331,0.37,-1.08
W-L n1_s2,back0,site_all,CHANCE,FLIP,FLIP_REL,0.64,0.622,0.349,0.331,0.369,-1.08
W-L n1_s2,back0,channel_all,NO-EFFECT,NO-EFFECT,NO_EFFECT_REL,0.64,0.622,0.638,0.619,0.655,0.98
W-L n1_s2,back0,inbox,NO-EFFECT,NO-EFFECT,NO_EFFECT_REL,0.64,0.622,0.64,0.622,0.657,1.0
W-L n1_s2,back0,Kp,NO-EFFECT,NO-EFFECT,NO_EFFECT_REL,0.64,0.622,0.64,0.622,0.658,1.0
C1 0187372b HOLD,mid,site_all,CHANCE,FLIP,FLIP_REL,0.722,0.68,0.268,0.23,0.308,-1.04
C1 0187372b HOLD,mid,channel_all,NO-EFFECT,NO-EFFECT,NO_EFFECT_REL,0.722,0.68,0.73,0.69,0.769,1.04
C1 0187372b HOLD,mid,joint,CHANCE,FLIP,FLIP_REL,0.722,0.68,0.276,0.236,0.32,-1.01
C1 0187372b HOLD,late,site_all,FLIP,FLIP,FLIP_REL,0.722,0.68,0.274,0.235,0.315,-1.02
C1 0187372b HOLD,late,channel_all,NO-EFFECT,NO-EFFECT,NO_EFFECT_REL,0.722,0.68,0.726,0.685,0.765,1.02
C1 0187372b HOLD,mid_every,site_all,CHANCE,FLIP,FLIP_REL,0.722,0.68,0.271,0.233,0.311,-1.03
C1 0187372b HOLD,mid_every,channel_all,NO-EFFECT,NO-EFFECT,NO_EFFECT_REL,0.722,0.68,0.728,0.686,0.768,1.03
C1 0187372b HOLD,mid_every,joint,CHANCE,FLIP,FLIP_REL,0.722,0.68,0.274,0.235,0.315,-1.02
C1 11f3ac85 HOLD,mid,site_all,CHANCE,FLIP,FLIP_REL,0.648,0.635,0.353,0.34,0.364,-0.99
C1 11f3ac85 HOLD,mid,channel_all,NO-EFFECT,NO-EFFECT,NO_EFFECT_REL,0.648,0.635,0.648,0.635,0.661,1.0
C1 11f3ac85 HOLD,mid,joint,CHANCE,FLIP,FLIP_REL,0.648,0.635,0.353,0.34,0.364,-0.99
C1 11f3ac85 HOLD,late,site_all,FLIP,FLIP,FLIP_REL,0.648,0.635,0.352,0.339,0.365,-1.0
C1 11f3ac85 HOLD,late,channel_all,NO-EFFECT,NO-EFFECT,NO_EFFECT_REL,0.648,0.635,0.648,0.635,0.661,1.0
C1 11f3ac85 HOLD,mid_every,site_all,CHANCE,FLIP,FLIP_REL,0.648,0.635,0.345,0.333,0.357,-1.04
C1 11f3ac85 HOLD,mid_every,channel_all,NO-EFFECT,NO-EFFECT,NO_EFFECT_REL,0.648,0.635,0.648,0.635,0.661,1.0
C1 11f3ac85 HOLD,mid_every,joint,CHANCE,FLIP,FLIP_REL,0.648,0.635,0.345,0.333,0.357,-1.04
C1 83d9d7b5 HOLD,mid,site_all,CHANCE,FLIP,FLIP_REL,0.642,0.625,0.358,0.341,0.375,-1.0
C1 83d9d7b5 HOLD,mid,channel_all,NO-EFFECT,NO-EFFECT,NO_EFFECT_REL,0.642,0.625,0.642,0.625,0.659,1.0
C1 83d9d7b5 HOLD,mid,joint,CHANCE,FLIP,FLIP_REL,0.642,0.625,0.358,0.341,0.375,-1.0
C1 83d9d7b5 HOLD,late,site_all,CHANCE,FLIP,FLIP_REL,0.642,0.625,0.358,0.341,0.375,-1.0
C1 83d9d7b5 HOLD,late,channel_all,NO-EFFECT,NO-EFFECT,NO_EFFECT_REL,0.642,0.625,0.642,0.625,0.659,1.0
C1 83d9d7b5 HOLD,mid_every,site_all,CHANCE,FLIP,FLIP_REL,0.642,0.625,0.358,0.341,0.375,-1.0
C1 83d9d7b5 HOLD,mid_every,channel_all,NO-EFFECT,NO-EFFECT,NO_EFFECT_REL,0.642,0.625,0.642,0.625,0.659,1.0
C1 83d9d7b5 HOLD,mid_every,joint,CHANCE,FLIP,FLIP_REL,0.642,0.625,0.356,0.34,0.374,-1.01
C1 42716814 RELAY,mid,site_all,CHANCE,CHANCE,CHANCE_REL,0.63,0.614,0.452,0.437,0.466,-0.37
C1 42716814 RELAY,mid,channel_all,CHANCE,CHANCE,CHANCE_REL,0.63,0.614,0.548,0.534,0.563,0.37
C1 42716814 RELAY,mid,joint,CHANCE,FLIP,FLIP_REL,0.63,0.614,0.37,0.355,0.386,-1.0
C1 42716814 RELAY,late,site_all,CHANCE,FLIP,FLIP_REL,0.63,0.614,0.37,0.355,0.386,-1.0
C1 42716814 RELAY,late,channel_all,NO-EFFECT,NO-EFFECT,NO_EFFECT_REL,0.63,0.614,0.63,0.614,0.645,1.0
C1 42716814 RELAY,mid_every,site_all,CHANCE,CHANCE,CHANCE_REL,0.63,0.614,0.472,0.46,0.484,-0.21
C1 42716814 RELAY,mid_every,channel_all,CHANCE,CHANCE,CHANCE_REL,0.63,0.614,0.539,0.525,0.552,0.3
C1 42716814 RELAY,mid_every,joint,CHANCE,FLIP,FLIP_REL,0.63,0.614,0.364,0.35,0.38,-1.05
C1 d3c0d182 RELAY,mid,site_all,CHANCE,CHANCE,INDETERMINATE,0.615,0.61,0.446,0.44,0.452,-0.47
C1 d3c0d182 RELAY,mid,channel_all,CHANCE,CHANCE,INDETERMINATE,0.615,0.61,0.554,0.548,0.56,0.47
C1 d3c0d182 RELAY,mid,joint,CHANCE,FLIP,FLIP_REL,0.615,0.61,0.385,0.38,0.39,-1.0
C1 d3c0d182 RELAY,late,site_all,CHANCE,CHANCE,INDETERMINATE,0.615,0.61,0.442,0.435,0.448,-0.51
C1 d3c0d182 RELAY,late,channel_all,CHANCE,CHANCE,INDETERMINATE,0.615,0.61,0.558,0.552,0.565,0.51
C1 d3c0d182 RELAY,mid_every,site_all,CHANCE,CHANCE,INDETERMINATE,0.615,0.61,0.442,0.436,0.448,-0.51
C1 d3c0d182 RELAY,mid_every,channel_all,CHANCE,CHANCE,INDETERMINATE,0.615,0.61,0.554,0.548,0.56,0.47
C1 d3c0d182 RELAY,mid_every,joint,CHANCE,FLIP,FLIP_REL,0.615,0.61,0.384,0.378,0.389,-1.01
