1	2017	----	article	James A. Shapiro	Living Organisms Author Their Read-Write Genomes in Evolution	Biology	https://doi.org/10.3390/biology6040042	https://openalex.org/W2774083912
2	2017	----	article	Adi Livnat	Simplification, Innateness, and the Absorption of Meaning from Context: How Novelty Arises from Gradual Network Evolution	Evolutionary Biology	https://doi.org/10.1007/s11692-017-9407-x	https://openalex.org/W2417818445
3	2017	----	article	Steven A. Frank	Puzzles in modern biology. V. Why are genomes overwired?	F1000Research	https://doi.org/10.12688/f1000research.11911.2	https://openalex.org/W4241577522
4	2017	----	article	Steven A. Frank	Puzzles in modern biology. V. Why are genomes overwired?	F1000Research	https://doi.org/10.12688/f1000research.11911.1	https://openalex.org/W2625341159
5	2017	----	book-chapter	Anton Crombach	Modelling the Evolution of Dynamic Regulatory Networks: Some Critical Insights	n/a	https://doi.org/10.1007/978-3-319-61569-1_14	https://openalex.org/W2744839322
6	2017	----	preprint	Marc Lanctot; Vinícius Zambaldi; Audrūnas Gruslys; Angeliki Lazaridou; Karl Tuyls	A Unified Game-Theoretic Approach to Multiagent Reinforcement Learning	arXiv (Cornell University)	https://doi.org/10.48550/arxiv.1711.00832	https://openalex.org/W2750605955
7	2018	SELF	article	Tobias Uller; Armin P. Moczek; Richard A. Watson; Paul M. Brakefield; Kevin N. Laland	Developmental Bias and Evolution: A Regulatory Network Perspective	Genetics	https://doi.org/10.1534/genetics.118.300995	https://openalex.org/W2884105770
8	2018	----	article	Bruno César Feltes; Bruno Iochins Grisci; Joice de Faria Poloni; Márcio Dorn	Perspectives and applications of machine learning for evolutionary developmental biology	Molecular Omics	https://doi.org/10.1039/c8mo00111a	https://openalex.org/W2885902443
9	2018	----	conference-paper	Matthew Andres Moreno; Wolfgang Banzhaf; Charles Ofria	Learning an evolvable genotype-phenotype mapping	Proceedings of the Genetic and Evolutionary Computation Conference	https://doi.org/10.1145/3205455.3205597	https://openalex.org/W2789113920
10	2018	SELF	preprint	Joel Lehman; Clune, Jeff; Dusan Misevic; Christoph Adami; Lee Altenberg	The Surprising Creativity of Digital Evolution: A Collection of Anecdotes from the Evolutionary Computation and Artificial Life Research Communities	arXiv (Cornell University)		https://openalex.org/W2792012198
11	2018	SELF	preprint	Alfredo Rago; Kostas Kouvaris; Tobias Uller; Richard A. Watson	How adaptive plasticity evolves when selected against	bioRxiv (Cold Spring Harbor Laboratory)	https://doi.org/10.1101/339622	https://openalex.org/W2806718040
12	2018	----	preprint	Dániel Czégel; István Zachar; Eörs Szathmáry	Major evolutionary transitions as Bayesian structure learning	bioRxiv (Cold Spring Harbor Laboratory)	https://doi.org/10.1101/359596	https://openalex.org/W2810850611
13	2019	----	article	Michael Levin	The Computational Boundary of a “Self”: Developmental Bioelectricity Drives Multicellularity and Scale-Free Cognition	Frontiers in Psychology	https://doi.org/10.3389/fpsyg.2019.02688	https://openalex.org/W2988114478
14	2019	----	article	Daniel W. A. Noble; Reinder Radersma; Tobias Uller	Plastic responses to novel environments are biased towards phenotype dimensions with high additive genetic variation	Proceedings of the National Academy of Sciences	https://doi.org/10.1073/pnas.1821066116	https://openalex.org/W2950853082
15	2019	----	article	Santosh Manicka; Michael Levin	The Cognitive Lens: a primer on conceptual tools for analysing information processing in developmental and regenerative morphogenesis	Philosophical Transactions of the Royal Society B Biological Sciences	https://doi.org/10.1098/rstb.2018.0369	https://openalex.org/W2936386944
16	2019	----	article	Nicholas A. Levis; David W. Pfennig	Plasticity‐led evolution: A survey of developmental mechanisms and empirical tests	Evolution & Development	https://doi.org/10.1111/ede.12309	https://openalex.org/W2970764617
17	2019	----	article	Daniel Nichol; Mark Robertson‐Tessi; Alexander R.A. Anderson; Peter Jeavons	Model genotype–phenotype mappings and the algorithmic structure of evolution	Journal of The Royal Society Interface	https://doi.org/10.1098/rsif.2019.0332	https://openalex.org/W2984434787
18	2019	----	article	Tim Lewens	The Extended Evolutionary Synthesis: what is the debate about, and what might success for the extenders look like?	Biological Journal of the Linnean Society	https://doi.org/10.1093/biolinnean/blz064	https://openalex.org/W2944939376
19	2019	----	article	Andrew Buskell	Reciprocal Causation and the Extended Evolutionary Synthesis	Biological Theory	https://doi.org/10.1007/s13752-019-00325-7	https://openalex.org/W2969889087
20	2019	SELF	article	Alfredo Rago; Kostas Kouvaris; Tobias Uller; Richard A. Watson	How adaptive plasticity evolves when selected against	PLoS Computational Biology	https://doi.org/10.1371/journal.pcbi.1006260	https://openalex.org/W2951903314
21	2019	----	article	Dániel Czégel; István Zachar; Eörs Szathmáry	Multilevel selection as Bayesian inference, major transitions in individuality as structure learning	Royal Society Open Science	https://doi.org/10.1098/rsos.190202	https://openalex.org/W2971100766
22	2019	SELF	preprint	Jeff Clune	AI-GAs: AI-generating algorithms, an alternate paradigm for producing general artificial intelligence	arXiv (Cornell University)	https://doi.org/10.48550/arxiv.1905.10985	https://openalex.org/W2946004135
23	2019	----	preprint	Yuhang Song; Andrzej Wojcicki; Thomas Lukasiewicz; Jianyi Wang; Abi Aryan	Arena: A General Evaluation Platform and Building Toolkit for Multi-Agent Intelligence	arXiv (Cornell University)	https://doi.org/10.48550/arxiv.1905.08085	https://openalex.org/W2945582565
24	2019	SELF	preprint	Miguel Brun‐Usan; Richard A. Watson	How to fit in: The learning principles of cell differentiation	bioRxiv (Cold Spring Harbor Laboratory)	https://doi.org/10.1101/532747	https://openalex.org/W2913894512
25	2019	----	preprint	Alfredo Rago; John H. Werren; John K. Colbourne	Sex biased expression and co-expression networks in development, using the hymenopteran Nasonia vitripennis	bioRxiv (Cold Spring Harbor Laboratory)	https://doi.org/10.1101/540336	https://openalex.org/W2913783215
26	2020	SELF	article	Joel Lehman; Jeff Clune; Dusan Misevic; Christoph Adami; Lee Altenberg	The Surprising Creativity of Digital Evolution: A Collection of Anecdotes from the Evolutionary Computation and Artificial Life Research Communities	Artificial Life	https://doi.org/10.1162/artl_a_00319	https://openalex.org/W3015475346
27	2020	----	article	C. Darrin Hulsey; Karly E. Cohen; Zerina Johanson; Nidal Karagic; Axel Meyer	Grand Challenges in Comparative Tooth Biology	Integrative and Comparative Biology	https://doi.org/10.1093/icb/icaa038	https://openalex.org/W3035233699
28	2020	----	article	Nathalie Feiner; Illiam S. C. Jackson; Kirke L. Munch; Reinder Radersma; Tobias Uller	Plasticity and evolutionary convergence in the locomotor skeleton of Greater Antillean Anolis lizards	eLife	https://doi.org/10.7554/elife.57468	https://openalex.org/W3048569568
29	2020	----	article	András Szilágyi; Péter Szabó; Mauro Santos; Eörs Szathmáry	Phenotypes to remember: Evolutionary developmental memory capacity and robustness	PLoS Computational Biology	https://doi.org/10.1371/journal.pcbi.1008425	https://openalex.org/W3108205766
30	2020	----	article	Chris Fields; Michael Levin	Does Evolution Have a Target Morphology?	Università degli studi di Roma La Sapienza	https://doi.org/10.13133/2532-5876/16961	https://openalex.org/W3089899873
31	2020	----	article	Alexa Sadier; Sharlene E. Santana; Karen E. Sears	The Role of Core and Variable Gene Regulatory Network Modules in Tooth Development and Evolution	Integrative and Comparative Biology	https://doi.org/10.1093/icb/icaa116	https://openalex.org/W3047718888
32	2020	SELF	article	Miguel Brun‐Usan; Christoph Thies; Richard A. Watson	How to fit in: The learning principles of cell differentiation	PLoS Computational Biology	https://doi.org/10.1371/journal.pcbi.1006811	https://openalex.org/W3015446207
33	2020	----	article	Liudmyla Vasylenko; Marcus W. Feldman; Adi Livnat	The power of randomization by sex in multilocus genetic evolution	Biology Direct	https://doi.org/10.1186/s13062-020-00277-0	https://openalex.org/W3109572584
34	2020	----	article	Eric Steinhart	Atheists Giving Thanks to the Sun	Philosophia	https://doi.org/10.1007/s11406-020-00269-4	https://openalex.org/W3087090467
35	2020	SELF	book-chapter	Richard A. Watson	Evolvability	n/a	https://doi.org/10.1007/978-3-319-33038-9_184-1	https://openalex.org/W4205739181
36	2020	----	preprint	András Szilágyi; Péter Szabó; Mauro Santos; Eörs Szathmáry	Phenotypes to remember: Evolutionary developmental memory capacity and robustness	bioRxiv (Cold Spring Harbor Laboratory)	https://doi.org/10.1101/2020.05.27.118497	https://openalex.org/W3029246128
37	2020	----	preprint	Frank Imbach; Stéphane Perrey; Romain Chailan; Thibaut Méline; Robin Candau	Training Load Responses Modelling in Elite Sports: How to Deal with Generalisation?	Research Square	https://doi.org/10.21203/rs.3.rs-128940/v1	https://openalex.org/W3161924965
38	2020	----	book-chapter	Axel Lange	Die Evolution des Menschen in seiner (nicht-)biologischen Zukunft	n/a	https://doi.org/10.1007/978-3-662-60915-6_8	https://openalex.org/W3029916976
39	2020	----	preprint	Dániel Czégel; Hamza Giaffar; Márton Csillag; Bálint Futó; Eörs Szathmáry	Darwinian dynamics over recurrent neural computations for combinatorial problem solving	bioRxiv (Cold Spring Harbor Laboratory)	https://doi.org/10.1101/2020.11.06.372284	https://openalex.org/W3097545626
40	2020	----	book-chapter	Eric Steinhart	Reflexivity	n/a	https://doi.org/10.1007/978-3-030-43052-8_3	https://openalex.org/W4247641017
41	2021	----	article	Chris Fields; James F. Glazebrook; Michael Levin	Minimal physicalism as a scale-free substrate for cognition and consciousness	Neuroscience of Consciousness	https://doi.org/10.1093/nc/niab013	https://openalex.org/W3188501181
42	2021	----	article	Bill Thompson; Thomas L. Griffiths	Human biases limit cumulative innovation	Proceedings of the Royal Society B Biological Sciences	https://doi.org/10.1098/rspb.2020.2752	https://openalex.org/W3133873474
43	2021	----	article	Nathalie Feiner; Miguel Brun‐Usan; Tobias Uller	Evolvability and evolutionary rescue	Evolution & Development	https://doi.org/10.1111/ede.12374	https://openalex.org/W3126150606
44	2021	----	article	Nathalie Feiner; Illiam S. C. Jackson; Edward L. Stanley; Tobias Uller	Evolution of the locomotor skeleton in Anolis lizards reflects the interplay between ecological opportunity and phylogenetic inertia	Nature Communications	https://doi.org/10.1038/s41467-021-21757-5	https://openalex.org/W3133733543
45	2021	----	article	M. La Grove; Lucy Timbrell; Ben Jolley; Fiona Polack; James M. Borg	The Importance of Noise Colour in Simulations of Evolutionary Systems	Artificial Life	https://doi.org/10.1162/artl_a_00354	https://openalex.org/W4211221885
46	2021	----	article	Dániel Czégel; Hamza Giaffar; Márton Csillag; Bálint Futó; Eörs Szathmáry	Novelty and imitation within the brain: a Darwinian neurodynamic approach to combinatorial problems	Scientific Reports	https://doi.org/10.1038/s41598-021-91489-5	https://openalex.org/W3168791224
47	2021	SELF	book-chapter	Richard A. Watson	Evolvability	n/a	https://doi.org/10.1007/978-3-319-32979-6_184	https://openalex.org/W4256324895
48	2021	----	article	Félix Geoffroy; Jean‐Baptiste André	The emergence of cooperation by evolutionary generalization	Proceedings of the Royal Society B Biological Sciences	https://doi.org/10.1098/rspb.2021.0338	https://openalex.org/W3165633353
49	2021	----	preprint	Michael Levin	Technological Approach to Mind Everywhere (TAME): an experimentally- grounded framework for understanding diverse bodies and minds	n/a	https://doi.org/10.31234/osf.io/t6e8p	https://openalex.org/W4200471981
50	2021	----	preprint	Abigail R. Gutai; Thomas E. Gorochowski	How Biological Concepts and Evolutionary Theories Are Inspiring Advances in Machine Intelligence	Preprints.org	https://doi.org/10.20944/preprints202109.0234.v1	https://openalex.org/W3200363141
51	2021	----	preprint	Félix Geoffroy; Jean‐Baptiste André	The emergence of cooperation by evolutionary generalization	bioRxiv (Cold Spring Harbor Laboratory)	https://doi.org/10.1101/2021.01.27.428436	https://openalex.org/W3124096175
52	2021	----	preprint	Bill Thompson; Thomas L. Griffiths	Human Biases Limit Cumulative Innovation	n/a	https://doi.org/10.31219/osf.io/hb9z8	https://openalex.org/W4213073790
53	2021	----	preprint	Yaron Leander Strauch; J. Grundy	Two Novel Performance Improvements for Evolving CNN Topologies	arXiv (Cornell University)	https://doi.org/10.48550/arxiv.2102.05451	https://openalex.org/W3128751100
54	2022	----	article	Michael Levin	Technological Approach to Mind Everywhere: An Experimentally-Grounded Framework for Understanding Diverse Bodies and Minds	Frontiers in Systems Neuroscience	https://doi.org/10.3389/fnsys.2022.768201	https://openalex.org/W4220997294
55	2022	SELF	article	Richard A. Watson; Michael Levin; Christopher L. Buckley	Design for an Individual: Connectionist Approaches to the Evolutionary Transitions in Individuality	Frontiers in Ecology and Evolution	https://doi.org/10.3389/fevo.2022.823588	https://openalex.org/W4220910217
56	2022	----	article	Frank Imbach; Stéphane Perrey; Romain Chailan; Thibaut Méline; Robin Candau	Training load responses modelling and model generalisation in elite sports	Scientific Reports	https://doi.org/10.1038/s41598-022-05392-8	https://openalex.org/W4210365327
57	2022	----	article	Dániel Czégel; Hamza Giaffar; Joshua B. Tenenbaum; Eörs Szathmáry	Bayes and Darwin: How replicator populations implement Bayesian computations	BioEssays	https://doi.org/10.1002/bies.202100255	https://openalex.org/W4214611528
58	2022	----	article	Avi Hazan; Elishai Ezra Tsur	Neuromorphic Neural Engineering Framework-Inspired Online Continuous Learning with Analog Circuitry	Applied Sciences	https://doi.org/10.3390/app12094528	https://openalex.org/W4226474946
59	2022	----	article	Eden Tian Hwa Ng; Akira R. Kinjo	Computational modelling of plasticity-led evolution	Biophysical Reviews	https://doi.org/10.1007/s12551-022-01018-5	https://openalex.org/W4311718540
60	2022	----	conference-paper	James Butterworth; Rahul Savani; Karl Tuyls	Generative Models over Neural Controllers for Transfer Learning	Lecture notes in computer science	https://doi.org/10.1007/978-3-031-14714-2_28	https://openalex.org/W4291270602
61	2022	----	report	Lynn Chiu	Extended Evolutionary Synthesis: A review of the latest scientific research	n/a	https://doi.org/10.15868/socialsector.40950	https://openalex.org/W4297778645
62	2022	----	article	Andrew Buskell; Dariusz Sagan	Dwustronna przyczynowość i rozszerzona synteza ewolucyjna	Filozoficzne Aspekty Genezy	https://doi.org/10.53763/fag.2019-2020.16-17.6	https://openalex.org/W4207053125
63	2022	----	preprint	Takahiro Sakamoto; Hideki Innan	On the Origin of Phenotypic Plasticity	Research Square	https://doi.org/10.21203/rs.3.rs-1680920/v1	https://openalex.org/W4287735120
64	2022	----	article	Micaela Anzoátegui	Lamiendo las heridas de una vieja revolución: El problema de la (no) comprensión de la teoría evolutiva de Darwin	Desbordes Revista de Investigaciones Escuela de Ciencias sociales artes y humanidades - UNAD	https://doi.org/10.22490/25394150.7808	https://openalex.org/W4393853467
65	2023	----	article	Michael Levin	Darwin’s agential materials: evolutionary implications of multiscale competency in developmental biology	Cellular and Molecular Life Sciences	https://doi.org/10.1007/s00018-023-04790-z	https://openalex.org/W4375858910
66	2023	----	article	Joshua Bongard; Michael Levin	There’s Plenty of Room Right Here: Biological Systems as Evolved, Overloaded, Multi-Scale Machines	Biomimetics	https://doi.org/10.3390/biomimetics8010110	https://openalex.org/W4323565418
67	2023	SELF	article	Richard A. Watson; Michael Levin	The collective intelligence of evolution and development	Collective Intelligence	https://doi.org/10.1177/26339137231168355	https://openalex.org/W4377832790
68	2023	----	article	Douglas Blackiston; Sam Kriegman; Josh Bongard; Michael Levin	Biological Robots: Perspectives on an Emerging Interdisciplinary Field	Soft Robotics	https://doi.org/10.1089/soro.2022.0142	https://openalex.org/W4366602649
69	2023	----	article	Lakshwin Shreesha; Michael Levin	Cellular Competency during Development Alters Evolutionary Dynamics in an Artificial Embryogeny Model	Entropy	https://doi.org/10.3390/e25010131	https://openalex.org/W4313828842
70	2023	SELF	article	Richard A. Watson	Agency, Goal-Directed Behavior, and Part-Whole Relationships in Biological Systems	Biological Theory	https://doi.org/10.1007/s13752-023-00447-z	https://openalex.org/W4388499618
71	2023	----	article	William B. Miller; Arthur S. Reber; Perry Marshall; František Baluška	Cellular and Natural Viral Engineering in Cognition-Based Evolution	Communicative & Integrative Biology	https://doi.org/10.1080/19420889.2023.2196145	https://openalex.org/W4367676235
72	2023	----	article	Eden Tian Hwa Ng; Akira R. Kinjo	Plasticity-led evolution as an intrinsic property of developmental gene regulatory networks	Scientific Reports	https://doi.org/10.1038/s41598-023-47165-x	https://openalex.org/W4388657978
73	2023	----	book-chapter	Eric Steinhart	Scientific Animism	Palgrave frontiers in philosophy of religion	https://doi.org/10.1007/978-3-030-94170-3_10	https://openalex.org/W4322097356
74	2023	----	book-chapter	Héctor Ricardo Ferrari; Micaela Anzoátegui	Guidelines for a Post-speciesist Epistemology in the Age of Anthropocene	Sustainable development goals series	https://doi.org/10.1007/978-3-030-94391-2_10	https://openalex.org/W4361854510
75	2023	----	preprint	Michael Levin	Darwin’s Agential Materials: evolutionary implications of multi-scale competency in developmental biology	n/a	https://doi.org/10.31219/osf.io/p23se	https://openalex.org/W4323266297
76	2023	----	preprint	Eden Tian Hwa Ng; Akira R. Kinjo	Plasticity-led evolution as an intrinsic property of developmental gene regulatory networks	bioRxiv (Cold Spring Harbor Laboratory)	https://doi.org/10.1101/2023.05.25.542372	https://openalex.org/W4378364042
77	2023	----	preprint	Márton Csillag; Hamza Giaffar; Eörs Szathmáry; Mauro Santos; Dániel Czégel	From Bayes to Darwin: evolutionary search as an exaptation from sampling-based Bayesian inference	bioRxiv (Cold Spring Harbor Laboratory)	https://doi.org/10.1101/2023.05.29.542733	https://openalex.org/W4379014778
78	2023	----	preprint	Vad Pérez; G. Yu. Lyubarsky	Reconstructing emergent biological phenomena through comparative functional architectonics	Qeios	https://doi.org/10.32388/uri5sf	https://openalex.org/W4380486673
79	2023	----	preprint	Eden Tian Hwa Ng; Akira R. Kinjo	Plasticity-led and mutation-led evolutions are different modes of the same developmental gene regulatory network	bioRxiv (Cold Spring Harbor Laboratory)	https://doi.org/10.1101/2023.11.08.566329	https://openalex.org/W4388592732
80	2024	SELF	article	Christopher L. Buckley; Tim Lewens; Michael Levin; Beren Millidge; Alexander Tschantz	Natural Induction: Spontaneous Adaptive Organisation without Natural Selection	Entropy	https://doi.org/10.3390/e26090765	https://openalex.org/W4402315807
81	2024	----	article	Benedikt Hartl; Sebastian Risi; Michael Levin	Evolutionary Implications of Self-Assembling Cybernetic Materials with Collective Problem-Solving Intelligence at Multiple Scales	Entropy	https://doi.org/10.3390/e26070532	https://openalex.org/W4399894173
82	2024	----	article	Corin Stansfield; Kevin J. Parsons	Developmental bias as a cause and consequence of adaptive radiation and divergence	Frontiers in Cell and Developmental Biology	https://doi.org/10.3389/fcell.2024.1453566	https://openalex.org/W4403475559
83	2024	----	article	Juan C. Castro-Alonso; Alejandro A. Hidalgo; John Sweller	Biological evolution and human cognition are analogous information processing systems	Frontiers in Psychology	https://doi.org/10.3389/fpsyg.2023.1330345	https://openalex.org/W4390611529
84	2024	----	article	Eden Tian Hwa Ng; Akira R. Kinjo	Plasticity-led and mutation-led evolutions are different modes of the same developmental gene regulatory network	PeerJ	https://doi.org/10.7717/peerj.17102	https://openalex.org/W4394741094
85	2024	----	preprint	Kevin J. Mitchell	Variability in Neural Circuit Formation	Cold Spring Harbor Perspectives in Biology	https://doi.org/10.1101/cshperspect.a041504	https://openalex.org/W4391098840
86	2024	----	preprint	Rita A. Oliveira; Emma McSpadden; Bipul Pandey; Kiseok Lee; Mahmoud Yousef	Statistical design of a synthetic microbiome that suppresses diverse gut pathogens	bioRxiv (Cold Spring Harbor Laboratory)	https://doi.org/10.1101/2024.02.28.582635	https://openalex.org/W4392364844
87	2024	----	preprint	Saburo Tsuru; Chikara Furusawa	Genetic properties underlying transcriptional variability across different perturbations	bioRxiv (Cold Spring Harbor Laboratory)	https://doi.org/10.1101/2024.04.15.589659	https://openalex.org/W4394890283
88	2024	----	preprint	Benedikt Hartl; Sebastian Risi; Michael Levin	Evolutionary Implications of Multi-Scale Intelligence	n/a	https://doi.org/10.31219/osf.io/sp9kf	https://openalex.org/W4394711382
89	2024	SELF	preprint	Christopher L. Buckley; Tim Lewens; Mike Levin; Beren Millidge; Alec Tschantz	Natural Induction: Spontaneous adaptive organisation without natural selection	bioRxiv (Cold Spring Harbor Laboratory)	https://doi.org/10.1101/2024.02.28.582499	https://openalex.org/W4392343324
90	2024	----	dissertation	Stefano Tiso	Evolvability and organismal architecture	n/a	https://doi.org/10.33612/diss.864174360	https://openalex.org/W4390782927
91	2024	----	book-chapter	Axel Lange	Die Evolution des Menschen in seiner (nicht-)biologischen Zukunft	n/a	https://doi.org/10.1007/978-3-662-68962-2_7	https://openalex.org/W4401553477
92	2024	----	article	Márton Csillag; Hamza Giaffar; Eörs Szathmáry; Mauro Santos; Dániel Czégel	From Bayes to Darwin: Evolutionary search as an exaptation from sampling-based Bayesian inference	Journal of Theoretical Biology	https://doi.org/10.1016/j.jtbi.2024.112032	https://openalex.org/W4405613174
93	2025	----	article	Benedikt Hartl; Michael Levin	What does evolution make? Learning in living lineages and machines	Trends in Genetics	https://doi.org/10.1016/j.tig.2025.04.002	https://openalex.org/W4411182530
94	2025	----	article	Saburo Tsuru; Chikara Furusawa	Genetic properties underlying transcriptional variability across different perturbations	Nature Communications	https://doi.org/10.1038/s41467-025-57642-8	https://openalex.org/W4408695771
95	2025	----	article	Kevin J. Mitchell; Nick Cheney	The Genomic Code: the genome instantiates a generative model of the organism	Trends in Genetics	https://doi.org/10.1016/j.tig.2025.01.008	https://openalex.org/W4407306192
96	2025	----	article	Robert Chis-Ciure; Michael Levin	Cognition all the way down 2.0: neuroscience beyond neurons in the diverse intelligence era	Synthese	https://doi.org/10.1007/s11229-025-05319-6	https://openalex.org/W4415963673
97	2025	----	article	Lei Tang; Hongyi Hu; Zhixiang Zeng; Qunji Xue	Research Progress on Biomimetic Drag Reduction Materials Inspired by Diverse Organisms: from Principle to Application	Journal of Bionic Engineering	https://doi.org/10.1007/s42235-025-00756-y	https://openalex.org/W4413296974
98	2025	SELF	article	Richard A. Watson; Michael Levin; Tim Lewens	Evolution by natural induction	Interface Focus	https://doi.org/10.1098/rsfs.2025.0025	https://openalex.org/W4417477054
99	2025	----	article	Xin Liu; Benjamin Becker; Ya Wang; Ying Mei; Haoran Dou	A visual generalization gradient of conceptual stimuli based on fear acquisition in visual and auditory modalities	npj Science of Learning	https://doi.org/10.1038/s41539-025-00318-1	https://openalex.org/W4411255017
100	2025	----	article	Csenge Petak; L. Frati; Renske M. A. Vroomans; Melissa H. Pespeni; Nick Cheney	The variability of evolvability: Properties of dynamic fitness landscapes determine how phenotypic variability evolves	Proceedings of the National Academy of Sciences	https://doi.org/10.1073/pnas.2519469122	https://openalex.org/W4417340996
101	2025	SELF	article	Richard A. Watson; Michael Levin; Tim Lewens	Evolution by natural induction II: further interactions with natural selection	Interface Focus	https://doi.org/10.1098/rsfs.2025.0036	https://openalex.org/W4417476933
102	2025	----	preprint	Csenge Petak; L. Frati; Renske M. A. Vroomans; Melissa H. Pespeni; Nick Cheney	The variability of evolvability: properties of dynamic fitness landscapes determine how phenotypic variability evolves	bioRxiv (Cold Spring Harbor Laboratory)	https://doi.org/10.1101/2025.07.02.662714	https://openalex.org/W4412056023
103	2025	----	article	Jason Cheok Kuan Leong; Masaaki Imaizumi; Hideki Innan; Naoki Irie	Implications From the Analogous Relationship Between Evolutionary and Learning Processes	BioEssays	https://doi.org/10.1002/bies.70027	https://openalex.org/W4411128771
104	2026	----	article	Benedikt Hartl; Léo Pio‐Lopez; Chris Fields; Michael Levin	Remapping and navigation of an embedding space via error minimization: A fundamental organizational principle of cognition in natural and artificial systems	Physics of Life Reviews	https://doi.org/10.1016/j.plrev.2026.06.009	https://openalex.org/W7166825539
105	2026	----	article	Hagai Rappeport; Mor Nitzan	Fitness and Overfitness: Implicit Regularization in Evolutionary Dynamics	PRX Life	https://doi.org/10.1103/zrqb-cj47	https://openalex.org/W7160927596
106	2026	----	article	Steven A. Frank	Generalization as the great leap in evolvability: insights from machine learning	Evolution	https://doi.org/10.1093/evolut/qpag111	https://openalex.org/W7164334758
