cell,wave,family,class,class_late,tags,normal,normal_lo99,held_acc,site_all,site_acc,site_ident,channel_all,chan_acc,chan_ident,channel_content,channel_count,w,pay,joint,joint_acc,late_site,late_chan,pre_site,pre_chan,dest_mode,topology,decay_shift,cap,update_mode,loss,lat_base,fanout,pw,wimm,delta,gap
4ab2ba01,C,HOLD,CHANNEL,SITE,HANDOFF;pay=pay1,0.872,0.839,0.883,NO-EFFECT,0.875,False,FLIP,0.125,False,FLIP,NO-EFFECT,NO-EFFECT,pay0:NO-E pay1:FLIP,,,FLIP,CHANCE,NO-EFFECT,NO-EFFECT,sample,ring,0,2,sync,0.1,1,8,2,1,16,8
0187372b,A,HOLD,ELSEWHERE,SITE,HANDOFF,0.717,0.617,0.75,CHANCE,0.306,False,NO-EFFECT,0.717,False,NO-EFFECT,NO-EFFECT,NO-EFFECT,pay0:NO-E pay1:NO-E,CHANCE,0.311,FLIP,NO-EFFECT,NO-EFFECT,NO-EFFECT,sample,torus,3,1,sync,0.0,1,4,2,1,4,4
11f3ac85,B,HOLD,ELSEWHERE,SITE,HANDOFF,0.656,0.615,0.631,CHANCE,0.365,False,NO-EFFECT,0.656,True,NO-EFFECT,NO-EFFECT,NO-EFFECT,pay0:NO-E,CHANCE,0.365,FLIP,NO-EFFECT,NO-EFFECT,NO-EFFECT,sample,global,3,4,sync,0.1,1,1,1,1,8,8
83d9d7b5,B,HOLD,ELSEWHERE,ELSEWHERE,,0.648,0.603,0.669,CHANCE,0.368,False,NO-EFFECT,0.65,False,NO-EFFECT,NO-EFFECT,NO-EFFECT,pay0:NO-E,CHANCE,0.371,CHANCE,NO-EFFECT,NO-EFFECT,NO-EFFECT,sample,global,1,4,sync,0.1,1,1,1,1,8,8
00c5d3b6,A,HOLD,SITE,SITE,TRIVIAL,0.848,0.811,0.84,FLIP,0.184,False,NO-EFFECT,0.848,True,NO-EFFECT,NO-EFFECT,NO-EFFECT,pay0:NO-E,,,FLIP,NO-EFFECT,NO-EFFECT,NO-EFFECT,all,torus,0,0,async,0.3,1,4,1,1,4,16
03930746,B,HOLD,SITE,SITE,TRIVIAL,0.798,0.751,0.781,FLIP,0.228,False,NO-EFFECT,0.798,True,NO-EFFECT,NO-EFFECT,NO-EFFECT,pay0:NO-E,,,FLIP,NO-EFFECT,NO-EFFECT,NO-EFFECT,sample,global,3,4,sync,0.1,1,1,1,1,8,8
0a3f6b87,B2,HOLD,SITE,SITE,TRIVIAL,0.922,0.9,0.919,FLIP,0.078,False,NO-EFFECT,0.922,True,NO-EFFECT,NO-EFFECT,NO-EFFECT,pay0:NO-E,,,FLIP,NO-EFFECT,NO-EFFECT,NO-EFFECT,sample,global,6,4,sync,0.1,1,1,1,1,8,8
0a418cb8,B2,HOLD,SITE,SITE,,0.667,0.629,0.714,FLIP,0.314,False,NO-EFFECT,0.661,False,NO-EFFECT,NO-EFFECT,NO-EFFECT,pay0:NO-E,,,FLIP,NO-EFFECT,NO-EFFECT,NO-EFFECT,sample,global,0,4,sync,0.1,1,1,1,1,8,8
0c18ce5e,B,HOLD,SITE,SITE,TRIVIAL,0.958,0.958,0.958,FLIP,0.042,False,NO-EFFECT,0.958,True,NO-EFFECT,NO-EFFECT,NO-EFFECT,pay0:NO-E,,,FLIP,NO-EFFECT,NO-EFFECT,NO-EFFECT,sample,global,3,4,sync,0.1,1,1,1,1,8,8
12c2b57f,A,HOLD,SITE,SITE,TRIVIAL,0.861,0.828,0.893,FLIP,0.103,False,NO-EFFECT,0.861,True,NO-EFFECT,NO-EFFECT,NO-EFFECT,pay0:NO-E,,,FLIP,NO-EFFECT,NO-EFFECT,NO-EFFECT,sample,global,3,4,sync,0.1,1,4,1,1,16,8
13127335,A,HOLD,SITE,SITE,TRIVIAL,0.933,0.904,0.934,FLIP,0.078,False,NO-EFFECT,0.933,True,NO-EFFECT,NO-EFFECT,NO-EFFECT,pay0:NO-E pay1:NO-E,,,FLIP,NO-EFFECT,NO-EFFECT,NO-EFFECT,sample,global,3,1,async,0.1,2,8,2,0,16,4
1c0a1bc7,A,HOLD,SITE,SITE,,0.87,0.849,0.846,FLIP,0.131,False,NO-EFFECT,0.871,False,NO-EFFECT,NO-EFFECT,NO-EFFECT,pay0:NO-E pay1:NO-E,,,FLIP,NO-EFFECT,NO-EFFECT,NO-EFFECT,all,torus,1,1,sync,0.0,2,8,2,1,16,4
1d5e6498,B,HOLD,SITE,SITE,TRIVIAL,0.933,0.903,0.941,FLIP,0.069,False,NO-EFFECT,0.933,True,NO-EFFECT,NO-EFFECT,NO-EFFECT,pay0:NO-E pay1:NO-E,,,FLIP,NO-EFFECT,NO-EFFECT,NO-EFFECT,sample,global,3,1,async,0.1,4,8,2,0,16,4
2034c1ec,B,HOLD,SITE,SITE,,0.932,0.902,0.933,FLIP,0.069,False,NO-EFFECT,0.936,False,NO-EFFECT,NO-EFFECT,NO-EFFECT,pay0:NO-E pay1:NO-E,,,FLIP,NO-EFFECT,NO-EFFECT,NO-EFFECT,sample,global,3,1,async,0.1,2,8,2,0,16,4
218fe6d6,B,HOLD,SITE,SITE,TRIVIAL,0.851,0.801,0.811,FLIP,0.174,False,NO-EFFECT,0.851,True,NO-EFFECT,NO-EFFECT,NO-EFFECT,pay0:NO-E,,,FLIP,NO-EFFECT,NO-EFFECT,NO-EFFECT,sample,global,3,4,sync,0.1,1,1,1,1,8,8
22d1053d,B,HOLD,SITE,SITE,TRIVIAL,0.733,0.694,0.732,FLIP,0.264,False,NO-EFFECT,0.733,True,NO-EFFECT,NO-EFFECT,NO-EFFECT,pay0:NO-E,,,FLIP,NO-EFFECT,NO-EFFECT,NO-EFFECT,sample,global,3,4,sync,0.1,4,1,1,1,8,8
24711149,D,HOLD,SITE,SITE,TRIVIAL,1.0,1.0,1.0,FLIP,0.0,False,NO-EFFECT,1.0,True,NO-EFFECT,NO-EFFECT,NO-EFFECT,pay0:NO-E,,,FLIP,NO-EFFECT,NO-EFFECT,NO-EFFECT,sample,global,3,4,sync,0.1,1,1,1,1,8,8
25056918,B,HOLD,SITE,SITE,TRIVIAL,0.937,0.91,0.945,FLIP,0.07,False,NO-EFFECT,0.937,True,NO-EFFECT,NO-EFFECT,NO-EFFECT,pay0:NO-E pay1:NO-E,,,FLIP,NO-EFFECT,NO-EFFECT,NO-EFFECT,sample,global,3,1,async,0.1,2,8,2,0,16,4
25c70c72,B2,HOLD,SITE,SITE,TRIVIAL,1.0,1.0,1.0,FLIP,0.0,False,NO-EFFECT,1.0,True,NO-EFFECT,NO-EFFECT,NO-EFFECT,pay0:NO-E,,,FLIP,NO-EFFECT,NO-EFFECT,NO-EFFECT,sample,global,1,4,sync,0.1,1,1,1,1,8,8
26c253f1,A,HOLD,SITE,SITE,TRIVIAL,0.743,0.706,0.786,FLIP,0.248,False,NO-EFFECT,0.743,True,NO-EFFECT,NO-EFFECT,NO-EFFECT,pay0:NO-E,,,FLIP,NO-EFFECT,NO-EFFECT,NO-EFFECT,all,smallworld,6,4,async,0.1,1,4,1,1,4,8
2b7f38fc,B,HOLD,SITE,SITE,,0.853,0.802,0.814,FLIP,0.172,False,NO-EFFECT,0.854,False,NO-EFFECT,NO-EFFECT,NO-EFFECT,pay0:NO-E,,,FLIP,NO-EFFECT,NO-EFFECT,NO-EFFECT,sample,global,3,4,sync,0.1,1,1,1,1,8,8
2c300c47,D,HOLD,SITE,SITE,,1.0,1.0,1.0,FLIP,0.0,False,NO-EFFECT,1.0,False,NO-EFFECT,NO-EFFECT,NO-EFFECT,pay0:NO-E,,,FLIP,NO-EFFECT,NO-EFFECT,NO-EFFECT,sample,global,3,4,sync,0.1,1,1,1,1,8,8
30a300c9,A,HOLD,SITE,SITE,TRIVIAL,0.667,0.625,0.712,FLIP,0.326,False,NO-EFFECT,0.667,True,NO-EFFECT,NO-EFFECT,NO-EFFECT,pay0:NO-E,,,FLIP,NO-EFFECT,NO-EFFECT,NO-EFFECT,sample,random,0,2,sync,0.1,4,1,1,0,4,8
311c465f,A,HOLD,SITE,SITE,TRIVIAL,0.755,0.711,0.728,FLIP,0.263,False,NO-EFFECT,0.755,True,NO-EFFECT,NO-EFFECT,NO-EFFECT,pay0:NO-E pay1:NO-E pay2:NO-E pay3:NO-E,,,FLIP,NO-EFFECT,NO-EFFECT,NO-EFFECT,sample,torus,3,2,sync,0.3,1,1,4,1,8,4
31f82c32,B,HOLD,SITE,SITE,,0.934,0.898,0.915,FLIP,0.09,False,NO-EFFECT,0.933,False,NO-EFFECT,NO-EFFECT,NO-EFFECT,pay0:NO-E,,,FLIP,NO-EFFECT,NO-EFFECT,NO-EFFECT,sample,global,3,4,sync,0.1,1,1,1,1,8,8
3291f6c2,B,HOLD,SITE,SITE,TRIVIAL,0.645,0.6,0.656,FLIP,0.342,False,NO-EFFECT,0.645,True,NO-EFFECT,NO-EFFECT,NO-EFFECT,pay0:NO-E,,,FLIP,NO-EFFECT,NO-EFFECT,NO-EFFECT,sample,global,3,4,sync,0.1,1,1,1,1,8,8
36041cf6,B,HOLD,SITE,SITE,,0.799,0.753,0.786,FLIP,0.225,False,NO-EFFECT,0.799,False,NO-EFFECT,NO-EFFECT,NO-EFFECT,pay0:NO-E,,,FLIP,NO-EFFECT,NO-EFFECT,NO-EFFECT,sample,global,3,4,sync,0.1,1,1,1,1,8,8
3d263692,E,HOLD,SITE,SITE,TRIVIAL,0.965,0.946,0.961,FLIP,0.041,False,NO-EFFECT,0.965,True,NO-EFFECT,NO-EFFECT,NO-EFFECT,pay0:NO-E,,,FLIP,NO-EFFECT,NO-EFFECT,NO-EFFECT,sample,global,3,4,sync,0.1,1,1,1,1,8,8
41308f06,B,HOLD,SITE,SITE,,0.933,0.904,0.943,FLIP,0.079,False,NO-EFFECT,0.932,False,NO-EFFECT,NO-EFFECT,NO-EFFECT,pay0:NO-E pay1:NO-E,,,FLIP,NO-EFFECT,NO-EFFECT,NO-EFFECT,sample,global,3,1,async,0.1,2,8,2,0,16,4
41fcb232,B,HOLD,SITE,SITE,TRIVIAL,0.625,0.603,0.624,FLIP,0.375,False,NO-EFFECT,0.625,True,NO-EFFECT,NO-EFFECT,NO-EFFECT,pay0:NO-E,,,FLIP,NO-EFFECT,NO-EFFECT,NO-EFFECT,sample,global,3,4,sync,0.1,4,1,1,1,8,8
422b5540,B,HOLD,SITE,SITE,,0.948,0.921,0.947,FLIP,0.079,False,NO-EFFECT,0.948,False,NO-EFFECT,NO-EFFECT,NO-EFFECT,pay0:NO-E,,,FLIP,NO-EFFECT,NO-EFFECT,NO-EFFECT,sample,global,3,4,sync,0.1,1,1,1,1,8,8
4a3b237b,B,HOLD,SITE,SITE,TRIVIAL,0.933,0.904,0.921,FLIP,0.078,False,NO-EFFECT,0.933,True,NO-EFFECT,NO-EFFECT,NO-EFFECT,pay0:NO-E pay1:NO-E,,,FLIP,NO-EFFECT,NO-EFFECT,NO-EFFECT,sample,global,3,1,async,0.1,4,8,2,0,16,4
4e9b002f,B,HOLD,SITE,SITE,,0.665,0.636,0.693,FLIP,0.301,False,NO-EFFECT,0.667,False,NO-EFFECT,NO-EFFECT,NO-EFFECT,pay0:NO-E pay1:NO-E,,,FLIP,NO-EFFECT,NO-EFFECT,NO-EFFECT,sample,global,0,1,async,0.1,2,8,2,0,16,4
523e5f65,A,HOLD,SITE,SITE,TRIVIAL,0.779,0.738,0.775,FLIP,0.21,False,NO-EFFECT,0.779,True,NO-EFFECT,NO-EFFECT,NO-EFFECT,pay0:NO-E pay1:NO-E,,,FLIP,NO-EFFECT,NO-EFFECT,NO-EFFECT,all,torus,6,2,sync,0.1,1,8,2,1,16,16
53806bca,A,HOLD,SITE,SITE,TRIVIAL,0.779,0.742,0.816,FLIP,0.198,False,NO-EFFECT,0.779,True,NO-EFFECT,NO-EFFECT,NO-EFFECT,pay0:NO-E,,,FLIP,NO-EFFECT,NO-EFFECT,NO-EFFECT,sample,torus,0,4,sync,0.6,4,4,1,0,4,16
56d72b6e,B,HOLD,SITE,SITE,TRIVIAL,0.826,0.803,0.839,FLIP,0.18,False,NO-EFFECT,0.826,True,NO-EFFECT,NO-EFFECT,NO-EFFECT,pay0:NO-E,,,FLIP,NO-EFFECT,NO-EFFECT,NO-EFFECT,sample,global,6,4,sync,0.1,1,1,1,1,8,8
59b2267f,B,HOLD,SITE,SITE,,0.796,0.751,0.814,FLIP,0.226,False,NO-EFFECT,0.796,False,NO-EFFECT,NO-EFFECT,NO-EFFECT,pay0:NO-E,,,FLIP,NO-EFFECT,NO-EFFECT,NO-EFFECT,sample,global,3,4,sync,0.1,1,1,1,1,8,8
5f4e21d8,A,HOLD,SITE,SITE,TRIVIAL,0.908,0.88,0.922,FLIP,0.095,False,NO-EFFECT,0.908,True,NO-EFFECT,NO-EFFECT,NO-EFFECT,pay0:NO-E pay1:NO-E pay2:NO-E pay3:NO-E,,,FLIP,NO-EFFECT,NO-EFFECT,NO-EFFECT,sample,global,3,2,async,0.3,4,1,4,1,16,8
65d840a8,A,HOLD,SITE,SITE,TRIVIAL,0.729,0.688,0.727,FLIP,0.255,False,NO-EFFECT,0.729,True,NO-EFFECT,NO-EFFECT,NO-EFFECT,pay0:NO-E pay1:NO-E pay2:NO-E pay3:NO-E,,,FLIP,NO-EFFECT,NO-EFFECT,NO-EFFECT,sample,ring,0,2,async,0.6,1,4,4,0,8,16
692cbb19,B2,HOLD,SITE,SITE,,0.666,0.625,0.683,FLIP,0.32,False,NO-EFFECT,0.66,False,NO-EFFECT,NO-EFFECT,NO-EFFECT,pay0:NO-E,,,FLIP,NO-EFFECT,NO-EFFECT,NO-EFFECT,sample,global,0,4,sync,0.1,1,1,1,1,8,8
6a9c62c7,A,HOLD,SITE,SITE,,0.722,0.671,0.718,FLIP,0.291,False,NO-EFFECT,0.719,False,NO-EFFECT,NO-EFFECT,NO-EFFECT,pay0:NO-E pay1:NO-E pay2:NO-E pay3:NO-E,,,FLIP,NO-EFFECT,CHANCE,NO-EFFECT,all,random,6,2,async,0.1,1,2,4,0,4,16
7380191e,B,HOLD,SITE,SITE,TRIVIAL,0.933,0.903,0.928,FLIP,0.069,False,NO-EFFECT,0.933,True,NO-EFFECT,NO-EFFECT,NO-EFFECT,pay0:NO-E pay1:NO-E,,,FLIP,NO-EFFECT,NO-EFFECT,NO-EFFECT,sample,global,3,1,async,0.1,2,8,2,0,16,4
747885ce,D,HOLD,SITE,SITE,TRIVIAL,0.75,0.75,0.75,FLIP,0.25,False,NO-EFFECT,0.75,True,NO-EFFECT,NO-EFFECT,NO-EFFECT,pay0:NO-E,,,FLIP,NO-EFFECT,NO-EFFECT,NO-EFFECT,sample,global,3,4,sync,0.1,1,1,1,1,8,8
791fd860,B,HOLD,SITE,SITE,TRIVIAL,0.686,0.648,0.676,FLIP,0.314,False,NO-EFFECT,0.686,True,NO-EFFECT,NO-EFFECT,NO-EFFECT,pay0:NO-E,,,FLIP,NO-EFFECT,NO-EFFECT,NO-EFFECT,sample,global,0,4,sync,0.1,1,1,1,1,8,8
7b067d0e,A,HOLD,SITE,SITE,TRIVIAL,0.69,0.647,0.694,FLIP,0.301,False,NO-EFFECT,0.69,True,NO-EFFECT,NO-EFFECT,NO-EFFECT,pay0:NO-E pay1:NO-E pay2:NO-E pay3:NO-E,,,FLIP,NO-EFFECT,NO-EFFECT,NO-EFFECT,all,ring,0,1,sync,0.6,1,4,4,1,16,8
7b7b025e,B2,HOLD,SITE,SITE,TRIVIAL,1.0,1.0,1.0,FLIP,0.0,False,NO-EFFECT,1.0,True,NO-EFFECT,NO-EFFECT,NO-EFFECT,pay0:NO-E,,,FLIP,NO-EFFECT,NO-EFFECT,NO-EFFECT,sample,global,1,4,sync,0.1,1,1,1,1,8,8
84a10f47,B,HOLD,SITE,SITE,TRIVIAL,0.798,0.749,0.805,FLIP,0.228,False,NO-EFFECT,0.798,True,NO-EFFECT,NO-EFFECT,NO-EFFECT,pay0:NO-E,,,FLIP,NO-EFFECT,NO-EFFECT,NO-EFFECT,sample,global,3,4,sync,0.1,2,1,1,1,8,8
85ca202e,B,HOLD,SITE,SITE,TRIVIAL,1.0,1.0,1.0,FLIP,0.0,False,NO-EFFECT,1.0,True,NO-EFFECT,NO-EFFECT,NO-EFFECT,pay0:NO-E,,,FLIP,NO-EFFECT,NO-EFFECT,NO-EFFECT,sample,global,3,4,sync,0.1,1,1,1,1,8,8
8d1c8213,A,HOLD,SITE,SITE,TRIVIAL,0.704,0.618,0.719,FLIP,0.278,False,NO-EFFECT,0.704,True,NO-EFFECT,NO-EFFECT,NO-EFFECT,pay0:NO-E pay1:NO-E,,,FLIP,NO-EFFECT,NO-EFFECT,NO-EFFECT,sample,smallworld,3,4,sync,0.0,2,8,2,0,4,8
8f68a692,B,HOLD,SITE,SITE,TRIVIAL,0.798,0.752,0.818,FLIP,0.227,False,NO-EFFECT,0.798,True,NO-EFFECT,NO-EFFECT,NO-EFFECT,pay0:NO-E,,,FLIP,NO-EFFECT,NO-EFFECT,NO-EFFECT,sample,global,3,4,sync,0.1,2,1,1,1,8,8
8f6e7eab,B2,HOLD,SITE,SITE,TRIVIAL,0.664,0.626,0.688,FLIP,0.322,False,NO-EFFECT,0.664,True,NO-EFFECT,NO-EFFECT,NO-EFFECT,pay0:NO-E,,,FLIP,NO-EFFECT,NO-EFFECT,NO-EFFECT,sample,global,0,4,sync,0.1,1,1,1,1,8,8
9d0812f5,D,HOLD,SITE,SITE,TRIVIAL,1.0,1.0,1.0,FLIP,0.0,False,NO-EFFECT,1.0,True,NO-EFFECT,NO-EFFECT,NO-EFFECT,pay0:NO-E,,,FLIP,NO-EFFECT,NO-EFFECT,NO-EFFECT,sample,global,1,4,sync,0.1,1,1,1,1,8,8
9de3ada6,B,HOLD,SITE,SITE,TRIVIAL,0.668,0.63,0.682,FLIP,0.315,False,NO-EFFECT,0.668,True,NO-EFFECT,NO-EFFECT,NO-EFFECT,pay0:NO-E pay1:NO-E,,,FLIP,NO-EFFECT,NO-EFFECT,NO-EFFECT,sample,global,0,1,async,0.1,2,8,2,0,16,4
9e796978,E,HOLD,SITE,SITE,,0.926,0.892,0.934,FLIP,0.095,False,NO-EFFECT,0.926,False,NO-EFFECT,NO-EFFECT,NO-EFFECT,pay0:NO-E,,,FLIP,NO-EFFECT,NO-EFFECT,NO-EFFECT,sample,global,3,4,sync,0.1,1,1,1,1,8,8
9f038088,B2,HOLD,SITE,SITE,TRIVIAL,0.75,0.75,0.75,FLIP,0.25,False,NO-EFFECT,0.75,True,NO-EFFECT,NO-EFFECT,NO-EFFECT,pay0:NO-E,,,FLIP,NO-EFFECT,NO-EFFECT,NO-EFFECT,sample,global,6,4,sync,0.1,1,1,1,1,8,8
a0a5244d,B,HOLD,SITE,SITE,,0.999,0.995,1.0,FLIP,0.0,False,NO-EFFECT,1.0,False,NO-EFFECT,NO-EFFECT,NO-EFFECT,pay0:NO-E,,,FLIP,NO-EFFECT,NO-EFFECT,NO-EFFECT,sample,global,3,4,sync,0.1,1,1,1,1,8,8
a34da6e4,A,HOLD,SITE,SITE,TRIVIAL,0.783,0.743,0.753,FLIP,0.236,False,NO-EFFECT,0.783,True,NO-EFFECT,NO-EFFECT,NO-EFFECT,pay0:NO-E pay1:NO-E,,,FLIP,NO-EFFECT,NO-EFFECT,NO-EFFECT,sample,ring,3,1,async,0.0,2,4,2,0,8,8
a3dff971,A,HOLD,SITE,SITE,TRIVIAL,0.74,0.704,0.743,FLIP,0.281,False,NO-EFFECT,0.74,True,NO-EFFECT,NO-EFFECT,NO-EFFECT,pay0:NO-E pay1:NO-E pay2:NO-E pay3:NO-E,,,FLIP,NO-EFFECT,NO-EFFECT,NO-EFFECT,all,smallworld,6,4,sync,0.3,1,2,4,1,8,8
a4409891,B,HOLD,SITE,SITE,TRIVIAL,0.753,0.718,0.742,FLIP,0.262,False,NO-EFFECT,0.753,True,NO-EFFECT,NO-EFFECT,NO-EFFECT,pay0:NO-E,,,FLIP,NO-EFFECT,NO-EFFECT,NO-EFFECT,sample,global,6,4,sync,0.1,1,1,1,1,8,8
ab089e45,B,HOLD,SITE,SITE,TRIVIAL,1.0,1.0,1.0,FLIP,0.0,False,NO-EFFECT,1.0,True,NO-EFFECT,NO-EFFECT,NO-EFFECT,pay0:NO-E,,,FLIP,NO-EFFECT,NO-EFFECT,NO-EFFECT,sample,global,3,4,sync,0.1,1,1,1,1,8,8
ae39bee8,B,HOLD,SITE,SITE,TRIVIAL,0.785,0.761,0.775,FLIP,0.217,False,NO-EFFECT,0.785,True,NO-EFFECT,NO-EFFECT,NO-EFFECT,pay0:NO-E,,,FLIP,NO-EFFECT,NO-EFFECT,NO-EFFECT,sample,global,6,4,sync,0.1,1,1,1,1,8,8
b034414c,A,HOLD,SITE,SITE,TRIVIAL,0.818,0.772,0.839,FLIP,0.148,False,NO-EFFECT,0.818,True,NO-EFFECT,NO-EFFECT,NO-EFFECT,pay0:NO-E pay1:NO-E,,,FLIP,NO-EFFECT,NO-EFFECT,NO-EFFECT,all,random,3,4,async,0.0,2,1,2,0,4,4
b1b6ff0a,A,HOLD,SITE,SITE,,0.758,0.708,0.8,FLIP,0.243,False,NO-EFFECT,0.755,False,NO-EFFECT,NO-EFFECT,NO-EFFECT,pay0:NO-E,,,FLIP,NO-EFFECT,NO-EFFECT,NO-EFFECT,all,torus,3,2,async,0.6,1,8,1,1,16,8
b32bbf91,A,HOLD,SITE,SITE,TRIVIAL,0.684,0.641,0.705,FLIP,0.281,False,NO-EFFECT,0.684,True,NO-EFFECT,NO-EFFECT,NO-EFFECT,pay0:NO-E,,,FLIP,NO-EFFECT,NO-EFFECT,NO-EFFECT,all,smallworld,6,4,async,0.6,2,2,1,0,16,4
b3aa5151,B,HOLD,SITE,SITE,,0.798,0.751,0.802,FLIP,0.227,False,NO-EFFECT,0.801,False,NO-EFFECT,NO-EFFECT,NO-EFFECT,pay0:NO-E,,,FLIP,NO-EFFECT,NO-EFFECT,NO-EFFECT,sample,global,3,4,sync,0.1,1,1,1,1,8,8
b40c504d,D,HOLD,SITE,SITE,,0.799,0.753,0.827,FLIP,0.226,False,NO-EFFECT,0.799,False,NO-EFFECT,NO-EFFECT,NO-EFFECT,pay0:NO-E,,,FLIP,NO-EFFECT,NO-EFFECT,NO-EFFECT,sample,global,3,4,sync,0.1,1,1,1,1,8,8
c22937c3,B2,HOLD,SITE,SITE,TRIVIAL,0.757,0.717,0.736,FLIP,0.275,False,NO-EFFECT,0.757,True,NO-EFFECT,NO-EFFECT,NO-EFFECT,pay0:NO-E,,,FLIP,NO-EFFECT,NO-EFFECT,NO-EFFECT,sample,global,6,4,sync,0.1,1,1,1,1,8,8
ca266380,E,HOLD,SITE,SITE,TRIVIAL,0.798,0.749,0.786,FLIP,0.228,False,NO-EFFECT,0.798,True,NO-EFFECT,NO-EFFECT,NO-EFFECT,pay0:NO-E,,,FLIP,NO-EFFECT,NO-EFFECT,NO-EFFECT,sample,global,3,4,sync,0.1,1,1,1,1,8,8
cc18858f,A,HOLD,SITE,ELSEWHERE,TRIVIAL;HANDOFF,0.659,0.613,0.677,FLIP,0.288,False,NO-EFFECT,0.659,True,NO-EFFECT,NO-EFFECT,NO-EFFECT,pay0:NO-E pay1:NO-E,,,CHANCE,NO-EFFECT,NO-EFFECT,NO-EFFECT,sample,random,0,2,sync,0.1,4,8,2,1,16,16
cdf60380,A,HOLD,SITE,ELSEWHERE,TRIVIAL;HANDOFF,0.641,0.602,0.645,FLIP,0.36,False,NO-EFFECT,0.641,True,NO-EFFECT,NO-EFFECT,NO-EFFECT,pay0:NO-E,,,CHANCE,NO-EFFECT,NO-EFFECT,NO-EFFECT,sample,ring,0,4,async,0.6,2,4,1,0,16,4
d2738b3c,B2,HOLD,SITE,SITE,TRIVIAL,0.75,0.75,0.75,FLIP,0.25,False,NO-EFFECT,0.75,True,NO-EFFECT,NO-EFFECT,NO-EFFECT,pay0:NO-E,,,FLIP,NO-EFFECT,NO-EFFECT,NO-EFFECT,sample,global,3,4,sync,0.1,1,1,1,1,8,8
d276ae3e,B,HOLD,SITE,SITE,,0.934,0.904,0.956,FLIP,0.07,False,NO-EFFECT,0.934,False,NO-EFFECT,NO-EFFECT,NO-EFFECT,pay0:NO-E pay1:NO-E,,,FLIP,NO-EFFECT,NO-EFFECT,NO-EFFECT,sample,global,3,1,async,0.1,2,8,2,0,16,4
d49fdac8,A,HOLD,SITE,SITE,TRIVIAL,0.924,0.893,0.932,FLIP,0.092,False,NO-EFFECT,0.924,True,NO-EFFECT,NO-EFFECT,NO-EFFECT,pay0:NO-E,,,FLIP,NO-EFFECT,NO-EFFECT,NO-EFFECT,sample,global,3,4,sync,0.1,1,1,1,1,8,8
da0de53c,B2,HOLD,SITE,SITE,TRIVIAL,0.648,0.615,0.658,FLIP,0.331,False,NO-EFFECT,0.648,True,NO-EFFECT,NO-EFFECT,NO-EFFECT,pay0:NO-E,,,FLIP,NO-EFFECT,NO-EFFECT,NO-EFFECT,sample,global,1,4,sync,0.1,1,1,1,1,8,8
dd68c4d3,B,HOLD,SITE,SITE,TRIVIAL,0.932,0.902,0.954,FLIP,0.079,False,NO-EFFECT,0.932,True,NO-EFFECT,NO-EFFECT,NO-EFFECT,pay0:NO-E pay1:NO-E,,,FLIP,NO-EFFECT,NO-EFFECT,NO-EFFECT,sample,global,3,1,async,0.1,2,8,2,0,16,4
dd6fdf49,A,HOLD,SITE,SITE,TRIVIAL,0.694,0.645,0.706,FLIP,0.288,False,NO-EFFECT,0.694,True,NO-EFFECT,NO-EFFECT,NO-EFFECT,pay0:NO-E pay1:NO-E,,,FLIP,NO-EFFECT,NO-EFFECT,NO-EFFECT,sample,global,0,2,async,0.6,4,1,2,1,4,8
df958c2f,E,HOLD,SITE,SITE,,0.852,0.801,0.822,FLIP,0.174,False,NO-EFFECT,0.852,False,NO-EFFECT,NO-EFFECT,NO-EFFECT,pay0:NO-E,,,FLIP,NO-EFFECT,NO-EFFECT,NO-EFFECT,sample,global,3,4,sync,0.1,1,1,1,1,8,8
e7940933,B,HOLD,SITE,SITE,,0.792,0.747,0.798,FLIP,0.257,False,NO-EFFECT,0.791,False,NO-EFFECT,NO-EFFECT,NO-EFFECT,pay0:NO-E,,,FLIP,NO-EFFECT,NO-EFFECT,NO-EFFECT,sample,global,3,4,sync,0.1,1,1,1,1,8,8
e9a91a75,B2,HOLD,SITE,SITE,,0.869,0.846,0.872,FLIP,0.133,False,NO-EFFECT,0.865,False,NO-EFFECT,NO-EFFECT,NO-EFFECT,pay0:NO-E,,,FLIP,NO-EFFECT,NO-EFFECT,NO-EFFECT,sample,global,3,4,sync,0.1,1,1,1,1,8,8
f19f0289,B,HOLD,SITE,SITE,TRIVIAL,0.933,0.904,0.922,FLIP,0.078,False,NO-EFFECT,0.933,True,NO-EFFECT,NO-EFFECT,NO-EFFECT,pay0:NO-E pay1:NO-E,,,FLIP,NO-EFFECT,NO-EFFECT,NO-EFFECT,sample,global,3,1,async,0.1,2,8,2,0,16,4
f1c870db,B,HOLD,SITE,SITE,TRIVIAL,0.745,0.708,0.742,FLIP,0.259,False,NO-EFFECT,0.745,True,NO-EFFECT,NO-EFFECT,NO-EFFECT,pay0:NO-E,,,FLIP,NO-EFFECT,NO-EFFECT,NO-EFFECT,sample,global,0,4,sync,0.1,1,1,1,1,8,8
f5ce6a2a,B,HOLD,SITE,SITE,TRIVIAL,0.933,0.904,0.956,FLIP,0.078,False,NO-EFFECT,0.933,True,NO-EFFECT,NO-EFFECT,NO-EFFECT,pay0:NO-E pay1:NO-E,,,FLIP,NO-EFFECT,NO-EFFECT,NO-EFFECT,sample,global,3,1,async,0.1,4,8,2,0,16,4
f8eda24f,D,HOLD,SITE,SITE,,0.923,0.89,0.923,FLIP,0.095,False,NO-EFFECT,0.929,False,NO-EFFECT,NO-EFFECT,NO-EFFECT,pay0:NO-E,,,FLIP,NO-EFFECT,NO-EFFECT,NO-EFFECT,sample,global,3,4,sync,0.1,1,1,1,1,8,8
fa7d3bf3,B,HOLD,SITE,SITE,TRIVIAL,0.933,0.903,0.952,FLIP,0.069,False,NO-EFFECT,0.933,True,NO-EFFECT,NO-EFFECT,NO-EFFECT,pay0:NO-E pay1:NO-E,,,FLIP,NO-EFFECT,NO-EFFECT,NO-EFFECT,sample,global,3,1,async,0.1,1,8,2,0,16,4
fcbfae84,B,HOLD,SITE,SITE,TRIVIAL,0.932,0.902,0.923,FLIP,0.079,False,NO-EFFECT,0.932,True,NO-EFFECT,NO-EFFECT,NO-EFFECT,pay0:NO-E pay1:NO-E,,,FLIP,NO-EFFECT,NO-EFFECT,NO-EFFECT,sample,global,3,1,async,0.1,1,8,2,0,16,4
0017d8cc,A,HOLD,UNREADABLE,UNREADABLE,,0.603,0.56,0.625,CHANCE,0.382,False,NO-EFFECT,0.603,True,NO-EFFECT,NO-EFFECT,NO-EFFECT,pay0:NO-E,CHANCE,0.382,CHANCE,NO-EFFECT,NO-EFFECT,NO-EFFECT,all,torus,0,2,async,0.1,4,4,1,0,8,4
62c6fa31,B,HOLD,UNREADABLE,UNREADABLE,,0.609,0.574,0.61,CHANCE,0.39,False,NO-EFFECT,0.609,False,NO-EFFECT,NO-EFFECT,NO-EFFECT,pay0:NO-E,CHANCE,0.389,CHANCE,NO-EFFECT,NO-EFFECT,NO-EFFECT,sample,global,1,4,sync,0.1,1,1,1,1,8,8
688b9f6f,B,HOLD,UNREADABLE,UNREADABLE,,0.595,0.57,0.589,CHANCE,0.394,False,NO-EFFECT,0.607,False,NO-EFFECT,NO-EFFECT,NO-EFFECT,pay0:NO-E pay1:NO-E,CHANCE,0.396,CHANCE,NO-EFFECT,NO-EFFECT,NO-EFFECT,sample,global,1,1,async,0.1,2,8,2,0,16,4
7ca102eb,A,HOLD,UNREADABLE,UNREADABLE,,0.632,0.55,0.646,CHANCE,0.359,False,NO-EFFECT,0.632,True,NO-EFFECT,NO-EFFECT,NO-EFFECT,pay0:NO-E,CHANCE,0.359,CHANCE,NO-EFFECT,NO-EFFECT,NO-EFFECT,all,ring,6,4,sync,0.1,2,2,1,1,16,16
83d0ff56,A,HOLD,UNREADABLE,UNREADABLE,,0.67,0.592,0.646,FLIP,0.319,False,NO-EFFECT,0.67,True,NO-EFFECT,NO-EFFECT,NO-EFFECT,pay0:NO-E pay1:NO-E pay2:NO-E pay3:NO-E,,,CHANCE,NO-EFFECT,NO-EFFECT,NO-EFFECT,sample,global,3,0,sync,0.0,4,1,4,1,16,8
9dd25cb2,A,HOLD,UNREADABLE,UNREADABLE,,0.622,0.581,0.654,CHANCE,0.376,False,NO-EFFECT,0.622,False,NO-EFFECT,NO-EFFECT,NO-EFFECT,pay0:NO-E pay1:NO-E pay2:NO-E pay3:NO-E,CHANCE,0.379,CHANCE,NO-EFFECT,NO-EFFECT,NO-EFFECT,sample,ring,6,1,async,0.6,4,8,4,1,8,16
b472c4f8,A,HOLD,UNREADABLE,UNREADABLE,,0.637,0.598,0.635,FLIP,0.348,False,NO-EFFECT,0.637,True,NO-EFFECT,NO-EFFECT,NO-EFFECT,pay0:NO-E,,,CHANCE,NO-EFFECT,NO-EFFECT,NO-EFFECT,all,random,0,4,async,0.3,1,8,1,0,8,4
b4e404f6,A,HOLD,UNREADABLE,UNREADABLE,,0.654,0.586,0.639,CHANCE,0.352,False,NO-EFFECT,0.656,False,NO-EFFECT,NO-EFFECT,NO-EFFECT,pay0:NO-E pay1:NO-E,CHANCE,0.349,CHANCE,NO-EFFECT,NO-EFFECT,NO-EFFECT,sample,global,6,1,sync,0.1,1,1,2,0,8,8
c868a87b,A,HOLD,UNREADABLE,UNREADABLE,,0.62,0.568,0.641,CHANCE,0.362,False,NO-EFFECT,0.62,True,NO-EFFECT,NO-EFFECT,NO-EFFECT,pay0:NO-E pay1:NO-E pay2:NO-E pay3:NO-E,CHANCE,0.362,CHANCE,NO-EFFECT,NO-EFFECT,NO-EFFECT,sample,torus,0,0,async,0.0,4,8,4,1,8,16
e2fa0531,A,HOLD,UNREADABLE,UNREADABLE,,0.628,0.594,0.665,CHANCE,0.366,False,NO-EFFECT,0.628,False,NO-EFFECT,NO-EFFECT,NO-EFFECT,pay0:NO-E,CHANCE,0.366,CHANCE,NO-EFFECT,NO-EFFECT,NO-EFFECT,sample,global,0,0,async,0.0,1,8,1,0,4,16
ed884172,A,HOLD,UNREADABLE,UNREADABLE,,0.632,0.581,0.678,CHANCE,0.357,False,NO-EFFECT,0.632,True,NO-EFFECT,NO-EFFECT,NO-EFFECT,pay0:NO-E pay1:NO-E,CHANCE,0.357,CHANCE,NO-EFFECT,NO-EFFECT,NO-EFFECT,all,ring,1,1,async,0.6,4,8,2,0,4,8
faafa5b0,A,HOLD,UNREADABLE,UNREADABLE,,0.596,0.567,0.589,CHANCE,0.395,False,NO-EFFECT,0.596,True,NO-EFFECT,NO-EFFECT,NO-EFFECT,pay0:NO-E pay1:NO-E pay2:NO-E pay3:NO-E,CHANCE,0.395,CHANCE,NO-EFFECT,NO-EFFECT,NO-EFFECT,all,smallworld,1,0,sync,0.3,4,2,4,1,16,16
0a23398f,B,MAJ,CHANNEL,CHANNEL,pay=pay1,0.698,0.645,0.695,NO-EFFECT,0.698,False,FLIP,0.31,False,FLIP,NO-EFFECT,NO-EFFECT,pay0:NO-E pay1:FLIP pay2:NO-E pay3:NO-E,,,NO-EFFECT,FLIP,NO-EFFECT,NO-EFFECT,all,ring,3,2,async,0.3,4,8,4,0,4,4
18c218f5,D,MAJ,CHANNEL,CHANNEL,pay=pay3,0.706,0.651,0.699,NO-EFFECT,0.7,False,FLIP,0.314,False,FLIP,NO-EFFECT,NO-EFFECT,pay0:NO-E pay1:NO-E pay2:NO-E pay3:FLIP,,,NO-EFFECT,FLIP,NO-EFFECT,NO-EFFECT,all,ring,3,2,async,0.3,4,8,4,0,4,4
1a86071f,D,MAJ,CHANNEL,CHANNEL,TRIVIAL;pay=pay1,0.677,0.635,0.68,NO-EFFECT,0.677,True,FLIP,0.323,False,FLIP,NO-EFFECT,NO-EFFECT,pay0:NO-E pay1:FLIP pay2:NO-E pay3:NO-E,,,NO-EFFECT,FLIP,NO-EFFECT,NO-EFFECT,all,ring,3,2,async,0.3,4,8,4,0,4,4
84c8c1d1,B,MAJ,CHANNEL,CHANNEL,TRIVIAL;pay=pay0,0.649,0.612,0.648,NO-EFFECT,0.649,True,FLIP,0.352,False,FLIP,NO-EFFECT,NO-EFFECT,pay0:FLIP pay1:NO-E pay2:NO-E pay3:NO-E,,,NO-EFFECT,FLIP,NO-EFFECT,NO-EFFECT,all,ring,3,2,async,0.3,4,8,4,0,4,4
88a1a041,B,MAJ,CHANNEL,CHANNEL,TRIVIAL;pay=pay1,0.691,0.648,0.671,NO-EFFECT,0.691,True,FLIP,0.309,False,FLIP,NO-EFFECT,NO-EFFECT,pay0:NO-E pay1:FLIP pay2:NO-E pay3:NO-E,,,NO-EFFECT,FLIP,NO-EFFECT,NO-EFFECT,all,ring,3,2,async,0.3,4,8,4,0,4,4
f6b623cd,B,MAJ,CHANNEL,CHANNEL,TRIVIAL;pay=pay3,0.682,0.639,0.686,NO-EFFECT,0.682,True,FLIP,0.318,False,FLIP,NO-EFFECT,NO-EFFECT,pay0:NO-E pay1:NO-E pay2:NO-E pay3:FLIP,,,NO-EFFECT,FLIP,NO-EFFECT,NO-EFFECT,all,ring,3,2,async,0.3,4,8,4,0,4,4
4781b0a1,C,MAJ,JOINT,ELSEWHERE,JOINT-SPLIT;HANDOFF,0.749,0.699,0.789,CHANCE,0.538,False,CHANCE,0.453,False,CHANCE,NO-EFFECT,NO-EFFECT,pay0:NO-E pay1:CHAN,FLIP,0.262,CHANCE,CHANCE,NO-EFFECT,NO-EFFECT,sample,ring,0,2,sync,0.1,1,8,2,1,16,8
8743da7f,D,MAJ,JOINT,ELSEWHERE,JOINT-ASYM;HANDOFF,0.626,0.604,0.636,NO-EFFECT,0.615,False,CHANCE,0.395,False,CHANCE,NO-EFFECT,NO-EFFECT,pay0:CHAN pay1:NO-E,FLIP,0.363,CHANCE,NO-EFFECT,NO-EFFECT,NO-EFFECT,sample,ring,0,2,sync,0.1,1,8,2,1,16,8
613162a3,C,MAJ,SITE,SITE,,0.713,0.671,0.682,FLIP,0.325,False,NO-EFFECT,0.684,False,NO-EFFECT,NO-EFFECT,NO-EFFECT,pay0:NO-E pay1:NO-E,,,FLIP,NO-EFFECT,NO-EFFECT,NO-EFFECT,sample,global,3,1,async,0.1,1,8,2,0,16,4
26f9428b,B,MAJ,UNREADABLE,UNREADABLE,,0.588,0.568,0.582,NO-EFFECT,0.588,True,CHANCE,0.412,False,NO-EFFECT,CHANCE,NO-EFFECT,pay0:NO-E pay1:NO-E pay2:NO-E pay3:NO-E,CHANCE,0.412,NO-EFFECT,CHANCE,NO-EFFECT,NO-EFFECT,all,ring,3,2,async,0.3,4,8,4,0,4,4
3c3d996a,B,MAJ,UNREADABLE,UNREADABLE,,0.576,0.561,0.578,NO-EFFECT,0.574,False,CHANCE,0.424,False,NO-EFFECT,CHANCE,NO-EFFECT,pay0:NO-E pay1:NO-E pay2:NO-E pay3:NO-E,CHANCE,0.424,CHANCE,NO-EFFECT,NO-EFFECT,NO-EFFECT,sample,ring,3,0,sync,0.3,4,8,4,1,8,8
4ecdfb3f,A,MAJ,UNREADABLE,UNREADABLE,,0.565,0.546,0.582,NO-EFFECT,0.546,False,CHANCE,0.454,False,CHANCE,NO-EFFECT,NO-EFFECT,pay0:CHAN,CHANCE,0.435,CHANCE,NO-EFFECT,NO-EFFECT,NO-EFFECT,all,torus,6,0,sync,0.3,4,1,1,0,8,4
57650798,A,MAJ,UNREADABLE,UNREADABLE,,0.627,0.589,0.63,NO-EFFECT,0.627,True,CHANCE,0.373,False,CHANCE,NO-EFFECT,NO-EFFECT,pay0:CHAN pay1:NO-E pay2:NO-E pay3:NO-E,CHANCE,0.373,NO-EFFECT,CHANCE,NO-EFFECT,NO-EFFECT,all,ring,3,2,async,0.3,4,8,4,0,4,4
626aa72f,B,MAJ,UNREADABLE,UNREADABLE,,0.581,0.553,0.589,NO-EFFECT,0.58,False,CHANCE,0.42,False,CHANCE,NO-EFFECT,NO-EFFECT,pay0:CHAN pay1:NO-E pay2:NO-E pay3:NO-E,CHANCE,0.42,CHANCE,NO-EFFECT,NO-EFFECT,NO-EFFECT,sample,ring,3,0,sync,0.3,4,8,4,1,8,8
88f94654,B,MAJ,UNREADABLE,UNREADABLE,,0.611,0.565,0.652,NO-EFFECT,0.615,False,CHANCE,0.38,False,CHANCE,NO-EFFECT,NO-EFFECT,pay0:NO-E pay1:CHAN pay2:NO-E pay3:NO-E,CHANCE,0.378,NO-EFFECT,CHANCE,NO-EFFECT,NO-EFFECT,all,ring,3,2,async,0.3,4,8,4,0,4,4
8ccf6c72,B,MAJ,UNREADABLE,UNREADABLE,,0.581,0.561,0.578,NO-EFFECT,0.581,True,CHANCE,0.419,False,CHANCE,NO-EFFECT,NO-EFFECT,pay0:CHAN pay1:NO-E pay2:NO-E pay3:NO-E,CHANCE,0.419,NO-EFFECT,CHANCE,NO-EFFECT,NO-EFFECT,all,ring,3,2,async,0.3,4,8,4,0,4,4
8e1caf6b,B,MAJ,UNREADABLE,UNREADABLE,,0.584,0.543,0.606,NO-EFFECT,0.575,False,CHANCE,0.42,False,CHANCE,NO-EFFECT,NO-EFFECT,pay0:NO-E pay1:NO-E pay2:NO-E pay3:CHAN,CHANCE,0.411,NO-EFFECT,CHANCE,NO-EFFECT,NO-EFFECT,all,ring,3,2,async,0.3,4,8,4,0,4,4
e341694d,B,MAJ,UNREADABLE,UNREADABLE,,0.57,0.551,0.585,NO-EFFECT,0.57,False,CHANCE,0.429,False,NO-EFFECT,CHANCE,NO-EFFECT,pay0:NO-E pay1:NO-E pay2:NO-E pay3:NO-E,CHANCE,0.428,CHANCE,NO-EFFECT,NO-EFFECT,NO-EFFECT,sample,ring,3,0,sync,0.3,4,8,4,1,8,8
fded1681,A,MAJ,UNREADABLE,UNREADABLE,,0.56,0.54,0.584,NO-EFFECT,0.568,False,CHANCE,0.442,False,NO-EFFECT,CHANCE,NO-EFFECT,pay0:NO-E pay1:NO-E pay2:NO-E pay3:NO-E,CHANCE,0.436,CHANCE,NO-EFFECT,NO-EFFECT,NO-EFFECT,sample,ring,3,0,sync,0.3,4,8,4,1,8,8
31cd2a8a,B2,RELAY,CHANNEL,SITE,HANDOFF;pay=pay1,0.896,0.872,0.857,NO-EFFECT,0.896,False,FLIP,0.104,False,FLIP,NO-EFFECT,NO-EFFECT,pay0:NO-E pay1:FLIP,,,FLIP,CHANCE,NO-EFFECT,NO-EFFECT,sample,ring,0,2,sync,0.1,1,8,2,1,8,8
4316f167,D,RELAY,CHANNEL,SITE,HANDOFF;pay=pay0,0.776,0.742,0.789,NO-EFFECT,0.776,False,FLIP,0.224,False,FLIP,NO-EFFECT,NO-EFFECT,pay0:FLIP pay1:NO-E,,,FLIP,NO-EFFECT,NO-EFFECT,NO-EFFECT,sample,ring,0,2,sync,0.1,1,8,2,1,8,8
a02aa099,B2,RELAY,CHANNEL,CHANNEL,pay=none;COUNT-FLIP,0.646,0.617,0.624,NO-EFFECT,0.643,False,FLIP,0.354,False,NO-EFFECT,FLIP,NO-EFFECT,pay0:NO-E pay1:NO-E,,,NO-EFFECT,FLIP,NO-EFFECT,NO-EFFECT,sample,ring,0,2,sync,0.1,1,8,2,1,4,8
bf82cb29,B,RELAY,CHANNEL,ELSEWHERE,HANDOFF;pay=pay1,0.667,0.648,0.673,NO-EFFECT,0.667,False,FLIP,0.333,False,FLIP,NO-EFFECT,NO-EFFECT,pay0:NO-E pay1:FLIP,,,CHANCE,CHANCE,NO-EFFECT,NO-EFFECT,sample,ring,0,2,sync,0.1,1,8,2,1,8,8
dcd404a9,B2,RELAY,CHANNEL,CHANNEL,pay=pay1,0.651,0.623,0.639,NO-EFFECT,0.648,False,FLIP,0.348,False,FLIP,NO-EFFECT,NO-EFFECT,pay0:NO-E pay1:FLIP,,,NO-EFFECT,FLIP,NO-EFFECT,NO-EFFECT,sample,ring,0,2,sync,0.1,1,8,2,1,4,8
ed16c553,B2,RELAY,CHANNEL,SITE,HANDOFF;pay=pay0,0.769,0.738,0.777,NO-EFFECT,0.782,False,FLIP,0.231,False,FLIP,NO-EFFECT,NO-EFFECT,pay0:FLIP pay1:NO-E,,,FLIP,NO-EFFECT,NO-EFFECT,NO-EFFECT,sample,ring,0,2,sync,0.1,1,8,2,1,8,8
42716814,C,RELAY,ELSEWHERE,ELSEWHERE,,0.642,0.604,0.647,CHANCE,0.465,False,CHANCE,0.526,False,NO-EFFECT,CHANCE,NO-EFFECT,pay0:NO-E,CHANCE,0.37,CHANCE,NO-EFFECT,CHANCE,CHANCE,sample,global,3,4,sync,0.1,1,4,1,1,16,8
d3c0d182,E,RELAY,ELSEWHERE,ELSEWHERE,,0.623,0.604,0.619,CHANCE,0.439,False,CHANCE,0.561,False,NO-EFFECT,CHANCE,NO-EFFECT,pay0:NO-E pay1:NO-E,CHANCE,0.389,CHANCE,CHANCE,NO-EFFECT,NO-EFFECT,sample,ring,0,2,sync,0.1,1,8,2,1,16,8
1d88af70,B2,RELAY,JOINT,ELSEWHERE,JOINT-SPLIT;HANDOFF,0.694,0.667,0.681,CHANCE,0.542,False,CHANCE,0.453,False,NO-EFFECT,CHANCE,NO-EFFECT,pay0:NO-E,FLIP,0.311,CHANCE,CHANCE,NO-EFFECT,NO-EFFECT,all,smallworld,0,4,async,0.6,2,2,1,1,4,4
2dccdaa5,B,RELAY,JOINT,SITE,JOINT-SPLIT;HANDOFF,0.802,0.773,0.792,CHANCE,0.371,False,CHANCE,0.629,False,CHANCE,NO-EFFECT,NO-EFFECT,pay0:CHAN pay1:NO-E,FLIP,0.198,FLIP,NO-EFFECT,NO-EFFECT,NO-EFFECT,sample,ring,0,2,sync,0.1,1,8,2,1,8,8
369f5a5b,B,RELAY,JOINT,SITE,JOINT-SPLIT;HANDOFF,0.699,0.661,0.691,CHANCE,0.417,False,CHANCE,0.574,False,CHANCE,NO-EFFECT,NO-EFFECT,pay0:CHAN,FLIP,0.283,FLIP,NO-EFFECT,NO-EFFECT,NO-EFFECT,all,smallworld,0,4,async,0.6,2,8,1,1,16,4
53e569f4,B,RELAY,JOINT,ELSEWHERE,JOINT-SPLIT;HANDOFF,0.723,0.707,0.719,CHANCE,0.583,False,CHANCE,0.417,False,CHANCE,NO-EFFECT,NO-EFFECT,pay0:CHAN,FLIP,0.278,CHANCE,CHANCE,NO-EFFECT,NO-EFFECT,all,torus,0,4,async,0.6,2,2,1,1,16,4
78f3b0ec,B2,RELAY,JOINT,ELSEWHERE,JOINT-SPLIT;HANDOFF,0.674,0.659,0.674,CHANCE,0.409,False,CHANCE,0.591,False,NO-EFFECT,CHANCE,NO-EFFECT,pay0:NO-E pay1:NO-E,FLIP,0.326,CHANCE,CHANCE,NO-EFFECT,NO-EFFECT,sample,ring,0,2,sync,0.1,1,8,2,1,16,8
7bd03b20,B2,RELAY,JOINT,ELSEWHERE,JOINT-SPLIT;HANDOFF,0.667,0.641,0.661,CHANCE,0.564,False,CHANCE,0.434,False,CHANCE,NO-EFFECT,NO-EFFECT,pay0:CHAN,FLIP,0.336,CHANCE,CHANCE,NO-EFFECT,NO-EFFECT,all,smallworld,0,4,async,0.6,2,2,1,1,4,4
8c37f32e,D,RELAY,JOINT,SITE,JOINT-SPLIT;HANDOFF,0.832,0.799,0.816,CHANCE,0.383,False,CHANCE,0.628,False,CHANCE,NO-EFFECT,NO-EFFECT,pay0:NO-E pay1:CHAN,FLIP,0.182,FLIP,NO-EFFECT,NO-EFFECT,NO-EFFECT,sample,ring,0,2,sync,0.1,1,8,2,1,8,8
95649e2c,B,RELAY,JOINT,ELSEWHERE,JOINT-SPLIT;HANDOFF,0.667,0.65,0.667,CHANCE,0.437,False,CHANCE,0.563,False,CHANCE,NO-EFFECT,NO-EFFECT,pay0:CHAN,FLIP,0.333,CHANCE,CHANCE,NO-EFFECT,NO-EFFECT,all,ring,0,4,async,0.6,2,2,1,1,16,4
9bbe8637,B,RELAY,JOINT,ELSEWHERE,JOINT-SPLIT;HANDOFF,0.634,0.609,0.626,CHANCE,0.578,False,CHANCE,0.422,False,CHANCE,NO-EFFECT,NO-EFFECT,pay0:CHAN,FLIP,0.366,CHANCE,CHANCE,NO-EFFECT,NO-EFFECT,all,smallworld,0,4,async,0.6,2,2,1,1,4,4
c16d5231,B2,RELAY,JOINT,SITE,JOINT-SPLIT;HANDOFF,0.85,0.81,0.837,CHANCE,0.361,False,CHANCE,0.617,False,CHANCE,NO-EFFECT,NO-EFFECT,pay0:CHAN pay1:NO-E,FLIP,0.134,FLIP,NO-EFFECT,NO-EFFECT,NO-EFFECT,sample,ring,0,2,sync,0.1,1,8,2,1,8,8
dcc7afb7,B,RELAY,JOINT,ELSEWHERE,JOINT-SPLIT;HANDOFF,0.659,0.645,0.648,CHANCE,0.559,False,CHANCE,0.451,False,CHANCE,NO-EFFECT,NO-EFFECT,pay0:CHAN pay1:NO-E,FLIP,0.346,CHANCE,CHANCE,CHANCE,CHANCE,sample,global,0,2,sync,0.1,1,8,2,1,16,8
e06701a5,D,RELAY,JOINT,SITE,JOINT-SPLIT;HANDOFF,0.662,0.635,0.667,CHANCE,0.436,False,CHANCE,0.567,False,NO-EFFECT,CHANCE,NO-EFFECT,pay0:NO-E pay1:NO-E,FLIP,0.344,FLIP,NO-EFFECT,NO-EFFECT,NO-EFFECT,sample,ring,0,2,sync,0.1,1,8,2,1,8,8
35c721fd,D,RELAY,SITE,SITE,,0.773,0.689,0.751,FLIP,0.219,False,NO-EFFECT,0.773,False,NO-EFFECT,NO-EFFECT,NO-EFFECT,pay0:NO-E pay1:NO-E,,,FLIP,NO-EFFECT,NO-EFFECT,NO-EFFECT,sample,ring,0,2,sync,0.1,1,8,2,1,8,8
62a7fff9,B,RELAY,SITE,SITE,,0.837,0.786,0.85,FLIP,0.365,False,CHANCE,0.635,False,CHANCE,NO-EFFECT,NO-EFFECT,pay0:NO-E pay1:CHAN,,,FLIP,NO-EFFECT,NO-EFFECT,NO-EFFECT,sample,ring,0,2,sync,0.1,1,8,2,1,8,8
63d17a90,B2,RELAY,SITE,SITE,TRIVIAL,0.776,0.749,0.77,FLIP,0.224,False,NO-EFFECT,0.776,True,NO-EFFECT,NO-EFFECT,NO-EFFECT,pay0:NO-E,,,FLIP,NO-EFFECT,NO-EFFECT,NO-EFFECT,all,torus,0,4,async,0.6,2,2,1,1,16,4
72dd71d8,D,RELAY,SITE,SITE,,0.851,0.823,0.857,FLIP,0.324,False,CHANCE,0.66,False,CHANCE,NO-EFFECT,NO-EFFECT,pay0:CHAN pay1:NO-E,,,FLIP,NO-EFFECT,NO-EFFECT,NO-EFFECT,sample,ring,0,2,sync,0.1,1,8,2,1,8,8
b059e735,B,RELAY,SITE,SITE,TRIVIAL,0.751,0.716,0.768,FLIP,0.249,False,NO-EFFECT,0.751,True,NO-EFFECT,NO-EFFECT,NO-EFFECT,pay0:NO-E,,,FLIP,NO-EFFECT,NO-EFFECT,NO-EFFECT,all,torus,0,4,async,0.6,2,2,1,1,16,4
b59e6c3a,B2,RELAY,SITE,SITE,TRIVIAL,0.771,0.732,0.786,FLIP,0.229,False,NO-EFFECT,0.771,True,NO-EFFECT,NO-EFFECT,NO-EFFECT,pay0:NO-E,,,FLIP,NO-EFFECT,NO-EFFECT,NO-EFFECT,all,smallworld,0,4,async,0.6,2,2,1,1,16,4
bbef66a1,B,RELAY,SITE,SITE,,0.892,0.872,0.883,FLIP,0.294,False,CHANCE,0.706,False,CHANCE,NO-EFFECT,NO-EFFECT,pay0:CHAN pay1:NO-E,,,FLIP,CHANCE,NO-EFFECT,NO-EFFECT,sample,ring,0,2,sync,0.1,1,8,2,1,16,8
cd5b6fd6,B2,RELAY,SITE,SITE,TRIVIAL,0.717,0.704,0.73,FLIP,0.268,False,NO-EFFECT,0.717,True,NO-EFFECT,NO-EFFECT,NO-EFFECT,pay0:NO-E pay1:NO-E,,,FLIP,NO-EFFECT,NO-EFFECT,NO-EFFECT,sample,ring,0,2,sync,0.1,1,8,2,1,16,8
e2afff1c,B,RELAY,SITE,SITE,,0.786,0.747,0.822,FLIP,0.178,False,NO-EFFECT,0.799,False,NO-EFFECT,NO-EFFECT,NO-EFFECT,pay0:NO-E pay1:NO-E,,,FLIP,NO-EFFECT,NO-EFFECT,NO-EFFECT,sample,ring,0,2,sync,0.1,1,8,2,1,16,8
e9196cae,D,RELAY,SITE,SITE,,0.809,0.781,0.811,FLIP,0.353,False,CHANCE,0.647,False,CHANCE,NO-EFFECT,NO-EFFECT,pay0:CHAN pay1:NO-E,,,FLIP,NO-EFFECT,NO-EFFECT,NO-EFFECT,sample,ring,0,2,sync,0.1,1,8,2,1,8,8
046d7c30,B,RELAY,UNREADABLE,UNREADABLE,,0.565,0.548,0.596,NO-EFFECT,0.503,False,CHANCE,0.497,False,NO-EFFECT,CHANCE,NO-EFFECT,pay0:NO-E pay1:NO-E,CHANCE,0.396,CHANCE,CHANCE,NO-EFFECT,NO-EFFECT,sample,ring,0,2,sync,0.1,1,8,2,1,16,8
0b3c855a,B2,RELAY,UNREADABLE,UNREADABLE,,0.585,0.568,0.573,NO-EFFECT,0.566,False,CHANCE,0.436,False,NO-EFFECT,CHANCE,NO-EFFECT,pay0:NO-E,CHANCE,0.42,CHANCE,CHANCE,NO-EFFECT,NO-EFFECT,all,torus,0,4,async,0.6,2,2,1,1,16,4
0f5451c3,B,RELAY,UNREADABLE,UNREADABLE,,0.562,0.544,0.577,CHANCE,0.492,False,NO-EFFECT,0.508,False,NO-EFFECT,NO-EFFECT,NO-EFFECT,pay0:NO-E pay1:NO-E,CHANCE,0.397,CHANCE,NO-EFFECT,NO-EFFECT,NO-EFFECT,sample,global,0,2,sync,0.1,1,8,2,1,16,8
13b6ae2c,B,RELAY,UNREADABLE,UNREADABLE,,0.564,0.547,0.612,NO-EFFECT,0.512,False,CHANCE,0.488,False,CHANCE,NO-EFFECT,NO-EFFECT,pay0:NO-E pay1:CHAN,CHANCE,0.4,CHANCE,CHANCE,NO-EFFECT,NO-EFFECT,sample,torus,0,2,sync,0.1,1,8,2,1,16,8
4ba2a869,B,RELAY,UNREADABLE,UNREADABLE,,0.632,0.585,0.641,NO-EFFECT,0.632,True,CHANCE,0.368,False,CHANCE,NO-EFFECT,NO-EFFECT,pay0:NO-E pay1:CHAN,CHANCE,0.368,NO-EFFECT,CHANCE,NO-EFFECT,NO-EFFECT,sample,ring,0,2,sync,0.1,1,8,2,1,4,8
606ce18c,B,RELAY,UNREADABLE,UNREADABLE,,0.565,0.548,0.598,NO-EFFECT,0.503,False,CHANCE,0.499,False,CHANCE,NO-EFFECT,NO-EFFECT,pay0:CHAN pay1:NO-E,CHANCE,0.395,NO-EFFECT,CHANCE,NO-EFFECT,NO-EFFECT,sample,ring,0,2,sync,0.1,1,8,2,1,16,8
62062b10,B,RELAY,UNREADABLE,UNREADABLE,,0.572,0.557,0.57,NO-EFFECT,0.572,False,CHANCE,0.428,False,NO-EFFECT,CHANCE,NO-EFFECT,pay0:NO-E pay1:NO-E,CHANCE,0.428,NO-EFFECT,CHANCE,NO-EFFECT,NO-EFFECT,sample,ring,0,2,sync,0.1,1,8,2,1,4,8
63abaede,C,RELAY,UNREADABLE,UNREADABLE,,0.564,0.546,0.589,NO-EFFECT,0.5,False,NO-EFFECT,0.5,False,NO-EFFECT,NO-EFFECT,NO-EFFECT,pay0:NO-E pay1:NO-E,CHANCE,0.396,NO-EFFECT,CHANCE,NO-EFFECT,NO-EFFECT,sample,global,3,1,async,0.1,1,8,2,0,16,4
67830203,B,RELAY,UNREADABLE,UNREADABLE,,0.568,0.554,0.584,NO-EFFECT,0.522,False,CHANCE,0.478,False,NO-EFFECT,NO-EFFECT,NO-EFFECT,pay0:NO-E pay1:NO-E,CHANCE,0.404,CHANCE,NO-EFFECT,NO-EFFECT,NO-EFFECT,sample,ring,0,2,sync,0.1,1,8,2,1,16,8
86fc0105,A,RELAY,UNREADABLE,UNREADABLE,,0.598,0.576,0.598,CHANCE,0.54,False,CHANCE,0.454,False,CHANCE,NO-EFFECT,NO-EFFECT,pay0:CHAN pay1:NO-E,CHANCE,0.399,CHANCE,CHANCE,NO-EFFECT,NO-EFFECT,sample,ring,0,2,sync,0.1,1,8,2,1,16,8
882525a9,B,RELAY,UNREADABLE,UNREADABLE,,0.564,0.548,0.591,NO-EFFECT,0.505,False,CHANCE,0.495,False,NO-EFFECT,CHANCE,NO-EFFECT,pay0:NO-E pay1:NO-E,CHANCE,0.395,CHANCE,CHANCE,NO-EFFECT,NO-EFFECT,sample,smallworld,0,2,sync,0.1,1,8,2,1,16,8
884a64df,A,RELAY,UNREADABLE,UNREADABLE,,0.589,0.57,0.576,CHANCE,0.443,False,NO-EFFECT,0.57,False,NO-EFFECT,NO-EFFECT,NO-EFFECT,pay0:NO-E pay1:NO-E pay2:NO-E pay3:NO-E,CHANCE,0.399,CHANCE,NO-EFFECT,NO-EFFECT,NO-EFFECT,sample,ring,0,4,async,0.0,4,2,4,1,16,4
8a8e65ad,B2,RELAY,UNREADABLE,UNREADABLE,,0.607,0.589,0.611,NO-EFFECT,0.607,True,CHANCE,0.393,False,CHANCE,NO-EFFECT,NO-EFFECT,pay0:NO-E pay1:CHAN,CHANCE,0.393,NO-EFFECT,CHANCE,NO-EFFECT,NO-EFFECT,sample,ring,0,2,sync,0.1,1,8,2,1,4,8
925caa3a,A,RELAY,UNREADABLE,UNREADABLE,,0.565,0.548,0.578,NO-EFFECT,0.565,True,CHANCE,0.393,False,CHANCE,NO-EFFECT,NO-EFFECT,pay0:NO-E pay1:CHAN pay2:NO-E pay3:NO-E,CHANCE,0.393,NO-EFFECT,CHANCE,NO-EFFECT,NO-EFFECT,all,ring,0,0,sync,0.0,1,8,4,1,16,4
a395784b,B,RELAY,UNREADABLE,UNREADABLE,,0.613,0.598,0.617,CHANCE,0.447,False,CHANCE,0.553,False,NO-EFFECT,CHANCE,NO-EFFECT,pay0:NO-E pay1:NO-E,CHANCE,0.387,CHANCE,CHANCE,NO-EFFECT,NO-EFFECT,sample,ring,0,2,sync,0.1,1,4,2,1,16,8
a8544b2d,B2,RELAY,UNREADABLE,UNREADABLE,,0.577,0.565,0.568,NO-EFFECT,0.546,False,CHANCE,0.454,False,NO-EFFECT,CHANCE,NO-EFFECT,pay0:NO-E,CHANCE,0.423,NO-EFFECT,CHANCE,NO-EFFECT,NO-EFFECT,all,smallworld,0,4,async,0.6,2,2,1,1,4,4
c7d7d2a4,B,RELAY,UNREADABLE,UNREADABLE,,0.57,0.54,0.589,CHANCE,0.499,False,CHANCE,0.509,False,NO-EFFECT,NO-EFFECT,NO-EFFECT,pay0:NO-E,CHANCE,0.404,CHANCE,CHANCE,NO-EFFECT,NO-EFFECT,all,smallworld,0,4,async,0.6,2,2,1,1,16,4
c939c3c7,A,RELAY,UNREADABLE,UNREADABLE,,0.589,0.57,0.598,CHANCE,0.415,False,NO-EFFECT,0.589,False,NO-EFFECT,NO-EFFECT,NO-EFFECT,pay0:NO-E,CHANCE,0.415,CHANCE,NO-EFFECT,NO-EFFECT,NO-EFFECT,all,smallworld,0,4,async,0.6,2,2,1,1,16,4
d839fabb,B,RELAY,UNREADABLE,UNREADABLE,,0.553,0.544,0.564,NO-EFFECT,0.553,True,CHANCE,0.447,False,NO-EFFECT,CHANCE,NO-EFFECT,pay0:NO-E pay1:NO-E,CHANCE,0.447,NO-EFFECT,CHANCE,NO-EFFECT,NO-EFFECT,sample,ring,0,2,sync,0.1,1,8,2,1,4,8
e2334ea7,B,RELAY,UNREADABLE,UNREADABLE,,0.597,0.583,0.597,CHANCE,0.521,False,CHANCE,0.477,False,CHANCE,NO-EFFECT,NO-EFFECT,pay0:CHAN,CHANCE,0.406,CHANCE,CHANCE,NO-EFFECT,NO-EFFECT,all,smallworld,0,4,async,0.6,2,2,1,1,4,4
