00:13:42,85, 2154, 48
00:13:49,97, 2172, 47
00:13:55,97, 2172, 51
00:14:01,96, 2172, 52
00:14:07,97, 2264, 53
00:14:13,98, 2264, 54
00:14:19,97, 2172, 55
00:14:26,97, 2264, 57
00:14:32,98, 2252, 58
00:14:38,96, 2356, 59
00:14:44,80, 2326, 57
00:14:50,97, 2248, 60
00:14:57,96, 2248, 59
00:15:03,87, 2258, 61
00:15:09,98, 2180, 63
00:15:15,97, 2182, 62
00:15:21,97, 2288, 61
00:15:27,97, 2160, 60
00:15:34,97, 2182, 59
00:15:40,97, 2278, 59
00:15:46,97, 2172, 59
00:15:52,97, 2172, 58
00:15:58,97, 2366, 58
00:16:04,97, 2302, 58
00:16:11,97, 2172, 57
00:16:17,97, 2274, 58
00:16:23,96, 2278, 55
00:16:29,96, 2278, 54
00:16:35,96, 2324, 52
00:16:41,87, 2218, 55
00:16:48,97, 2300, 55
00:16:54,97, 2300, 55
00:17:00,97, 2300, 55
00:17:06,98, 2218, 54
00:17:12,97, 2100, 55
00:17:18,97, 2206, 55
00:17:25,97, 2206, 54
00:17:31,98, 2206, 55
00:17:37,98, 2260, 55
00:17:43,98, 2206, 55
00:17:49,96, 2206, 54
00:17:55,96, 2204, 54
00:18:02,98, 2298, 53
00:18:08,76, 2400, 52
00:18:14,97, 2288, 55
00:18:20,98, 2386, 56
00:18:26,97, 2288, 55
00:18:32,97, 2288, 52
00:18:39,97, 2288, 54
00:18:45,94, 2288, 54
00:18:51,98, 2314, 55
00:18:57,97, 2230, 54
00:19:03,97, 2230, 55
00:19:09,97, 2336, 55
00:19:16,97, 2432, 54
00:19:22,97, 2334, 52
00:19:28,97, 2334, 54
00:19:34,96, 2334, 54
00:19:40,97, 1903, 54
00:19:46,97, 1903, 54
00:19:52,97, 1903, 53
00:19:59,76, 1903, 54
00:20:05,97, 1903, 54
00:20:11,64, 1915, 52
00:20:17,97, 1915, 54
00:20:23,97, 2013, 54
00:20:29,22, 1486, 53
00:20:36,98, 1486, 54
00:20:42,98, 1486, 54
00:20:48,98, 1486, 54
00:20:54,98, 1486, 54
00:21:00,98, 1486, 54
00:21:06,23, 1592, 50
00:21:13,23, 1592, 48
00:21:19,10, 1175, 45
