11:32:21,94, 1822, 55, 65.63,19.68
11:32:28,96, 2133, 55, 68.65,19.28
11:32:35,96, 2133, 55, 72.86,19.24
11:32:42,92, 2179, 54, 75.89,19.23
11:32:48,96, 2133, 55, 75.48,19.25
11:32:55,96, 1981, 54, 76.48,19.27
11:33:01,98, 1983, 55, 78.74,19.28
11:33:08,94, 2087, 54, 78.42,19.28
11:33:14,97, 2087, 55, 77.22,19.31
11:33:21,95, 2079, 55, 78.92,19.33
11:33:28,97, 2039, 51, 73.49,19.3
11:33:35,95, 2099, 54, 75.46,19.24
11:33:41,98, 2205, 54, 75.88,19.26
11:33:48,97, 2197, 54, 76.21,19.22
11:33:54,90, 2217, 53, 66.62,19.38
11:34:00,89, 2217, 53, 66.90,19.49
11:34:07,66, 2755, 53, 87.18,19.42
11:34:14,95, 2181, 54, 82.54,19.41
11:34:20,98, 2511, 56, 70.75,19.44
11:34:26,98, 2511, 56, 94.57,19.39
11:34:33,99, 2539, 57, 95.82,19.4
11:34:40,99, 2539, 56, 96.11,19.39
11:34:46,97, 2539, 57, 95.37,19.39
11:34:52,99, 2539, 58, 96.45,19.34
11:34:59,99, 2539, 58, 96.95,19.35
11:35:05,99, 2539, 58, 97.05,19.37
11:35:11,99, 2769, 58, 96.86,19.38
11:35:18,99, 2769, 58, 96.78,19.36
11:35:24,99, 2797, 58, 97.62,19.42
11:35:31,99, 2797, 58, 97.41,19.43
11:35:37,97, 2797, 58, 95.97,19.42
11:35:44,99, 2595, 58, 97.96,19.41
11:35:50,99, 2773, 59, 98.04,19.37
11:35:56,99, 2775, 58, 97.97,19.39
11:36:02,98, 2929, 58, 97.26,19.43
11:36:09,99, 2797, 59, 97.84,19.4
11:36:15,99, 2567, 59, 98.08,19.38
11:36:21,99, 2797, 59, 97.74,19.45
11:36:28,98, 2929, 59, 97.81,19.44
11:36:34,99, 2797, 60, 98.37,19.4
11:36:40,99, 2461, 60, 98.23,19.38
11:36:47,99, 3155, 60, 97.22,19.4
11:36:53,99, 3025, 60, 98.04,19.36
11:36:59,98, 3025, 60, 97.58,19.37
11:37:05,98, 3027, 60, 97.62,18.82
11:37:11,98, 3027, 59, 97.67,18.84
11:37:17,98, 2797, 60, 96.92,18.89
11:37:23,98, 2797, 60, 97.55,18.9
11:37:29,98, 2797, 60, 96.31,18.87
11:37:35,98, 2567, 59, 90.69,18.86
11:37:41,98, 2975, 60, 96.24,19.02
11:37:47,98, 2669, 58, 91.44,18.98
11:37:53,99, 2707, 58, 87.10,18.96
11:38:00,99, 3029, 56, 88.80,18.97
11:38:06,96, 3029, 57, 88.52,18.97
11:38:12,97, 2595, 57, 89.68,18.97
11:38:18,93, 2491, 55, 78.93,18.93
11:38:24,98, 2223, 57, 78.36,18.92
11:38:30,96, 2223, 57, 77.90,18.94
11:38:37,94, 2223, 55, 76.86,18.94
11:38:43,98, 2075, 57, 79.44,18.95
11:38:49,94, 2229, 56, 79.08,18.95
11:38:55,98, 2229, 56, 79.25,18.94
11:39:02,97, 2248, 57, 81.20,19
11:39:08,98, 2142, 56, 82.90,19
11:39:14,98, 2470, 56, 92.79,18.98
11:39:20,97, 2286, 57, 80.88,18.96
11:39:26,98, 2286, 57, 89.41,18.97
11:39:33,88, 2286, 57, 80.55,18.99
11:39:39,98, 2286, 58, 91.43,19
11:39:45,95, 2382, 58, 78.96,19
11:39:51,97, 2404, 57, 83.71,18.99
11:39:57,98, 2404, 58, 82.76,18.99
11:40:03,77, 2404, 54, 84.72,19.04
11:40:09,55, 1933, 55, 89.53,17.08
11:40:15,100, 1736, 57, 90.48,15.91
11:40:21,22, 1738, 52, 40.43,15.9
11:40:27,0, 1053, 48, 10.79,14.73
