claim_id,doc,location,claim_text,source_report,report_value,raw_path,rederived_value,status,denominator,denominator_ok,wording_exceeds,notes
WO-01,SYNTHESIS_2026-09-28_ARC3.md (CORRECTION blocks),CORRECTION 2,"of all 733 recorded CHANCE swap verdicts, 84% stay CHANCE at 512 worlds under the same rule",W-O REPORT,615/733=.839,roles/Ananke/research/workers/W-O/out/rerun_s*.jsonl + roles/Ananke/research/workers/W-O/out/inventory.csv,615/733=0.839,MATCH,733 verdict rows; 249 groups; 85 distinct specimens; 18 exact duplicate rows (W-F mid==late same offset) + 41 W-F/W-I cross-source repeats of the same specimen x offset x arm,NO,YES: count reproduces but rows are not independent units (see denominator/notes),"Recorded CIs all re-derive CHANCE: {'CHANCE': 733}. Unique specimen x offset x arm: 674 rows, stay 566/674=0.840. Specimen-cluster: median per-specimen stay share 1.00; 20 of 85 specimens have < half staying. Top-3 specimens (42716814,369f5a5b,4781b0a1) hold 196/733 rows; without them stay = 451/537=0.840."
WO-02,SYNTHESIS_2026-09-28_ARC3.md (CORRECTION blocks),CORRECTION 2,(readable: 8% -> FLIP),W-O REPORT,39/495=.079,roles/Ananke/research/workers/W-O/out/rerun_s*.jsonl + roles/Ananke/research/workers/W-O/out/inventory.csv,39/495=0.079,MATCH,readable = recorded 64-world normal lo99 >= .60,PARTIAL,,"readable stay 439/495=0.887, NO-EFFECT 17. Readability judged at 64 worlds; W-O itself shows 117/238 'unreadable' are readable at 512."
WO-03,BACKLOG_V2.md,T-SWAP-AUDIT line,"12% -> FLIP, 4% -> NO-EFFECT",W-O REPORT,90 (.123) / 28 (.038),roles/Ananke/research/workers/W-O/out/rerun_s*.jsonl + roles/Ananke/research/workers/W-O/out/inventory.csv,90/733=0.123 / 28/733=0.038,MATCH,733 rows,NO,,
WO-04,SYNTHESIS_2026-09-28_ARC3.md (CORRECTION blocks),CORRECTION 2,concentrated in HOLD (44% -> FLIP),W-O REPORT,35/80 (.44),roles/Ananke/research/workers/W-O/out/rerun_s*.jsonl + roles/Ananke/research/workers/W-O/out/inventory.csv,35/80=0.438,MATCH,HOLD = 80/733 rows (10.9%); HOLD supplies 35/90 of all FLIPs,PARTIAL,,"HOLD is a minority of rows but ~39% of all flips; RELAY (536 rows, 73%) dominates the denominator and drives the 84%."
WO-05,SYNTHESIS_2026-09-28_ARC3.md (CORRECTION blocks),CORRECTION 2,and W-F site_all/joint arms (~23%),"W-O REPORT (table rows 'site_all arm 172 .23', 'joint arm 75 .24' are ALL sources)","site_all 40/172, joint 18/75",roles/Ananke/research/workers/W-O/out/rerun_s*.jsonl + roles/Ananke/research/workers/W-O/out/inventory.csv,"W-F-only site_all+joint 47/127=0.370; all-source site_all 40/172, joint 18/75; W-F site_all 29/82, W-F joint 18/45",MISMATCH,arm rows across sources,PARTIAL,YES: ~23% is the ALL-source site_all/joint rate (58/247); the W-F-only rate is 37% (47/127) -- the 'W-F' label is wrong,"Number right, attribution wrong. Also: W-F|HOLD alone flips 34/43 (79%) while W-I|HOLD flips 1/37, so 'HOLD' and 'W-F site_all/joint' are largely the same C1-row W-F records, not two independent concentrations."
WO-06,SYNTHESIS_2026-09-28_ARC3.md (CORRECTION blocks),CORRECTION 2 / CORRECTIONS register,"Specific reading changes (13 W-F classes, 11 W-I letters)",W-O REPORT,13 / 11,roles/Ananke/research/workers/W-O/out/corrections_WF.csv ; roles/Ananke/research/workers/W-O/out/corrections_WI.csv,13 W-F cells changed (rec_normal basis) / 11 W-I reader letters; 20 W-I rows change sub_chance/sub_flip,MATCH,,,,"Counted from W-O's own corrections CSVs (derived by W-O's rule D3), not re-derived from census rules. W-P/W-R later qualified 369f5a5b o2 J->S and phase-indexed 4781b0a1 letters."
WO-07,SYNTHESIS_2026-09-28_ARC3.md (CORRECTION blocks),CORRECTION 2,The absolute rule stays blind to complete transfers at normal ~.57-.62 (42 gated FLIP_REL cases),W-O REPORT,42,roles/Ananke/research/workers/W-O/out/rerun_s*.jsonl + roles/Ananke/research/workers/W-O/out/inventory.csv (rel_ungated label + rerun_table p_min),"42 rows; 20 source x specimen x offset groups; 14 specimens; z bins {'le_m95': 24, 'm95_m75': 2, 'm75_m57': 15, 'gt_m57': 1}; 512-world normal lo99 0.580-0.672",MATCH,42 rows in 20 groups,NO,YES: 'complete transfers' -- only 24 have z <= -.95,"REL label is the worker's saved label (pair arrays not saved by W-O), gate recomputed. Families {'RELAY': 19, 'MAJ': 16, 'HOLD': 7}."
WO-08,SYNTHESIS_2026-09-29.md,s1 bullet 4,"the full audit (W-O, 733 verdicts at 512 worlds) shows 84% stay CHANCE; the effect concentrates in HOLD and W-F site_all/joint arms",W-O REPORT,84%,roles/Ananke/research/workers/W-O/out/rerun_s*.jsonl + roles/Ananke/research/workers/W-O/out/inventory.csv,615/733=0.839,MATCH,see WO-01,NO,PARTIAL (see WO-05 qualifier),
WO-09,SYNTHESIS_2026-09-28_ARC3.md (CORRECTION blocks),CORRECTION 2,Most recorded CHANCE verdicts are real partial or mixed effects,W-O REPORT DISAGREEMENTS 1,inferred from census UNRESOLVED/IDENTITY-BROKEN/MIXTURE + CHANCE_REL/INDETERMINATE,roles/Ananke/research/workers/W-O/out/rerun_s*.jsonl + roles/Ananke/research/workers/W-O/out/inventory.csv,"of 615 stays: rel_ungated {'FLIP_REL': 95, 'CHANCE_REL': 365, 'INDETERMINATE': 101, 'NO_EFFECT_REL': 54}; census {'UNDEFINED': 175, 'CHANNEL': 19, 'NEITHER': 32, 'SITE': 29, 'UNRESOLVED': 228, 'MIXTURE': 50, 'IDENTITY-BROKEN': 82}",UNDERIVABLE,615 stays,NO,YES: 'stay CHANCE at 512' does not identify partial/mixed effects,"CHANCE_REL (365) certifies only z in (-1/2,+1/2): consistent with partial transfer, a true null of an arm that is not read, or a mixture; NO_EFFECT_REL (54) are nulls; INDETERMINATE (101) is no reading. Census UNDEFINED/UNRESOLVED mean the census could not classify. Harmonia #1045 and the harvest both flag this; the register accepted the narrower reading but the ARC3 CORRECTION 2 text is unchanged (raw record not edited)."
WO-10,CORRECTIONS_2026-09-29_SWAP_AUDIT.md,Harmonia correction,"W-O plan freeze not provable from git (PLAN first committed with results, 93e2e544b); inventory hash 73eecd8a frozen before re-runs",Harmonia audit #1045 / harvest freeze_check,FAIL plan-before-results,roles/Ananke/research/workers/W-O/PLAN.md,PLAN.md first commit 93e2e544b; rerun_table.csv first commit 93e2e544b; sha256(inventory.csv)[:16]=73eecd8a77a0c4e5,MATCH,,,,"Plan and results share their first commit -> plan-before-results unprovable (W-O predictions = unverified-frozen). Inventory hash matches today's file, but its pre-run timing rests only on W-O LOG A1 (self-report), not git."
WO-11,SYNTHESIS_2026-09-29.md,s3,W-O's frozen proportions missed all three,W-O REPORT,FLIP 30+-10 -> 12.3; NE 15+-10 -> 3.8; CHANCE 55+-15 -> 83.9,roles/Ananke/research/workers/W-O/out/rerun_s*.jsonl + roles/Ananke/research/workers/W-O/out/inventory.csv,FLIP pred 0.30+-0.10 obs 0.123; NOEFF pred 0.15+-0.10 obs 0.038; CHANCE pred 0.55+-0.15 obs 0.839,MATCH,733 rows,NO,,"Prediction values taken from W-O REPORT (PLAN not git-frozen, see WO-10)."
WO-12,SYNTHESIS_2026-09-28_ARC3.md (CORRECTION blocks) / SYNTHESIS_2026-09-29.md,CORRECTION 2 / s1,84% stay CHANCE (does it hold per family / per source record?),W-O REPORT,"W-F 206/281, W-I 405/448, HOLD 44/80, MAJ 91/117, RELAY 480/536",roles/Ananke/research/workers/W-O/out/rerun_s*.jsonl + roles/Ananke/research/workers/W-O/out/inventory.csv,HOLD stay 44/80=0.55; MAJ stay 91/117=0.778; RELAY stay 480/536=0.896 || SCT stay 4/4=1.0; WF stay 206/281=0.733; WI stay 405/448=0.904 || SCT|MAJ 1.0; SCT|RELAY 1.0; WF|HOLD 0.186; WF|MAJ 0.786; WF|RELAY 0.846; WI|HOLD 0.973; WI|MAJ 0.759; WI|RELAY 0.921,MATCH,per stratum,NO,"YES: 84% is a mixture -- W-F stays only 73%, HOLD 55%, W-F|HOLD lower still; RELAY/W-I (73%+61% of rows) carry the pooled figure","The pooled 84% is not a property of 'recorded CHANCE verdicts' generally; it is dominated by W-I RELAY sub-carrier arms (S, channel_content, inbox, channel_count, r), most of which the census cannot classify."
WN-01,SYNTHESIS_2026-09-28_ARC3.md (CORRECTION blocks),CORRECTION (W-N),"at 512 worlds the absolute rule gives FLIP (S carrier, z ~ -1) on every W-L champion",W-N REPORT,"FLIP on all 5 champions (+ near-miss n1_s2), z -.95..-1.08",roles/Ananke/research/workers/W-N/out/verdict_changes.csv,"14/14 S/site_all rows FLIP by re-applied rule; champions ['W-L n1_s0', 'W-L n1_s2', 'W-L n1_s3', 'W-L n2_s1', 'W-L n2_s2']; z -1.08..-0.95",MATCH,5 specimens (5 champions + n1_s2 near-miss),YES,,verdict_changes.csv is W-N's derived table (CIs from its own bootstrap); specimens_wl.json is the raw-er output. Rule re-applied to the saved CIs. Superseded in generality by CORRECTION 2.
WQ-01,BACKLOG_V2.md,T-SWAP-REL2,"FLIP_REL 170, NO_EFFECT_REL 81, CHANCE_REL 376, INDETERMINATE 105, NOT_ELIGIBLE 1",W-Q REPORT,170/81/376/105/1,roles/Ananke/research/workers/W-Q/out/rel2_table.csv,"{'FLIP_REL': 170, 'NO_EFFECT_REL': 81, 'CHANCE_REL': 376, 'INDETERMINATE': 105, 'NOT_ELIGIBLE': 1}",MATCH,733 rows,NO,,"Recount of W-Q's per-verdict label table (labels need pair data W-O did not save: recount, not recompute)."
WQ-02,CORRECTIONS_2026-09-29_SWAP_AUDIT.md,W-Q qualification,95 of the 615 absolute-CHANCE verdicts become FLIP_REL (53 of them only under the non-strict rule),W-Q REPORT,95 / 53,roles/Ananke/research/workers/W-Q/out/rel2_table.csv,95 / 53,MATCH,615 CHANCE rows,NO,,
WU-01,BACKLOG_V2.md,T-SWAP-REL3,"REL3 on W-O's 733: 669 identical to REL2, 64 ambiguous, 0 inconsistent",W-U REPORT,669/64/0,roles/Ananke/research/workers/W-U/out/rel3_733.csv,"status {'DETERMINED': 669, 'AMBIGUOUS': 64}; rel3==rel2 string-equal 669",MATCH,733 rows,NO,,64 AMBIGUOUS are rows where the saved MARGINALS could not fix the pair-level label (W-U bounded over rho).
WU-02,BACKLOG_V2.md,T-SWAP-REL3,Transfer class by paired z CI: 101 COMPLETE / 33 PARTIAL / 33 ambiguous of 170 FLIP_REL,W-U REPORT,101/33/33 of 170,roles/Ananke/research/workers/W-U/out/rel3_733.csv,"zclass over rel2 FLIP_REL rows (n=170): {'COMPLETE': 101, 'PARTIAL': 36, 'ambiguous': 33, 'other': 0}; over rel3=='FLIP_REL' exactly (n=167): {'COMPLETE': 101, 'PARTIAL': 33, 'ambiguous': 33, 'other': 0}",PARTIAL,170 REL2 FLIP_REL rows,PARTIAL,,"101+33+33=167, not 170: the three numbers are over the 167 rows whose REL3 label is exactly FLIP_REL; the text's denominator 170 is REL2's FLIP_REL count (the other 3 are REL3-ambiguous FLIP|INDETERMINATE rows, all PARTIAL). Rows, not independent groups."
WU-03,SYNTHESIS_2026-09-29.md,s1 bullet 5,"only ~half are complete transfers (W-U paired z CI: 19 COMPLETE, 18 PARTIAL, 5 ambiguous)",W-U REPORT,19/18/5 of 42,roles/Ananke/research/workers/W-U/out/rel3_733.csv x roles/Ananke/research/workers/W-Q/out/rel2_table.csv,"n42=42: {'COMPLETE': 19, 'PARTIAL': 18, 'ambiguous': 5, 'other': 0} raw {'COMPLETE|PARTIAL': 5, 'COMPLETE': 19, 'PARTIAL': 18}",MATCH,42 rows = ~20 dependent groups (W-Q),NO,,zclass column is W-U's saved per-row class (delta-method CI from marginals); not recomputable without pairs.
WQ-03,SYNTHESIS_2026-09-29.md,s1 bullet 5,Per-verdict attainability (W-Q) certifies the 42 low-accuracy transfers the absolute rule cannot call,W-Q REPORT,42/42 FLIP_REL,roles/Ananke/research/workers/W-Q/out/rel2_table.csv,42/42 rel2 FLIP_REL,MATCH,42 rows in ~20 groups,NO,"YES (accepted by register): 42/42 FLIP_REL was guaranteed by construction (W-Q PLAN P3: they had passed W-N's gate); 'certifies' = FLIP_REL under modelled FC, not completeness",
WU-04,SYNTHESIS_2026-09-29.md,s1 bullet 5,The studentized pair bootstrap is the only tested interval holding a 1% false-certificate rate at 32 pairs (W-U),W-U REPORT,BOOTT only; upper CI 1.05-1.09% at K11/K12,roles/Ananke/research/workers/W-U/out/fc_table.json,PCT: max 1.65% (Wilson99 up 1.77%); BCA: max 1.45% (Wilson99 up 1.57%); BOOTT: max 0.99% (Wilson99 up 1.09%); TINT: max 1.51% (Wilson99 up 1.62%); XPCT: max 1.21% (Wilson99 up 1.32%); T90: max 7.23% (Wilson99 up 7.47%),MATCH,simulated nulls (worst/realistic/hetero) x p grid,,"YES (minor): 'holding' -- point max <= 1% but the 99% upper bound exceeds 1% at K11/K12 (not robust), and the FC model treats K trials per pair as independent (H-IMPL H16)","W-U floors (smallest P passing): {'PCT': 128, 'BCA': 128, 'BOOTT': 32, 'TINT': 128, 'XPCT': 64, 'T90': None}. Max taken over fc_table (aggregated from fc_w*.json)."
WZ-01,BACKLOG_V2.md,T-SWAP-AUDIT3,promoted swap_rel on 124/249 groups (365/733 rows),W-Z REPORT,124/249; 365/733,roles/Ananke/research/workers/W-Z/out/pairs/*.npz ; roles/Ananke/research/workers/W-Z/out/row_table.csv,124 pair files; 365 rows; 439 group-arms,MATCH,groups = source x specimen x offset,PARTIAL,,"Coverage is not random: 31 AMBIGUOUS-containing groups first, then ascending sha256; 249-124 = 125 uncovered."
WZ-02,BACKLOG_V2.md,T-SWAP-AUDIT3,"Pa HELD: 54/64 AMBIGUOUS rows resolve to their REL2 label, all 64 inside W-U's bounds",W-Z REPORT,54/64; 64 in bound,roles/Ananke/research/workers/W-Z/out/pairs/*.npz,54/64; in bound 64/64 (labels recomputed with own BOOTT+floor from pairs),MATCH,64 rows in 31 groups,PARTIAL,,My labels equal W-Z's on 365/365 rows.
WZ-03,BACKLOG_V2.md,T-SWAP-AUDIT3,"Pb HELD: 35/124 groups CARRIER-NAMED (28%); 22 PARTIAL, 1 OVERSHOOT, 61 NO-CARRIER-FOUND, 5 UNDECIDED",W-Z REPORT,35/22/1/61/5,roles/Ananke/research/workers/W-Z/out/pairs/*.npz,"{'UNDECIDED': 5, 'NO-CARRIER-FOUND': 61, 'CARRIER-NAMED': 35, 'CARRIER-PARTIAL': 22, 'CARRIER-OVERSHOOT': 1}; per-group equality with W-Z 124/124",MATCH,"124 groups; NAMED groups span 31 specimens; sources {'WF': 32, 'WI': 3}",PARTIAL,"PARTIAL: 'CARRIER-NAMED' for the WF site_all companion arm means 'the whole site array carries', not a named sub-carrier","Recorded-arms-only: {'UNDECIDED': 6, 'NO-CARRIER-FOUND': 78, 'CARRIER-NAMED': 32, 'CARRIER-PARTIAL': 8}. 16/35 NAMED groups are named only by a site_all/channel_all COMPLETE arm. NAMED by family {'RELAY': 16, 'HOLD': 12, 'MAJ': 7}."
WZ-04,BACKLOG_V2.md,T-SWAP-AUDIT3,Consistency vs W-U DETERMINED rows 279/301 = 92.7%,W-Z REPORT,279/301,roles/Ananke/research/workers/W-Z/out/pairs/*.npz ; roles/Ananke/research/workers/W-U/out/rel3_733.csv,"279/301; disagreements {'INDETERMINATE->FLIP_REL': 4, 'INDETERMINATE->NO_EFFECT_REL': 4, 'INDETERMINATE->CHANCE_REL': 12, 'NO_EFFECT_REL->INDETERMINATE': 2} in 10 groups / 8 specimens; |z| [0.3393, 0.6246]",MATCH,301 rows (~10 group events),PARTIAL,,
WZ-05,BACKLOG_V2.md,T-SWAP-AUDIT3,125 uncovered AUDIT3 groups (no automatic run of the other 125 groups),W-Z REPORT / BACKLOG,125,roles/Ananke/research/workers/W-O/out/inventory.csv,249 - 124 = 125,MATCH,,,,
WZ-06,T_SWAP_REL4_INTERPRETATION_TREE.md,What REL4 should NOT claim,under the relative rule 48 of 314 covered absolute-CHANCE rows are FLIP_REL (W-Z),W-Z REPORT DISAGREEMENTS,314; 200 CHANCE_REL / 48 FLIP_REL / 35 NO_EFFECT_REL / 31 INDETERMINATE,roles/Ananke/research/workers/W-Z/out/pairs/*.npz,"{'n': 314, 'CHANCE_REL': 200, 'NO_EFFECT_REL': 35, 'INDETERMINATE': 31, 'FLIP_REL': 48}",MATCH,314 covered rows,PARTIAL,,
HV-01,harvest/INFERENCE_HARVEST_HANDOFF.md,s1 item 5,The promoted swap_rel H2 interval ... equals REL3 on 439/439 real group-arms,harvest (T_SWAP_REL4_INTERPRETATION_TREE.md census),0/439 differ; 0/439 zero-SD resamples,roles/Ananke/research/workers/W-Z/out/pairs/*.npz,439 group-arms with P>=32 (of 439); certificate differs 0; floor ever binds 0; zero-SD resample 0; min(resample SD / floor) = 2.4; max |interval change| = 0.00e+00,MATCH,group-arms incl. W-O auto-added companion arms,YES,,"PROVENANCE HOLE: the harvest census code/output was not saved (only described in prose); re-derived here. Inertness is structural: the H2 floor sqrt(1/4K)/sqrt(P)/2 (~.0045 at P256) is at least 2.4x below every resample SD on every real group-arm, so H2 intervals are bit-identical to BOOTT, not just same labels (cf. H-IMPL H16 floor-scale defect)."
HV-02,harvest/INFERENCE_HARVEST_HANDOFF.md,s1 item 5,About half of AUDIT3's consistency miss is plain threshold noise [V: 11.8 expected vs 22],harvest (T_SWAP_REL4_INTERPRETATION_TREE.md),11.8 expected vs 22 observed,roles/Ananke/research/workers/W-Z/out/pairs/*.npz,independent-DF/DN normal approx: 11.8; bivariate (empirical rho) approx: 11.8; observed 22,MATCH,301 rows; plug-in truth,PARTIAL,"YES: plug-in (truth = one draw's estimate) understates disagreement near thresholds; 'about half' is a lower-bound-ish model figure, and rows are ~10 dependent group events",PROVENANCE HOLE: no saved script/output; [V] tag in the handoff points to nothing on disk. Method re-implemented from the prose.
WW-01,BACKLOG_V2.md,T-SWAP-REL4,FLIP/NO_EFFECT power 1.00 at p=.99 P64 K11 vs REL3 .70/.72,W-W REPORT,1.00/1.00 vs .700/.724,roles/Ananke/research/workers/W-W/out/jobs/POW_P64_K11_realistic.json,H2 F 1.0 N 1.0; H0(=REL3 BOOTT) F 0.7 N 0.724,MATCH,"n=2000 simulated designs, synthetic 'realistic' null",,"PARTIAL: the gain is in a synthetic regime (p=.99, P64) no real group reaches (HV-01)",
WX-01,BACKLOG_V2.md,T-SWAP-REL5,H2 FC <= .22% (FLIP/NO_EFFECT) and <= .40% (CHANCE) on near-degenerate boundary truths,W-X REPORT,.22% / .40%,roles/Ananke/research/workers/W-X/out/fc_w*.json,36 points; H2 max F 0.195% N 0.225% C 0.400%,MATCH,"36 synthetic boundary points, P32 only reaches degeneracy",,,
WX-02,BACKLOG_V2.md,T-SWAP-REL5,zero-width must-fail control failed (9 point-verdicts > 1%),W-X REPORT,9,roles/Ananke/research/workers/W-X/out/fc_w*.json,9,MATCH,,,,
WP-01,BACKLOG_V2.md,T-INS-8,"{S1, Msum pay1} decisive in 91-95% of N at o1-o6",W-P REPORT,"o1 95%, o6 91%","roles/Ananke/research/workers/W-P/out/s2_4781b0a1_o{1,6}_S+Msum.json","o1 0.947 (n=132), o6 0.906 (n=267); sub-array split run only at ['s2_4781b0a1_o15_inbox+Msum.json', 's2_4781b0a1_o1_S+Msum.json', 's2_4781b0a1_o6_S+Msum.json']; coarse {S,Msum} at o1-o6: {'1': 0.95, '2': 0.97, '3': 0.98, '4': 0.97, '5': 0.98, '6': 0.91}",PARTIAL,N trials only (132 / 267),PARTIAL,"YES (minor): '{S1, pay1} at o1-o6' was measured at o1 and o6 only; o2-o5 have only the coarse {S, Msum} split (.97-.98)",Parsed from W-P stage-2 JSON (truth-table npz not re-analysed). Harvest: a count-threshold plant reproduces these tables.
WP-02,BACKLOG_V2.md,T-INS-8,The GATED (phase-register MUX) hypothesis never met its rule (<= 16% of N),W-P REPORT,<= 16%,roles/Ananke/research/workers/W-P/out/summary_*.json,"max MUX share: {'4781b0a1': (0.05555555555555555, '11'), '369f5a5b': (0.16, '3')}",MATCH,N trials per offset,,,Parsed from summary JSON.
WR-01,BACKLOG_V2.md,T-INS-9,11 PARTLY ... 6 stay mixed (4781b0a1 o5-10),W-R REPORT,11 / 6,roles/Ananke/research/workers/W-R/out/summary.json,"PARTLY 11 over ['2dccdaa5', 'c16d5231', '8c37f32e', '4781b0a1']; STAYS_MIXED {'4781b0a1': [5, 6, 7, 8, 9, 10]}; total field {'RESOLVES': 0, 'PARTLY': 11, 'STAYS_MIXED': 24}",MATCH,"offsets of 4 period-2 cells (7 of the 11 PARTLY and all 6 mixed are one cell, 4781b0a1)",PARTIAL,,summary.json 'total' STAYS_MIXED=24 includes async 369f5a5b and E1/E2; the 6 is the period-2-with-both-phases subset.
WR-02,BACKLOG_V2.md,T-INS-9,Async negative control 369f5a5b flagged 2 offsets at ns 0x620 but 0/16 at 0x621,W-R REPORT,2 / 0 of 16,roles/Ananke/research/workers/W-R/out/summary.json ; strat_*_ns0x621.json,"0x620 369f5a5b phase_effect offsets ['1', '3'] (summary [1, 3]); 0x621 phase_effect offsets {'369f5a5b': '[] of 16', '2dccdaa5': ""['0', '5'] of 8"", 'c16d5231': ""['0', '4', '5'] of 8""}",MATCH,16 offsets of one async control cell,,,"0x621 replication also covered 2dccdaa5/c16d5231 (period-2 cells, effects expected); '0/16' refers to 369f5a5b only."
WS-01,BACKLOG_V2.md,T-INS-11,"P8 decisive accuracy 1.00 in all four units, P8any .88 / 1.00 / 1.00 / .65 (confirmatory 0x632)",W-S REPORT,1.00 x4; .88/1.00/1.00/.65,roles/Ananke/research/workers/W-S/out/posthoc_*_ns632.json,2dccdaa5o5q0 dec 1.0 n403 cov 0.75 any 0.876 n540; c16d5231o4q0 dec 1.0 n327 cov 0.61 any 1.0 n535; c16d5231o5q0 dec 1.0 n401 cov 0.6 any 1.0 n664; 8c37f32eo5q0 dec 1.0 n116 cov 0.28 any 0.65 n414,MATCH,per-trial rows in 3 RELAY cells (4 units = 3 cells),PARTIAL,PARTIAL: 'decisive 1.00' holds on covered trials only (coverage .28-.75); P8 is post hoc (confirmed on fresh worlds),Recomputed from per-trial posthoc rows (P8 pred and n1_flight/n1_held). Unit identity inferred from matching the report.
WT-01,BACKLOG_V2.md,T-INS-16,"MAJ 4781b0a1 0/22 units (dense multi-sensor traffic, ~30 cue copies per trial)",W-T REPORT,0/22; ~30,roles/Ananke/research/workers/W-T/out/rows_4781b0a1.npz,22 mixed-stratum units (W-T frozen rule re-applied to W-R 0x620 strata); units with P8 decisive point acc > .90: 0; max decisive 0.869; mean n_cue_a 30.6,MATCH,22 units of one specimen,,,Point estimates only (a point <= .90 already implies lo99 <= .90 -> DOES NOT REACH); P8any criterion not re-checked.
WT-02,BACKLOG_V2.md,T-INS-16,78f3b0ec 0/6,W-T REPORT,0/6,roles/Ananke/research/workers/W-T/out/rows_78f3b0ec.npz,"[(9, 0, 0.481, 373), (11, 1, 0.567, 323), (14, 1, 0.507, 373), (15, 1, 0.433, 323), (10, 0, 0.567, 323), (10, 1, 0.48, 373)]",MATCH,"6 units, follow census",,,If any unit has decisive point > .90 the second criterion (P8any lo99 > .80) decides; see value.
WV-01,BACKLOG_V2.md,T-INS-18,pivotality contrast .10-.12 vs 1.00 in a majority plant,W-V REPORT,.10-.12 vs 1.00,roles/Ananke/research/workers/W-V/out/summary_champB.txt ; summary_pmaj.txt,"champB D_piv {'o12 pooled': ('0.10', '4]'), 'o12 q0': ('0.10', '4]'), 'o12 q1': ('0.10', '4]'), 'o14 pooled': ('0.08', '4]'), 'o14 q0': ('0.12', '4]'), 'o14 q1': ('0.05', 'NOT-INFORMATIVE')}; PMAJ o2 pooled ('1.00', '4]')",PARTIAL,o12/o14 units of one specimen,PARTIAL,YES: 'readout is NOT a majority' -- harvest H-CHK C1 shows a lossy TRUE majority plant also reads 'not a majority'; only the low pivotality residue survives,"Parsed from W-V summary text (bootstrap not redone). o14 pooled D_piv .08 is also classed DISTRIBUTED-NONMAJ, so the range over NONMAJ units is .08-.12."
WY-01,BACKLOG_V2.md,T-INS-20,readout Kp[7] is 0 in every world at every tick (only Kp[0] ever nonzero or mirror-different),W-Y REPORT,0 in all 4224 world-trial-offsets; post hoc whole episode,roles/Ananke/research/workers/W-Y/out/posthoc_kp.json,"readout nonzero frac (mean over 228 ticks) slot7=0.0, slots1-15 max=0.0, slot0=0.5288",MATCH,one specimen,,,Post-hoc census (labelled as such in W-Y); a mean of 0 over ticks of a nonnegative frequency implies 0 everywhere.
