gid,priority,source,specimen,offset,trial_set,family,n_arms,arms_recorded,flip_arms,labels,class,class_recorded_only,WU_rel3_labels
082a3ce306fd6ee8,AMBIG,WI,63d17a90e365e424,4,1..,RELAY,6,"S,channel_all,channel_count,inbox,r,site_all",,S=NO_EFFECT_REL;channel_all=CHANCE_REL;channel_count=CHANCE_REL;inbox=NO_EFFECT_REL;r=CHANCE_REL;site_all=CHANCE_REL,NO-CARRIER-FOUND,NO-CARRIER-FOUND,CHANCE_REL;CHANCE_REL|INDETERMINATE;NO_EFFECT_REL
1028bd14a6156f8d,AMBIG,WI,369f5a5b745eb592,1,1..,RELAY,3,S,site_all:PARTIAL,S=INDETERMINATE;channel_all=NO_EFFECT_REL;site_all=FLIP_REL,CARRIER-PARTIAL,UNDECIDED,FLIP_REL|INDETERMINATE
12be272949c659c3,AMBIG,WI,bbef66a1ee9558ac,11,1..,RELAY,3,"S,site_all",channel_all:PARTIAL,S=NO_EFFECT_REL;channel_all=FLIP_REL;site_all=NO_EFFECT_REL,CARRIER-PARTIAL,NO-CARRIER-FOUND,INDETERMINATE|NO_EFFECT_REL
159c70ba9bcaa021,AMBIG,WI,369f5a5b745eb592,0,1..,RELAY,4,"S,joint,site_all",,S=CHANCE_REL;channel_all=NO_EFFECT_REL;joint=INDETERMINATE;site_all=CHANCE_REL,NO-CARRIER-FOUND,NO-CARRIER-FOUND,CHANCE_REL;CHANCE_REL|INDETERMINATE;INDETERMINATE
15c4ee5a3f4905ef,AMBIG,WI,31cd2a8a9b572a50,7,1..,RELAY,5,"S,channel_all,channel_content,inbox",site_all:PARTIAL,S=CHANCE_REL;channel_all=NO_EFFECT_REL;channel_content=NO_EFFECT_REL;inbox=NO_EFFECT_REL;site_all=FLIP_REL,CARRIER-PARTIAL,NO-CARRIER-FOUND,CHANCE_REL;INDETERMINATE|NO_EFFECT_REL;NO_EFFECT_REL
16fe8d4b73777377,AMBIG,WI,4271681452d29aee,11,1..,RELAY,5,"S,channel_all,channel_count,r,site_all",site_all:PARTIAL,S=INDETERMINATE;channel_all=NO_EFFECT_REL;channel_count=NO_EFFECT_REL;r=NO_EFFECT_REL;site_all=FLIP_REL,CARRIER-PARTIAL,CARRIER-PARTIAL,CHANCE_REL|INDETERMINATE;INDETERMINATE;NO_EFFECT_REL
19a1ad0a5d410da8,AMBIG,WI,4271681452d29aee,5,1..,RELAY,5,"S,channel_all,channel_count,r,site_all",,S=CHANCE_REL;channel_all=CHANCE_REL;channel_count=CHANCE_REL;r=CHANCE_REL;site_all=CHANCE_REL,NO-CARRIER-FOUND,NO-CARRIER-FOUND,CHANCE_REL;CHANCE_REL|INDETERMINATE;INDETERMINATE
1d0ab48c3ba617e8,AMBIG,WI,4ab2ba014aac967e,8,1..,HOLD,3,"inbox,site_all",channel_all:PARTIAL,channel_all=FLIP_REL;inbox=NO_EFFECT_REL;site_all=NO_EFFECT_REL,CARRIER-PARTIAL,NO-CARRIER-FOUND,INDETERMINATE|NO_EFFECT_REL
4de80272368335aa,AMBIG,WI,31cd2a8a9b572a50,1,1..,RELAY,3,"channel_all,channel_content",,channel_all=CHANCE_REL;channel_content=CHANCE_REL;site_all=CHANCE_REL,NO-CARRIER-FOUND,NO-CARRIER-FOUND,CHANCE_REL|INDETERMINATE
54113b7bc774bee7,AMBIG,WF,e06701a5e70bb7c2,5,all,RELAY,3,"channel_all,channel_count,site_all",,channel_all=CHANCE_REL;channel_count=CHANCE_REL;site_all=CHANCE_REL,NO-CARRIER-FOUND,NO-CARRIER-FOUND,CHANCE_REL|INDETERMINATE
6370591cc621d19e,AMBIG,WI,4271681452d29aee,9,1..,RELAY,5,"S,channel_all,channel_count,r,site_all",,S=CHANCE_REL;channel_all=INDETERMINATE;channel_count=INDETERMINATE;r=NO_EFFECT_REL;site_all=INDETERMINATE,NO-CARRIER-FOUND,NO-CARRIER-FOUND,CHANCE_REL;CHANCE_REL|INDETERMINATE;NO_EFFECT_REL
6ca81a9b195db48a,AMBIG,WI,78f3b0eccd44b1ed,14,1..,RELAY,4,"channel_all,channel_count,inbox,site_all",,channel_all=CHANCE_REL;channel_count=CHANCE_REL;inbox=CHANCE_REL;site_all=CHANCE_REL,NO-CARRIER-FOUND,NO-CARRIER-FOUND,CHANCE_REL|INDETERMINATE
6edf00dccf85ffd6,AMBIG,WI,4781b0a172b6dc3c,15,1..,MAJ,5,"S,channel_all,channel_content,inbox,site_all",site_all:PARTIAL,S=CHANCE_REL;channel_all=NO_EFFECT_REL;channel_content=NO_EFFECT_REL;inbox=INDETERMINATE;site_all=FLIP_REL,CARRIER-PARTIAL,CARRIER-PARTIAL,CHANCE_REL;FLIP_REL|INDETERMINATE;INDETERMINATE|NO_EFFECT_REL;NO_EFFECT_REL
75f51ae47373be5f,AMBIG,WI,4271681452d29aee,6,1..,RELAY,5,"S,channel_all,channel_count,r,site_all",,S=CHANCE_REL;channel_all=CHANCE_REL;channel_count=CHANCE_REL;r=NO_EFFECT_REL;site_all=CHANCE_REL,NO-CARRIER-FOUND,NO-CARRIER-FOUND,CHANCE_REL;INDETERMINATE|NO_EFFECT_REL
7f4f087679f7d387,AMBIG,WI,31cd2a8a9b572a50,6,1..,RELAY,3,"inbox,site_all",,channel_all=CHANCE_REL;inbox=CHANCE_REL;site_all=CHANCE_REL,NO-CARRIER-FOUND,NO-CARRIER-FOUND,CHANCE_REL|INDETERMINATE
80db8e3f6d348d75,AMBIG,WI,369f5a5b745eb592,3,1..,RELAY,4,"S,channel_all,channel_content,site_all",,S=CHANCE_REL;channel_all=INDETERMINATE;channel_content=INDETERMINATE;site_all=INDETERMINATE,NO-CARRIER-FOUND,NO-CARRIER-FOUND,CHANCE_REL|INDETERMINATE;INDETERMINATE;NO_EFFECT_REL
94976307d2fd556d,AMBIG,WI,369f5a5b745eb592,10,1..,RELAY,4,"S,channel_all,channel_content,site_all",,S=CHANCE_REL;channel_all=CHANCE_REL;channel_content=INDETERMINATE;site_all=CHANCE_REL,NO-CARRIER-FOUND,NO-CARRIER-FOUND,CHANCE_REL;CHANCE_REL|INDETERMINATE;INDETERMINATE
9851fe8acc670e32,AMBIG,WF,4ecdfb3f4f9bad5a,5,all,MAJ,5,"channel_all,channel_content,joint,pay0","channel_all:PARTIAL,joint:COMPLETE",channel_all=FLIP_REL;channel_content=CHANCE_REL;joint=FLIP_REL;pay0=CHANCE_REL;site_all=NO_EFFECT_REL,CARRIER-NAMED,CARRIER-NAMED,CHANCE_REL;FLIP_REL;FLIP_REL|INDETERMINATE|NOT_ELIGIBLE
a0c143e729796ef8,AMBIG,WI,4271681452d29aee,2,1..,RELAY,5,"S,channel_all,channel_count,r,site_all",,S=INDETERMINATE;channel_all=CHANCE_REL;channel_count=CHANCE_REL;r=CHANCE_REL;site_all=CHANCE_REL,NO-CARRIER-FOUND,NO-CARRIER-FOUND,CHANCE_REL;CHANCE_REL|INDETERMINATE;INDETERMINATE|NO_EFFECT_REL
a4b5839e72683135,AMBIG,WI,bbef66a1ee9558ac,14,1..,RELAY,3,"inbox,site_all",,channel_all=CHANCE_REL;inbox=CHANCE_REL;site_all=CHANCE_REL,NO-CARRIER-FOUND,NO-CARRIER-FOUND,CHANCE_REL|INDETERMINATE
a7f711776c1c3640,AMBIG,WI,369f5a5b745eb592,9,1..,RELAY,4,"S,channel_all,channel_content,site_all",,S=CHANCE_REL;channel_all=CHANCE_REL;channel_content=INDETERMINATE;site_all=CHANCE_REL,NO-CARRIER-FOUND,NO-CARRIER-FOUND,CHANCE_REL;CHANCE_REL|INDETERMINATE;INDETERMINATE
ad84ca90b0fa9e3f,AMBIG,WI,c16d52319beb8bce,5,1..,RELAY,5,"S,channel_all,channel_content,inbox,site_all",,S=CHANCE_REL;channel_all=CHANCE_REL;channel_content=CHANCE_REL;inbox=CHANCE_REL;site_all=CHANCE_REL,NO-CARRIER-FOUND,NO-CARRIER-FOUND,CHANCE_REL;CHANCE_REL|INDETERMINATE
b7e296268480ebee,AMBIG,WI,bbef66a1ee9558ac,15,1..,RELAY,5,"S,channel_all,channel_content,inbox",site_all:PARTIAL,S=CHANCE_REL;channel_all=NO_EFFECT_REL;channel_content=NO_EFFECT_REL;inbox=INDETERMINATE;site_all=FLIP_REL,CARRIER-PARTIAL,NO-CARRIER-FOUND,CHANCE_REL;INDETERMINATE;INDETERMINATE|NO_EFFECT_REL
be3314203db7e602,AMBIG,WI,78f3b0eccd44b1ed,9,1..,RELAY,4,"S,channel_all,channel_count,site_all",,S=CHANCE_REL;channel_all=CHANCE_REL;channel_count=CHANCE_REL;site_all=CHANCE_REL,NO-CARRIER-FOUND,NO-CARRIER-FOUND,CHANCE_REL|INDETERMINATE
bf179b955b8af467,AMBIG,WI,bbef66a1ee9558ac,9,1..,RELAY,3,"channel_all,channel_content",,channel_all=CHANCE_REL;channel_content=CHANCE_REL;site_all=CHANCE_REL,NO-CARRIER-FOUND,NO-CARRIER-FOUND,CHANCE_REL|INDETERMINATE
bf3b67eab1ef3b9a,AMBIG,WF,4271681452d29aee,-1,all,RELAY,2,"channel_all,site_all",,channel_all=NO_EFFECT_REL;site_all=NO_EFFECT_REL,NO-CARRIER-FOUND,NO-CARRIER-FOUND,INDETERMINATE|NO_EFFECT_REL
cc88ecef9bed95ee,AMBIG,WI,31cd2a8a9b572a50,3,1..,RELAY,3,"S,site_all",channel_all:PARTIAL,S=NO_EFFECT_REL;channel_all=FLIP_REL;site_all=NO_EFFECT_REL,CARRIER-PARTIAL,NO-CARRIER-FOUND,INDETERMINATE|NO_EFFECT_REL
ef03b2a644e48aba,AMBIG,WI,bf82cb29e967a489,6,1..,RELAY,4,"channel_all,channel_content,inbox,site_all",,channel_all=CHANCE_REL;channel_content=CHANCE_REL;inbox=CHANCE_REL;site_all=CHANCE_REL,NO-CARRIER-FOUND,NO-CARRIER-FOUND,CHANCE_REL|INDETERMINATE
f440d3e1ea97d74c,AMBIG,WI,4781b0a172b6dc3c,14,1..,MAJ,4,"channel_all,channel_content,inbox,site_all",,channel_all=INDETERMINATE;channel_content=INDETERMINATE;inbox=INDETERMINATE;site_all=INDETERMINATE,UNDECIDED,UNDECIDED,CHANCE_REL|INDETERMINATE
f9c471995948e927,AMBIG,WI,4271681452d29aee,8,1..,RELAY,5,"S,channel_all,channel_count,r,site_all",,S=CHANCE_REL;channel_all=CHANCE_REL;channel_count=CHANCE_REL;r=NO_EFFECT_REL;site_all=CHANCE_REL,NO-CARRIER-FOUND,NO-CARRIER-FOUND,CHANCE_REL;INDETERMINATE|NO_EFFECT_REL
fb9a22dac48d5c45,AMBIG,WI,cd5b6fd649eb242d,3,1..,RELAY,4,"channel_all,channel_content,inbox,site_all",,channel_all=CHANCE_REL;channel_content=CHANCE_REL;inbox=CHANCE_REL;site_all=CHANCE_REL,NO-CARRIER-FOUND,NO-CARRIER-FOUND,CHANCE_REL|INDETERMINATE;INDETERMINATE
01599404747ff8dc,REST,WF,4781b0a172b6dc3c,15,all,MAJ,2,"channel_all,site_all",,channel_all=INDETERMINATE;site_all=INDETERMINATE,UNDECIDED,UNDECIDED,INDETERMINATE
016bd0d5e4cc89a5,REST,WF,046d7c303740e9da,15,all,RELAY,2,"channel_all,site_all",,channel_all=CHANCE_REL;site_all=CHANCE_REL,NO-CARRIER-FOUND,NO-CARRIER-FOUND,CHANCE_REL
03c2019d1ca479ff,REST,WI,4271681452d29aee,4,1..,RELAY,5,"S,channel_all,channel_count,r,site_all",,S=INDETERMINATE;channel_all=CHANCE_REL;channel_count=CHANCE_REL;r=CHANCE_REL;site_all=CHANCE_REL,NO-CARRIER-FOUND,NO-CARRIER-FOUND,CHANCE_REL;INDETERMINATE
0423f8542507ddb1,REST,WI,369f5a5b745eb592,7,1..,RELAY,4,"S,channel_all,channel_content,site_all",,S=CHANCE_REL;channel_all=CHANCE_REL;channel_content=INDETERMINATE;site_all=CHANCE_REL,NO-CARRIER-FOUND,NO-CARRIER-FOUND,CHANCE_REL;INDETERMINATE
047aa8ed8357fa1c,REST,WF,63abaede82660280,15,all,RELAY,2,channel_all,,channel_all=INDETERMINATE;site_all=INDETERMINATE,UNDECIDED,UNDECIDED,INDETERMINATE
0573b93381033e9e,REST,WF,4271681452d29aee,15,all,RELAY,2,site_all,site_all:COMPLETE,channel_all=NO_EFFECT_REL;site_all=FLIP_REL,CARRIER-NAMED,CARRIER-NAMED,FLIP_REL
0600be1761995a36,REST,WF,884a64df866756b0,9,all,RELAY,3,"joint,site_all","joint:COMPLETE,site_all:PARTIAL",channel_all=NO_EFFECT_REL;joint=FLIP_REL;site_all=FLIP_REL,CARRIER-NAMED,CARRIER-NAMED,FLIP_REL
06db415389faf4f8,REST,WF,b4e404f606bd2bb8,9,all,HOLD,2,site_all,site_all:COMPLETE,channel_all=NO_EFFECT_REL;site_all=FLIP_REL,CARRIER-NAMED,CARRIER-NAMED,FLIP_REL
0b7e5bf14beafd8d,REST,WF,0f5451c3b3cdf250,15,all,RELAY,2,site_all,site_all:COMPLETE,channel_all=NO_EFFECT_REL;site_all=FLIP_REL,CARRIER-NAMED,CARRIER-NAMED,FLIP_REL
1206651e72539e74,REST,WF,8ccf6c723ec57b3d,3,all,MAJ,5,"channel_all,channel_content,joint,pay0","channel_all:COMPLETE,channel_content:COMPLETE,joint:COMPLETE,pay0:COMPLETE",channel_all=FLIP_REL;channel_content=FLIP_REL;joint=FLIP_REL;pay0=FLIP_REL;site_all=NO_EFFECT_REL,CARRIER-NAMED,CARRIER-NAMED,FLIP_REL
147db695e0df9254,REST,WI,13127335562d8595,0,1..,HOLD,4,"S,joint,site_all",,S=CHANCE_REL;channel_all=NO_EFFECT_REL;joint=CHANCE_REL;site_all=CHANCE_REL,NO-CARRIER-FOUND,NO-CARRIER-FOUND,CHANCE_REL
14d2bf50cfa11d74,REST,WF,86fc01052c666646,9,all,RELAY,5,"channel_all,channel_content,joint,pay0,site_all","channel_all:PARTIAL,channel_content:PARTIAL,joint:COMPLETE,pay0:PARTIAL",channel_all=FLIP_REL;channel_content=FLIP_REL;joint=FLIP_REL;pay0=FLIP_REL;site_all=NO_EFFECT_REL,CARRIER-NAMED,CARRIER-NAMED,FLIP_REL;NO_EFFECT_REL
14fa2079481a944e,REST,WF,26f9428bd464d37f,3,all,MAJ,4,"channel_all,channel_count,joint","channel_all:COMPLETE,channel_count:COMPLETE,joint:COMPLETE",channel_all=FLIP_REL;channel_count=FLIP_REL;joint=FLIP_REL;site_all=NO_EFFECT_REL,CARRIER-NAMED,CARRIER-NAMED,FLIP_REL
14fdbfb249977aa0,REST,WF,3c3d996aa4ea15c7,7,all,MAJ,2,site_all,site_all:COMPLETE,channel_all=NO_EFFECT_REL;site_all=FLIP_REL,CARRIER-NAMED,CARRIER-NAMED,FLIP_REL
155c1575275fa8eb,REST,WI,e9196cae3d7537f1,0,1..,RELAY,4,"channel_all,channel_content,joint",,channel_all=CHANCE_REL;channel_content=CHANCE_REL;joint=CHANCE_REL;site_all=NO_EFFECT_REL,NO-CARRIER-FOUND,NO-CARRIER-FOUND,CHANCE_REL
158f47e46b2ec37d,REST,WF,cdf603803282cd29,5,all,HOLD,2,site_all,site_all:COMPLETE,channel_all=NO_EFFECT_REL;site_all=FLIP_REL,CARRIER-NAMED,CARRIER-NAMED,FLIP_REL
1622bcd18864d8a8,REST,WI,78f3b0eccd44b1ed,0,1..,RELAY,4,"S,joint,site_all",,S=CHANCE_REL;channel_all=NO_EFFECT_REL;joint=CHANCE_REL;site_all=CHANCE_REL,NO-CARRIER-FOUND,NO-CARRIER-FOUND,CHANCE_REL
16fbc4ad76a36c3d,REST,WI,78f3b0eccd44b1ed,11,1..,RELAY,4,"S,channel_all,channel_count,site_all","channel_all:PARTIAL,channel_count:PARTIAL",S=NO_EFFECT_REL;channel_all=FLIP_REL;channel_count=FLIP_REL;site_all=NO_EFFECT_REL,CARRIER-PARTIAL,CARRIER-PARTIAL,INDETERMINATE
18d021900b3156dc,REST,WI,4781b0a172b6dc3c,9,1..,MAJ,4,"S,channel_all,channel_content,site_all",,S=INDETERMINATE;channel_all=CHANCE_REL;channel_content=CHANCE_REL;site_all=CHANCE_REL,NO-CARRIER-FOUND,NO-CARRIER-FOUND,CHANCE_REL;INDETERMINATE
190617bffd35424f,REST,WF,95649e2c29e72d45,9,all,RELAY,4,"channel_all,channel_content,pay0,site_all",,channel_all=CHANCE_REL;channel_content=NO_EFFECT_REL;pay0=NO_EFFECT_REL;site_all=CHANCE_REL,NO-CARRIER-FOUND,NO-CARRIER-FOUND,CHANCE_REL;NO_EFFECT_REL
19369347693bc3c3,REST,WF,11f3ac8548d931fd,6,all,HOLD,3,"joint,site_all","joint:COMPLETE,site_all:COMPLETE",channel_all=NO_EFFECT_REL;joint=FLIP_REL;site_all=FLIP_REL,CARRIER-NAMED,CARRIER-NAMED,FLIP_REL
197729dc7fee3a7b,REST,WI,613162a306938de7,9,1..,MAJ,4,"S,channel_all,channel_content,site_all","S:PARTIAL,site_all:PARTIAL",S=FLIP_REL;channel_all=NO_EFFECT_REL;channel_content=NO_EFFECT_REL;site_all=FLIP_REL,CARRIER-PARTIAL,CARRIER-PARTIAL,FLIP_REL;NO_EFFECT_REL
19d6eb6a72251067,REST,WF,0b3c855a80022a98,15,all,RELAY,2,"channel_all,site_all",,channel_all=CHANCE_REL;site_all=CHANCE_REL,NO-CARRIER-FOUND,NO-CARRIER-FOUND,CHANCE_REL
1c5d01ee5912bfa8,REST,WF,7ca102eb518ac124,10,all,HOLD,3,"joint,site_all","joint:COMPLETE,site_all:COMPLETE",channel_all=NO_EFFECT_REL;joint=FLIP_REL;site_all=FLIP_REL,CARRIER-NAMED,CARRIER-NAMED,FLIP_REL
1ce95cfdd88e2a76,REST,WF,c7d7d2a488a86d6f,15,all,RELAY,2,"channel_all,site_all",site_all:COMPLETE,channel_all=NO_EFFECT_REL;site_all=FLIP_REL,CARRIER-NAMED,CARRIER-NAMED,FLIP_REL;NO_EFFECT_REL
1e20b381bdc1335d,REST,WI,62a7fff921ca3bd8,7,1..,RELAY,4,"Kp,S",site_all:COMPLETE,Kp=CHANCE_REL;S=CHANCE_REL;channel_all=NO_EFFECT_REL;site_all=FLIP_REL,CARRIER-NAMED,NO-CARRIER-FOUND,CHANCE_REL
1eb906ebe672b0e3,REST,WF,faafa5b049e1d4b4,10,all,HOLD,3,"joint,site_all","joint:COMPLETE,site_all:COMPLETE",channel_all=NO_EFFECT_REL;joint=FLIP_REL;site_all=FLIP_REL,CARRIER-NAMED,CARRIER-NAMED,FLIP_REL
1ee4c52701695b00,REST,WF,dcc7afb706a846d6,9,all,RELAY,4,"channel_all,channel_content,pay0,site_all","channel_all:PARTIAL,channel_content:PARTIAL,pay0:PARTIAL",channel_all=FLIP_REL;channel_content=FLIP_REL;pay0=FLIP_REL;site_all=NO_EFFECT_REL,CARRIER-PARTIAL,CARRIER-PARTIAL,FLIP_REL;NO_EFFECT_REL
20dd8aa1c8c206f1,REST,WI,369f5a5b745eb592,5,1..,RELAY,4,"S,channel_all,channel_content,site_all",,S=CHANCE_REL;channel_all=CHANCE_REL;channel_content=INDETERMINATE;site_all=CHANCE_REL,NO-CARRIER-FOUND,NO-CARRIER-FOUND,CHANCE_REL;INDETERMINATE
22c0e06dd009b47a,REST,WI,4316f167de9424be,6,1..,RELAY,4,"channel_all,channel_content,inbox,site_all",,channel_all=CHANCE_REL;channel_content=CHANCE_REL;inbox=CHANCE_REL;site_all=CHANCE_REL,NO-CARRIER-FOUND,NO-CARRIER-FOUND,CHANCE_REL
233561a2579b0edb,REST,WF,2dccdaa5eb8ffa0e,5,all,RELAY,4,"channel_all,channel_content,pay0,site_all",,channel_all=CHANCE_REL;channel_content=CHANCE_REL;pay0=CHANCE_REL;site_all=CHANCE_REL,NO-CARRIER-FOUND,NO-CARRIER-FOUND,CHANCE_REL
24b267f5d94b55b8,REST,WF,e341694d05b42dbb,5,all,MAJ,4,"channel_all,channel_count,joint","channel_all:COMPLETE,channel_count:COMPLETE,joint:COMPLETE",channel_all=FLIP_REL;channel_count=FLIP_REL;joint=FLIP_REL;site_all=NO_EFFECT_REL,CARRIER-NAMED,CARRIER-NAMED,FLIP_REL
2560bc26340b7ed1,REST,WI,4781b0a172b6dc3c,2,1..,MAJ,3,"channel_all,channel_content",site_all:PARTIAL,channel_all=NO_EFFECT_REL;channel_content=NO_EFFECT_REL;site_all=FLIP_REL,CARRIER-PARTIAL,NO-CARRIER-FOUND,NO_EFFECT_REL
25f876844e8ba490,REST,WI,ed16c5532e2398cd,0,1..,RELAY,4,"S,joint,site_all",,S=CHANCE_REL;channel_all=NO_EFFECT_REL;joint=CHANCE_REL;site_all=CHANCE_REL,NO-CARRIER-FOUND,NO-CARRIER-FOUND,CHANCE_REL
2609b71115b1c517,REST,WI,4781b0a172b6dc3c,4,1..,MAJ,4,"S,channel_all,channel_content",site_all:PARTIAL,S=CHANCE_REL;channel_all=NO_EFFECT_REL;channel_content=NO_EFFECT_REL;site_all=FLIP_REL,CARRIER-PARTIAL,NO-CARRIER-FOUND,INDETERMINATE;NO_EFFECT_REL
2620beafab0445e2,REST,WF,c7d7d2a488a86d6f,9,all,RELAY,3,"channel_all,joint,site_all",joint:COMPLETE,channel_all=CHANCE_REL;joint=FLIP_REL;site_all=CHANCE_REL,CARRIER-NAMED,CARRIER-NAMED,CHANCE_REL;FLIP_REL
264793047e553f1e,REST,WI,e06701a5e70bb7c2,0,1..,RELAY,4,"channel_all,channel_count,joint",,channel_all=CHANCE_REL;channel_count=CHANCE_REL;joint=CHANCE_REL;site_all=NO_EFFECT_REL,NO-CARRIER-FOUND,NO-CARRIER-FOUND,CHANCE_REL
279f8150995fe2e5,REST,WI,e2afff1ce40123fc,0,1..,RELAY,4,"channel_all,channel_content,joint",,channel_all=CHANCE_REL;channel_content=CHANCE_REL;joint=CHANCE_REL;site_all=NO_EFFECT_REL,NO-CARRIER-FOUND,NO-CARRIER-FOUND,CHANCE_REL
2a776b0a3245a735,REST,WI,bf82cb29e967a489,7,1..,RELAY,5,"S,channel_all,channel_content,inbox",site_all:PARTIAL,S=CHANCE_REL;channel_all=NO_EFFECT_REL;channel_content=NO_EFFECT_REL;inbox=CHANCE_REL;site_all=FLIP_REL,CARRIER-PARTIAL,NO-CARRIER-FOUND,CHANCE_REL;INDETERMINATE;NO_EFFECT_REL
2bb08c7c6e8bce2d,REST,WF,bbef66a1ee9558ac,9,all,RELAY,4,"channel_all,channel_content,pay0",,channel_all=INDETERMINATE;channel_content=INDETERMINATE;pay0=INDETERMINATE;site_all=INDETERMINATE,UNDECIDED,UNDECIDED,INDETERMINATE
2de48a1d3abad5d0,REST,WI,613162a306938de7,0,1..,MAJ,4,"S,joint,site_all",,S=CHANCE_REL;channel_all=NO_EFFECT_REL;joint=CHANCE_REL;site_all=CHANCE_REL,NO-CARRIER-FOUND,NO-CARRIER-FOUND,CHANCE_REL
2e806005096187e6,REST,WI,613162a306938de7,8,1..,MAJ,3,S,"S:PARTIAL,site_all:PARTIAL",S=FLIP_REL;channel_all=NO_EFFECT_REL;site_all=FLIP_REL,CARRIER-PARTIAL,CARRIER-PARTIAL,FLIP_REL
2ee59765a14d296e,REST,WF,b472c4f8457e15e9,5,all,HOLD,2,site_all,site_all:COMPLETE,channel_all=NO_EFFECT_REL;site_all=FLIP_REL,CARRIER-NAMED,CARRIER-NAMED,FLIP_REL
2ef6259745c3a4b0,REST,WI,63d17a90e365e424,6,1..,RELAY,3,r,site_all:PARTIAL,channel_all=NO_EFFECT_REL;r=NO_EFFECT_REL;site_all=FLIP_REL,CARRIER-PARTIAL,NO-CARRIER-FOUND,NO_EFFECT_REL
2f1195c61753a8b5,REST,WI,e2afff1ce40123fc,2,1..,RELAY,3,channel_count,channel_all:COMPLETE,channel_all=FLIP_REL;channel_count=NO_EFFECT_REL;site_all=NO_EFFECT_REL,CARRIER-NAMED,NO-CARRIER-FOUND,NO_EFFECT_REL
306eb21d0ecc6482,REST,WF,884a64df866756b0,15,all,RELAY,2,site_all,site_all:COMPLETE,channel_all=NO_EFFECT_REL;site_all=FLIP_REL,CARRIER-NAMED,CARRIER-NAMED,FLIP_REL
31c8ba11b1a77212,REST,WI,c16d52319beb8bce,6,1..,RELAY,4,"S,inbox",site_all:OVERSHOOT,S=CHANCE_REL;channel_all=NO_EFFECT_REL;inbox=CHANCE_REL;site_all=FLIP_REL,CARRIER-OVERSHOOT,NO-CARRIER-FOUND,CHANCE_REL
33a666037c71eefa,REST,WI,1c0a1bc76d7a69dc,0,1..,HOLD,4,"S,joint,site_all",,S=CHANCE_REL;channel_all=NO_EFFECT_REL;joint=CHANCE_REL;site_all=CHANCE_REL,NO-CARRIER-FOUND,NO-CARRIER-FOUND,CHANCE_REL
35724346031acdbd,REST,WI,4781b0a172b6dc3c,8,1..,MAJ,4,"S,channel_all,channel_content,site_all",,S=CHANCE_REL;channel_all=CHANCE_REL;channel_content=CHANCE_REL;site_all=CHANCE_REL,NO-CARRIER-FOUND,NO-CARRIER-FOUND,CHANCE_REL
35736877a9904978,REST,WF,688b9f6f5ccfb225,4,all,HOLD,3,"joint,site_all","joint:COMPLETE,site_all:COMPLETE",channel_all=NO_EFFECT_REL;joint=FLIP_REL;site_all=FLIP_REL,CARRIER-NAMED,CARRIER-NAMED,FLIP_REL
35e8cf0a2b53c57d,REST,WF,0f5451c3b3cdf250,9,all,RELAY,3,"joint,site_all",joint:COMPLETE,channel_all=CHANCE_REL;joint=FLIP_REL;site_all=CHANCE_REL,CARRIER-NAMED,CARRIER-NAMED,CHANCE_REL;FLIP_REL
36b1631534e063df,REST,WF,fded16810c3b6236,5,all,MAJ,4,"channel_all,channel_count,joint","channel_all:COMPLETE,channel_count:COMPLETE,joint:COMPLETE",channel_all=FLIP_REL;channel_count=FLIP_REL;joint=FLIP_REL;site_all=NO_EFFECT_REL,CARRIER-NAMED,CARRIER-NAMED,FLIP_REL
37cf1a940886df90,REST,WI,c16d52319beb8bce,0,1..,RELAY,4,"channel_all,channel_content,joint",,channel_all=CHANCE_REL;channel_content=CHANCE_REL;joint=CHANCE_REL;site_all=NO_EFFECT_REL,NO-CARRIER-FOUND,NO-CARRIER-FOUND,CHANCE_REL
3800eab9d2f06ec3,REST,WF,6783020342ca5991,9,all,RELAY,3,"channel_all,joint",joint:COMPLETE,channel_all=CHANCE_REL;joint=FLIP_REL;site_all=CHANCE_REL,CARRIER-NAMED,CARRIER-NAMED,CHANCE_REL;FLIP_REL
3804f3900188fc53,REST,WF,c939c3c7271e65d2,15,all,RELAY,2,site_all,site_all:COMPLETE,channel_all=NO_EFFECT_REL;site_all=FLIP_REL,CARRIER-NAMED,CARRIER-NAMED,FLIP_REL
380b0f4b160b9478,REST,WI,ed16c5532e2398cd,2,1..,RELAY,4,"S,channel_all,channel_content,site_all",,S=CHANCE_REL;channel_all=CHANCE_REL;channel_content=CHANCE_REL;site_all=CHANCE_REL,NO-CARRIER-FOUND,NO-CARRIER-FOUND,CHANCE_REL
383eacbb68e3abab,REST,WI,2dccdaa5eb8ffa0e,5,1..,RELAY,5,"S,channel_all,channel_content,inbox,site_all",,S=CHANCE_REL;channel_all=CHANCE_REL;channel_content=CHANCE_REL;inbox=CHANCE_REL;site_all=CHANCE_REL,NO-CARRIER-FOUND,NO-CARRIER-FOUND,CHANCE_REL
38ab2086c524dae9,REST,WF,ed884172de6b4ec0,9,all,HOLD,2,site_all,site_all:COMPLETE,channel_all=NO_EFFECT_REL;site_all=FLIP_REL,CARRIER-NAMED,CARRIER-NAMED,FLIP_REL
38d779dcd1881a86,REST,WI,63d17a90e365e424,3,1..,RELAY,3,"r,site_all",,channel_all=INDETERMINATE;r=NO_EFFECT_REL;site_all=INDETERMINATE,NO-CARRIER-FOUND,NO-CARRIER-FOUND,INDETERMINATE;NO_EFFECT_REL
39d35a72e642406d,REST,WF,0017d8ccce60da90,5,all,HOLD,2,site_all,site_all:COMPLETE,channel_all=NO_EFFECT_REL;site_all=FLIP_REL,CARRIER-NAMED,CARRIER-NAMED,FLIP_REL
3c0ee0c8f970e985,REST,SCT,4781b0a1,8,all,MAJ,3,"inflight,payload,sitestate",,inflight=CHANCE_REL;payload=CHANCE_REL;sitestate=CHANCE_REL,NO-CARRIER-FOUND,NO-CARRIER-FOUND,CHANCE_REL
3d585948d48a724f,REST,WF,4781b0a172b6dc3c,9,all,MAJ,4,"channel_all,channel_content,pay1,site_all",,channel_all=CHANCE_REL;channel_content=CHANCE_REL;pay1=CHANCE_REL;site_all=CHANCE_REL,NO-CARRIER-FOUND,NO-CARRIER-FOUND,CHANCE_REL
3ee396e845f13d9d,REST,WF,4ba2a869707a5108,3,all,RELAY,5,"channel_all,channel_content,joint,pay1","channel_all:COMPLETE,channel_content:COMPLETE,joint:COMPLETE,pay1:COMPLETE",channel_all=FLIP_REL;channel_content=FLIP_REL;joint=FLIP_REL;pay1=FLIP_REL;site_all=NO_EFFECT_REL,CARRIER-NAMED,CARRIER-NAMED,FLIP_REL
3fc15b3a69849bd8,REST,WI,e2afff1ce40123fc,4,1..,RELAY,3,"S,site_all",channel_all:PARTIAL,S=NO_EFFECT_REL;channel_all=FLIP_REL;site_all=NO_EFFECT_REL,CARRIER-PARTIAL,NO-CARRIER-FOUND,NO_EFFECT_REL
3fe0747c810a67b2,REST,WI,00c5d3b61fe3cac7,0,1..,HOLD,4,"S,joint,site_all",,S=CHANCE_REL;channel_all=NO_EFFECT_REL;joint=CHANCE_REL;site_all=CHANCE_REL,NO-CARRIER-FOUND,NO-CARRIER-FOUND,CHANCE_REL
40588c251201bbb8,REST,WF,bf82cb29e967a489,7,all,RELAY,2,"channel_all,site_all",site_all:PARTIAL,channel_all=NO_EFFECT_REL;site_all=FLIP_REL,CARRIER-PARTIAL,CARRIER-PARTIAL,FLIP_REL;NO_EFFECT_REL
40c63fbf3b5311e1,REST,WF,86fc01052c666646,15,all,RELAY,2,"channel_all,site_all",,channel_all=CHANCE_REL;site_all=CHANCE_REL,NO-CARRIER-FOUND,NO-CARRIER-FOUND,CHANCE_REL
4250135729b32f3d,REST,WI,4781b0a172b6dc3c,1,1..,MAJ,3,"channel_all,channel_content",site_all:PARTIAL,channel_all=NO_EFFECT_REL;channel_content=NO_EFFECT_REL;site_all=FLIP_REL,CARRIER-PARTIAL,NO-CARRIER-FOUND,NO_EFFECT_REL
438ffbeebc68e36e,REST,WI,8c37f32e68843070,0,1..,RELAY,4,"channel_all,channel_content,joint",,channel_all=CHANCE_REL;channel_content=CHANCE_REL;joint=CHANCE_REL;site_all=NO_EFFECT_REL,NO-CARRIER-FOUND,NO-CARRIER-FOUND,CHANCE_REL
44d3e4e76a61e62c,REST,SCT,c16d5231,4,all,RELAY,2,sitestate,channel_all:PARTIAL,channel_all=FLIP_REL;sitestate=NO_EFFECT_REL,CARRIER-PARTIAL,NO-CARRIER-FOUND,NO_EFFECT_REL
45d520b4b2a315a0,REST,WI,369f5a5b745eb592,12,1..,RELAY,4,"S,channel_all,channel_content,site_all",,S=CHANCE_REL;channel_all=CHANCE_REL;channel_content=INDETERMINATE;site_all=CHANCE_REL,NO-CARRIER-FOUND,NO-CARRIER-FOUND,CHANCE_REL;INDETERMINATE
46de5e14a1b06a48,REST,WF,dcc7afb706a846d6,-1,all,RELAY,2,"channel_all,site_all",,channel_all=NO_EFFECT_REL;site_all=NO_EFFECT_REL,NO-CARRIER-FOUND,NO-CARRIER-FOUND,NO_EFFECT_REL
474ffc0d591ab3c7,REST,WF,0b3c855a80022a98,9,all,RELAY,4,"channel_all,channel_count,joint","channel_all:PARTIAL,channel_count:PARTIAL,joint:COMPLETE",channel_all=FLIP_REL;channel_count=FLIP_REL;joint=FLIP_REL;site_all=NO_EFFECT_REL,CARRIER-NAMED,CARRIER-NAMED,FLIP_REL
48c5f7d48604ca8b,REST,WF,8743da7f1f62947d,15,all,MAJ,2,site_all,site_all:PARTIAL,channel_all=NO_EFFECT_REL;site_all=FLIP_REL,CARRIER-PARTIAL,CARRIER-PARTIAL,INDETERMINATE
4a0fe69b2a439b11,REST,WI,bf82cb29e967a489,3,1..,RELAY,4,"channel_all,channel_content,inbox,site_all",,channel_all=CHANCE_REL;channel_content=CHANCE_REL;inbox=CHANCE_REL;site_all=CHANCE_REL,NO-CARRIER-FOUND,NO-CARRIER-FOUND,CHANCE_REL
4a74c605d44e2eaa,REST,WI,e9196cae3d7537f1,5,1..,RELAY,5,"S,channel_all,channel_content,inbox",,S=CHANCE_REL;channel_all=INDETERMINATE;channel_content=INDETERMINATE;inbox=CHANCE_REL;site_all=INDETERMINATE,NO-CARRIER-FOUND,NO-CARRIER-FOUND,CHANCE_REL;INDETERMINATE
4ca52ce511be4d86,REST,WF,78f3b0eccd44b1ed,9,all,RELAY,3,"channel_all,channel_count,site_all",,channel_all=INDETERMINATE;channel_count=INDETERMINATE;site_all=INDETERMINATE,UNDECIDED,UNDECIDED,INDETERMINATE
4df374e6bf33aa37,REST,WF,0187372b391d9d4e,4,all,HOLD,3,"joint,site_all","joint:COMPLETE,site_all:COMPLETE",channel_all=NO_EFFECT_REL;joint=FLIP_REL;site_all=FLIP_REL,CARRIER-NAMED,CARRIER-NAMED,FLIP_REL
4f4a50f887c570ab,REST,WF,63abaede82660280,9,all,RELAY,3,joint,joint:COMPLETE,channel_all=CHANCE_REL;joint=FLIP_REL;site_all=CHANCE_REL,CARRIER-NAMED,CARRIER-NAMED,FLIP_REL
4fe45b11e06792a8,REST,WI,4316f167de9424be,7,1..,RELAY,4,"S,inbox",site_all:COMPLETE,S=CHANCE_REL;channel_all=NO_EFFECT_REL;inbox=CHANCE_REL;site_all=FLIP_REL,CARRIER-NAMED,NO-CARRIER-FOUND,CHANCE_REL
5108739789dbcd45,REST,WI,35c721fddb88f2d2,0,1..,RELAY,4,"channel_all,channel_content,joint",,channel_all=CHANCE_REL;channel_content=CHANCE_REL;joint=CHANCE_REL;site_all=NO_EFFECT_REL,NO-CARRIER-FOUND,NO-CARRIER-FOUND,CHANCE_REL
53ff9899b0b14a48,REST,WF,8c37f32e68843070,5,all,RELAY,4,"channel_all,channel_content,pay1,site_all",,channel_all=CHANCE_REL;channel_content=CHANCE_REL;pay1=CHANCE_REL;site_all=CHANCE_REL,NO-CARRIER-FOUND,NO-CARRIER-FOUND,CHANCE_REL
5440be0de9ecea2b,REST,WI,31cd2a8a9b572a50,2,1..,RELAY,4,"S,channel_all,channel_content,site_all",,S=CHANCE_REL;channel_all=CHANCE_REL;channel_content=CHANCE_REL;site_all=CHANCE_REL,NO-CARRIER-FOUND,NO-CARRIER-FOUND,CHANCE_REL
560671e8e48200d1,REST,WI,cd5b6fd649eb242d,4,1..,RELAY,4,"channel_all,channel_content,inbox,site_all",,channel_all=CHANCE_REL;channel_content=CHANCE_REL;inbox=CHANCE_REL;site_all=CHANCE_REL,NO-CARRIER-FOUND,NO-CARRIER-FOUND,CHANCE_REL
561ed71c41350fe1,REST,WF,dcc7afb706a846d6,15,all,RELAY,2,"channel_all,site_all",,channel_all=CHANCE_REL;site_all=CHANCE_REL,NO-CARRIER-FOUND,NO-CARRIER-FOUND,CHANCE_REL
5670306cc95b29ee,REST,WF,688b9f6f5ccfb225,5,all,HOLD,2,site_all,site_all:COMPLETE,channel_all=NO_EFFECT_REL;site_all=FLIP_REL,CARRIER-NAMED,CARRIER-NAMED,FLIP_REL
58edb8d8b220da34,REST,WI,bbef66a1ee9558ac,10,1..,RELAY,4,"S,channel_all,channel_content,site_all",,S=CHANCE_REL;channel_all=CHANCE_REL;channel_content=CHANCE_REL;site_all=CHANCE_REL,NO-CARRIER-FOUND,NO-CARRIER-FOUND,CHANCE_REL
59b89e9dca38aa04,REST,WF,7bd03b203ddda7b5,3,all,RELAY,4,"channel_all,channel_content,pay0,site_all",,channel_all=CHANCE_REL;channel_content=CHANCE_REL;pay0=CHANCE_REL;site_all=CHANCE_REL,NO-CARRIER-FOUND,NO-CARRIER-FOUND,INDETERMINATE
5a52cea276d0c158,REST,WF,88f94654d171e95e,3,all,MAJ,5,"channel_all,channel_content,joint,pay1","channel_all:COMPLETE,channel_content:COMPLETE,joint:COMPLETE,pay1:COMPLETE",channel_all=FLIP_REL;channel_content=FLIP_REL;joint=FLIP_REL;pay1=FLIP_REL;site_all=NO_EFFECT_REL,CARRIER-NAMED,CARRIER-NAMED,FLIP_REL
5ddb997236178b62,REST,WI,31cd2a8a9b572a50,0,1..,RELAY,4,"S,joint,site_all",,S=CHANCE_REL;channel_all=NO_EFFECT_REL;joint=CHANCE_REL;site_all=CHANCE_REL,NO-CARRIER-FOUND,NO-CARRIER-FOUND,CHANCE_REL
5e7704cceb70e38d,REST,WI,ed16c5532e2398cd,7,1..,RELAY,4,"S,inbox",site_all:PARTIAL,S=CHANCE_REL;channel_all=NO_EFFECT_REL;inbox=CHANCE_REL;site_all=FLIP_REL,CARRIER-PARTIAL,NO-CARRIER-FOUND,CHANCE_REL
5f951c9a222bcf9d,REST,WF,62c6fa31078b1a9c,9,all,HOLD,2,site_all,site_all:COMPLETE,channel_all=NO_EFFECT_REL;site_all=FLIP_REL,CARRIER-NAMED,CARRIER-NAMED,FLIP_REL
601733dcd2dcfac4,REST,WF,13b6ae2c0e08b007,15,all,RELAY,2,"channel_all,site_all",,channel_all=CHANCE_REL;site_all=CHANCE_REL,NO-CARRIER-FOUND,NO-CARRIER-FOUND,CHANCE_REL
