vid,gid,source,specimen,family,arm,offset,WO_abs_single,WO_every,WQ_rel2,WU_status,WU_rel3,WU_zclass,new,new_transfer,new_certificate,new_z,new_normal_lo,new_abs,K,P,new_in_rel3_bound,new_eq_rel2
V0554,082a3ce306fd6ee8,WI,63d17a90e365e424,RELAY,site_all,4,CHANCE,,CHANCE_REL,AMBIGUOUS,CHANCE_REL|INDETERMINATE,PARTIAL,CHANCE_REL,,CHANCE_REL,-0.4241,0.766,FLIP,11,256,True,True
V0555,082a3ce306fd6ee8,WI,63d17a90e365e424,RELAY,channel_all,4,CHANCE,,CHANCE_REL,AMBIGUOUS,CHANCE_REL|INDETERMINATE,PARTIAL,CHANCE_REL,,CHANCE_REL,0.4241,0.766,CHANCE,11,256,True,True
V0556,082a3ce306fd6ee8,WI,63d17a90e365e424,RELAY,S,4,CHANCE,,NO_EFFECT_REL,DETERMINED,NO_EFFECT_REL,PARTIAL,NO_EFFECT_REL,,NO_EFFECT_REL,0.6939,0.766,CHANCE,11,256,True,True
V0557,082a3ce306fd6ee8,WI,63d17a90e365e424,RELAY,inbox,4,CHANCE,,NO_EFFECT_REL,DETERMINED,NO_EFFECT_REL,PARTIAL,NO_EFFECT_REL,,NO_EFFECT_REL,0.7857,0.766,CHANCE,11,256,True,True
V0558,082a3ce306fd6ee8,WI,63d17a90e365e424,RELAY,channel_count,4,CHANCE,,CHANCE_REL,AMBIGUOUS,CHANCE_REL|INDETERMINATE,PARTIAL,CHANCE_REL,,CHANCE_REL,0.4241,0.766,CHANCE,11,256,True,True
V0559,082a3ce306fd6ee8,WI,63d17a90e365e424,RELAY,r,4,CHANCE,,CHANCE_REL,DETERMINED,CHANCE_REL,PARTIAL,CHANCE_REL,,CHANCE_REL,0.0931,0.766,CHANCE,11,256,True,True
V0328,1028bd14a6156f8d,WI,369f5a5b745eb592,RELAY,S,1,CHANCE,,FLIP_REL,AMBIGUOUS,FLIP_REL|INDETERMINATE,PARTIAL,INDETERMINATE,,INDETERMINATE,-0.5337,0.6686,CHANCE,11,256,True,False
V0631,12be272949c659c3,WI,bbef66a1ee9558ac,RELAY,site_all,11,CHANCE,CHANCE,NO_EFFECT_REL,AMBIGUOUS,INDETERMINATE|NO_EFFECT_REL,PARTIAL,NO_EFFECT_REL,,NO_EFFECT_REL,0.5484,0.8815,CHANCE,11,256,True,True
V0632,12be272949c659c3,WI,bbef66a1ee9558ac,RELAY,S,11,CHANCE,CHANCE,NO_EFFECT_REL,AMBIGUOUS,INDETERMINATE|NO_EFFECT_REL,PARTIAL,NO_EFFECT_REL,,NO_EFFECT_REL,0.5484,0.8815,CHANCE,11,256,True,True
V0325,159c70ba9bcaa021,WI,369f5a5b745eb592,RELAY,site_all,0,CHANCE,,CHANCE_REL,DETERMINED,CHANCE_REL,PARTIAL,CHANCE_REL,,CHANCE_REL,0.3799,0.6686,CHANCE,11,256,True,True
V0326,159c70ba9bcaa021,WI,369f5a5b745eb592,RELAY,joint,0,CHANCE,,INDETERMINATE,DETERMINED,INDETERMINATE,PARTIAL,INDETERMINATE,,INDETERMINATE,0.513,0.6686,CHANCE,11,256,True,True
V0327,159c70ba9bcaa021,WI,369f5a5b745eb592,RELAY,S,0,CHANCE,,CHANCE_REL,AMBIGUOUS,CHANCE_REL|INDETERMINATE,PARTIAL,CHANCE_REL,,CHANCE_REL,0.3479,0.6686,CHANCE,11,256,True,True
V0316,15c4ee5a3f4905ef,WI,31cd2a8a9b572a50,RELAY,channel_all,7,CHANCE,,NO_EFFECT_REL,AMBIGUOUS,INDETERMINATE|NO_EFFECT_REL,PARTIAL,NO_EFFECT_REL,,NO_EFFECT_REL,0.5366,0.8723,CHANCE,11,256,True,True
V0317,15c4ee5a3f4905ef,WI,31cd2a8a9b572a50,RELAY,S,7,CHANCE,,CHANCE_REL,DETERMINED,CHANCE_REL,PARTIAL,CHANCE_REL,,CHANCE_REL,-0.1009,0.8723,CHANCE,11,256,True,True
V0318,15c4ee5a3f4905ef,WI,31cd2a8a9b572a50,RELAY,inbox,7,CHANCE,,NO_EFFECT_REL,DETERMINED,NO_EFFECT_REL,PARTIAL,NO_EFFECT_REL,,NO_EFFECT_REL,0.5644,0.8723,CHANCE,11,256,True,True
V0319,15c4ee5a3f4905ef,WI,31cd2a8a9b572a50,RELAY,channel_content,7,CHANCE,,NO_EFFECT_REL,AMBIGUOUS,INDETERMINATE|NO_EFFECT_REL,PARTIAL,NO_EFFECT_REL,,NO_EFFECT_REL,0.5366,0.8723,CHANCE,11,256,True,True
V0434,16fe8d4b73777377,WI,4271681452d29aee,RELAY,site_all,11,CHANCE,,INDETERMINATE,DETERMINED,INDETERMINATE,PARTIAL,FLIP_REL,PARTIAL,FLIP_REL,-0.6246,0.6287,CHANCE,11,256,False,False
V0435,16fe8d4b73777377,WI,4271681452d29aee,RELAY,channel_all,11,CHANCE,,INDETERMINATE,DETERMINED,INDETERMINATE,PARTIAL,NO_EFFECT_REL,,NO_EFFECT_REL,0.6246,0.6287,CHANCE,11,256,False,False
V0436,16fe8d4b73777377,WI,4271681452d29aee,RELAY,S,11,CHANCE,,CHANCE_REL,AMBIGUOUS,CHANCE_REL|INDETERMINATE,PARTIAL,INDETERMINATE,,INDETERMINATE,-0.4262,0.6287,CHANCE,11,256,True,False
V0437,16fe8d4b73777377,WI,4271681452d29aee,RELAY,channel_count,11,CHANCE,,INDETERMINATE,DETERMINED,INDETERMINATE,PARTIAL,NO_EFFECT_REL,,NO_EFFECT_REL,0.6246,0.6287,CHANCE,11,256,False,False
V0438,16fe8d4b73777377,WI,4271681452d29aee,RELAY,r,11,NO-EFFECT,,NO_EFFECT_REL,DETERMINED,NO_EFFECT_REL,PARTIAL,NO_EFFECT_REL,,NO_EFFECT_REL,0.7949,0.6287,NO-EFFECT,11,256,True,True
V0404,19a1ad0a5d410da8,WI,4271681452d29aee,RELAY,site_all,5,CHANCE,,CHANCE_REL,DETERMINED,CHANCE_REL,PARTIAL,CHANCE_REL,,CHANCE_REL,-0.1102,0.6287,CHANCE,11,256,True,True
V0405,19a1ad0a5d410da8,WI,4271681452d29aee,RELAY,channel_all,5,CHANCE,,CHANCE_REL,DETERMINED,CHANCE_REL,PARTIAL,CHANCE_REL,,CHANCE_REL,0.1102,0.6287,CHANCE,11,256,True,True
V0406,19a1ad0a5d410da8,WI,4271681452d29aee,RELAY,S,5,CHANCE,,INDETERMINATE,DETERMINED,INDETERMINATE,PARTIAL,CHANCE_REL,,CHANCE_REL,0.3393,0.6287,CHANCE,11,256,False,False
V0407,19a1ad0a5d410da8,WI,4271681452d29aee,RELAY,channel_count,5,CHANCE,,CHANCE_REL,DETERMINED,CHANCE_REL,PARTIAL,CHANCE_REL,,CHANCE_REL,0.1102,0.6287,CHANCE,11,256,True,True
V0408,19a1ad0a5d410da8,WI,4271681452d29aee,RELAY,r,5,CHANCE,,CHANCE_REL,AMBIGUOUS,CHANCE_REL|INDETERMINATE,PARTIAL,CHANCE_REL,,CHANCE_REL,0.417,0.6287,CHANCE,11,256,True,True
V0525,1d0ab48c3ba617e8,WI,4ab2ba014aac967e,HOLD,site_all,8,CHANCE,,NO_EFFECT_REL,AMBIGUOUS,INDETERMINATE|NO_EFFECT_REL,PARTIAL,NO_EFFECT_REL,,NO_EFFECT_REL,0.5547,0.8733,CHANCE,11,256,True,True
V0526,1d0ab48c3ba617e8,WI,4ab2ba014aac967e,HOLD,inbox,8,CHANCE,,NO_EFFECT_REL,AMBIGUOUS,INDETERMINATE|NO_EFFECT_REL,PARTIAL,NO_EFFECT_REL,,NO_EFFECT_REL,0.5547,0.8733,CHANCE,11,256,True,True
V0306,4de80272368335aa,WI,31cd2a8a9b572a50,RELAY,channel_all,1,CHANCE,,CHANCE_REL,AMBIGUOUS,CHANCE_REL|INDETERMINATE,PARTIAL,CHANCE_REL,,CHANCE_REL,0.4389,0.8723,CHANCE,11,256,True,True
V0307,4de80272368335aa,WI,31cd2a8a9b572a50,RELAY,channel_content,1,CHANCE,,CHANCE_REL,AMBIGUOUS,CHANCE_REL|INDETERMINATE,PARTIAL,CHANCE_REL,,CHANCE_REL,0.4389,0.8723,CHANCE,11,256,True,True
V0111,54113b7bc774bee7,WF,e06701a5e70bb7c2,RELAY,site_all,5,CHANCE,,CHANCE_REL,AMBIGUOUS,CHANCE_REL|INDETERMINATE,PARTIAL,CHANCE_REL,,CHANCE_REL,-0.4376,0.6532,CHANCE,12,256,True,True
V0112,54113b7bc774bee7,WF,e06701a5e70bb7c2,RELAY,channel_all,5,CHANCE,,CHANCE_REL,AMBIGUOUS,CHANCE_REL|INDETERMINATE,PARTIAL,CHANCE_REL,,CHANCE_REL,0.4376,0.6532,CHANCE,12,256,True,True
V0113,54113b7bc774bee7,WF,e06701a5e70bb7c2,RELAY,channel_count,5,CHANCE,,CHANCE_REL,AMBIGUOUS,CHANCE_REL|INDETERMINATE,PARTIAL,CHANCE_REL,,CHANCE_REL,0.4376,0.6532,CHANCE,12,256,True,True
V0424,6370591cc621d19e,WI,4271681452d29aee,RELAY,site_all,9,CHANCE,,CHANCE_REL,AMBIGUOUS,CHANCE_REL|INDETERMINATE,PARTIAL,INDETERMINATE,,INDETERMINATE,-0.4403,0.6287,CHANCE,11,256,True,False
V0425,6370591cc621d19e,WI,4271681452d29aee,RELAY,channel_all,9,CHANCE,,CHANCE_REL,AMBIGUOUS,CHANCE_REL|INDETERMINATE,PARTIAL,INDETERMINATE,,INDETERMINATE,0.4403,0.6287,CHANCE,11,256,True,False
V0426,6370591cc621d19e,WI,4271681452d29aee,RELAY,S,9,CHANCE,,CHANCE_REL,DETERMINED,CHANCE_REL,PARTIAL,CHANCE_REL,,CHANCE_REL,-0.1341,0.6287,CHANCE,11,256,True,True
V0427,6370591cc621d19e,WI,4271681452d29aee,RELAY,channel_count,9,CHANCE,,CHANCE_REL,AMBIGUOUS,CHANCE_REL|INDETERMINATE,PARTIAL,INDETERMINATE,,INDETERMINATE,0.4403,0.6287,CHANCE,11,256,True,False
V0428,6370591cc621d19e,WI,4271681452d29aee,RELAY,r,9,CHANCE,,NO_EFFECT_REL,DETERMINED,NO_EFFECT_REL,PARTIAL,NO_EFFECT_REL,,NO_EFFECT_REL,0.6595,0.6287,NO-EFFECT,11,256,True,True
V0592,6ca81a9b195db48a,WI,78f3b0eccd44b1ed,RELAY,site_all,14,CHANCE,,CHANCE_REL,AMBIGUOUS,CHANCE_REL|INDETERMINATE,PARTIAL,CHANCE_REL,,CHANCE_REL,0.4604,0.6714,CHANCE,11,256,True,True
V0593,6ca81a9b195db48a,WI,78f3b0eccd44b1ed,RELAY,channel_all,14,CHANCE,,CHANCE_REL,AMBIGUOUS,CHANCE_REL|INDETERMINATE,PARTIAL,CHANCE_REL,,CHANCE_REL,-0.4604,0.6714,CHANCE,11,256,True,True
V0594,6ca81a9b195db48a,WI,78f3b0eccd44b1ed,RELAY,inbox,14,CHANCE,,CHANCE_REL,AMBIGUOUS,CHANCE_REL|INDETERMINATE,PARTIAL,CHANCE_REL,,CHANCE_REL,0.4604,0.6714,CHANCE,11,256,True,True
V0595,6ca81a9b195db48a,WI,78f3b0eccd44b1ed,RELAY,channel_count,14,CHANCE,,CHANCE_REL,AMBIGUOUS,CHANCE_REL|INDETERMINATE,PARTIAL,CHANCE_REL,,CHANCE_REL,-0.4604,0.6714,CHANCE,11,256,True,True
V0513,6edf00dccf85ffd6,WI,4781b0a172b6dc3c,MAJ,site_all,15,FLIP,,FLIP_REL,AMBIGUOUS,FLIP_REL|INDETERMINATE,PARTIAL,FLIP_REL,PARTIAL,FLIP_REL,-0.5529,0.7475,FLIP,11,256,True,True
V0514,6edf00dccf85ffd6,WI,4781b0a172b6dc3c,MAJ,channel_all,15,CHANCE,,NO_EFFECT_REL,AMBIGUOUS,INDETERMINATE|NO_EFFECT_REL,PARTIAL,NO_EFFECT_REL,,NO_EFFECT_REL,0.5529,0.7475,CHANCE,11,256,True,True
V0515,6edf00dccf85ffd6,WI,4781b0a172b6dc3c,MAJ,S,15,CHANCE,,CHANCE_REL,DETERMINED,CHANCE_REL,PARTIAL,CHANCE_REL,,CHANCE_REL,-0.083,0.7475,CHANCE,11,256,True,True
V0516,6edf00dccf85ffd6,WI,4781b0a172b6dc3c,MAJ,inbox,15,CHANCE,,NO_EFFECT_REL,DETERMINED,NO_EFFECT_REL,PARTIAL,INDETERMINATE,,INDETERMINATE,0.5301,0.7475,CHANCE,11,256,False,False
V0517,6edf00dccf85ffd6,WI,4781b0a172b6dc3c,MAJ,channel_content,15,CHANCE,,NO_EFFECT_REL,AMBIGUOUS,INDETERMINATE|NO_EFFECT_REL,PARTIAL,NO_EFFECT_REL,,NO_EFFECT_REL,0.5529,0.7475,CHANCE,11,256,True,True
V0409,75f51ae47373be5f,WI,4271681452d29aee,RELAY,site_all,6,CHANCE,,CHANCE_REL,DETERMINED,CHANCE_REL,PARTIAL,CHANCE_REL,,CHANCE_REL,-0.1366,0.6287,CHANCE,11,256,True,True
V0410,75f51ae47373be5f,WI,4271681452d29aee,RELAY,channel_all,6,CHANCE,,CHANCE_REL,DETERMINED,CHANCE_REL,PARTIAL,CHANCE_REL,,CHANCE_REL,0.1366,0.6287,CHANCE,11,256,True,True
V0411,75f51ae47373be5f,WI,4271681452d29aee,RELAY,S,6,CHANCE,,CHANCE_REL,DETERMINED,CHANCE_REL,PARTIAL,CHANCE_REL,,CHANCE_REL,0.2272,0.6287,CHANCE,11,256,True,True
V0412,75f51ae47373be5f,WI,4271681452d29aee,RELAY,channel_count,6,CHANCE,,CHANCE_REL,DETERMINED,CHANCE_REL,PARTIAL,CHANCE_REL,,CHANCE_REL,0.1366,0.6287,CHANCE,11,256,True,True
V0413,75f51ae47373be5f,WI,4271681452d29aee,RELAY,r,6,CHANCE,,NO_EFFECT_REL,AMBIGUOUS,INDETERMINATE|NO_EFFECT_REL,PARTIAL,NO_EFFECT_REL,,NO_EFFECT_REL,0.5775,0.6287,CHANCE,11,256,True,True
V0314,7f4f087679f7d387,WI,31cd2a8a9b572a50,RELAY,site_all,6,CHANCE,,CHANCE_REL,AMBIGUOUS,CHANCE_REL|INDETERMINATE,PARTIAL,CHANCE_REL,,CHANCE_REL,0.4389,0.8723,CHANCE,11,256,True,True
V0315,7f4f087679f7d387,WI,31cd2a8a9b572a50,RELAY,inbox,6,CHANCE,,CHANCE_REL,AMBIGUOUS,CHANCE_REL|INDETERMINATE,PARTIAL,CHANCE_REL,,CHANCE_REL,0.4389,0.8723,CHANCE,11,256,True,True
V0332,80db8e3f6d348d75,WI,369f5a5b745eb592,RELAY,site_all,3,CHANCE,,INDETERMINATE,DETERMINED,INDETERMINATE,PARTIAL,INDETERMINATE,,INDETERMINATE,-0.4555,0.6686,CHANCE,11,256,True,True
V0333,80db8e3f6d348d75,WI,369f5a5b745eb592,RELAY,channel_all,3,CHANCE,,INDETERMINATE,DETERMINED,INDETERMINATE,PARTIAL,INDETERMINATE,,INDETERMINATE,0.4555,0.6686,CHANCE,11,256,True,True
V0334,80db8e3f6d348d75,WI,369f5a5b745eb592,RELAY,S,3,CHANCE,,CHANCE_REL,AMBIGUOUS,CHANCE_REL|INDETERMINATE,PARTIAL,CHANCE_REL,,CHANCE_REL,-0.2958,0.6686,CHANCE,11,256,True,True
V0335,80db8e3f6d348d75,WI,369f5a5b745eb592,RELAY,channel_content,3,CHANCE,,NO_EFFECT_REL,DETERMINED,NO_EFFECT_REL,PARTIAL,INDETERMINATE,,INDETERMINATE,0.5469,0.6686,CHANCE,11,256,False,False
V0360,94976307d2fd556d,WI,369f5a5b745eb592,RELAY,site_all,10,CHANCE,,CHANCE_REL,AMBIGUOUS,CHANCE_REL|INDETERMINATE,PARTIAL,CHANCE_REL,,CHANCE_REL,-0.3396,0.6686,CHANCE,11,256,True,True
V0361,94976307d2fd556d,WI,369f5a5b745eb592,RELAY,channel_all,10,CHANCE,,CHANCE_REL,AMBIGUOUS,CHANCE_REL|INDETERMINATE,PARTIAL,CHANCE_REL,,CHANCE_REL,0.3396,0.6686,CHANCE,11,256,True,True
V0362,94976307d2fd556d,WI,369f5a5b745eb592,RELAY,S,10,CHANCE,,CHANCE_REL,DETERMINED,CHANCE_REL,PARTIAL,CHANCE_REL,,CHANCE_REL,-0.171,0.6686,CHANCE,11,256,True,True
V0363,94976307d2fd556d,WI,369f5a5b745eb592,RELAY,channel_content,10,CHANCE,,INDETERMINATE,DETERMINED,INDETERMINATE,PARTIAL,INDETERMINATE,,INDETERMINATE,0.4693,0.6686,CHANCE,11,256,True,True
V0166,9851fe8acc670e32,WF,4ecdfb3f4f9bad5a,MAJ,channel_all,5,CHANCE,,FLIP_REL,AMBIGUOUS,FLIP_REL|INDETERMINATE|NOT_ELIGIBLE,PARTIAL,FLIP_REL,PARTIAL,FLIP_REL,-0.6758,0.5703,CHANCE,12,256,True,True
V0167,9851fe8acc670e32,WF,4ecdfb3f4f9bad5a,MAJ,channel_content,5,CHANCE,,CHANCE_REL,DETERMINED,CHANCE_REL,PARTIAL,CHANCE_REL,,CHANCE_REL,0.064,0.5703,CHANCE,12,256,True,True
V0168,9851fe8acc670e32,WF,4ecdfb3f4f9bad5a,MAJ,pay0,5,CHANCE,,CHANCE_REL,DETERMINED,CHANCE_REL,PARTIAL,CHANCE_REL,,CHANCE_REL,0.064,0.5703,CHANCE,12,256,True,True
V0170,9851fe8acc670e32,WF,4ecdfb3f4f9bad5a,MAJ,joint,5,CHANCE,,FLIP_REL,DETERMINED,FLIP_REL,COMPLETE,FLIP_REL,COMPLETE,FLIP_REL,-1.0,0.5703,CHANCE,12,256,True,True
V0390,a0c143e729796ef8,WI,4271681452d29aee,RELAY,site_all,2,CHANCE,,CHANCE_REL,DETERMINED,CHANCE_REL,PARTIAL,CHANCE_REL,,CHANCE_REL,0.2223,0.6287,CHANCE,11,256,True,True
V0391,a0c143e729796ef8,WI,4271681452d29aee,RELAY,channel_all,2,CHANCE,,CHANCE_REL,DETERMINED,CHANCE_REL,PARTIAL,CHANCE_REL,,CHANCE_REL,-0.2223,0.6287,CHANCE,11,256,True,True
V0392,a0c143e729796ef8,WI,4271681452d29aee,RELAY,S,2,NO-EFFECT,,NO_EFFECT_REL,AMBIGUOUS,INDETERMINATE|NO_EFFECT_REL,PARTIAL,INDETERMINATE,,INDETERMINATE,0.6142,0.6287,CHANCE,11,256,True,False
V0393,a0c143e729796ef8,WI,4271681452d29aee,RELAY,channel_count,2,CHANCE,,CHANCE_REL,DETERMINED,CHANCE_REL,PARTIAL,CHANCE_REL,,CHANCE_REL,-0.2223,0.6287,CHANCE,11,256,True,True
V0394,a0c143e729796ef8,WI,4271681452d29aee,RELAY,r,2,CHANCE,,CHANCE_REL,AMBIGUOUS,CHANCE_REL|INDETERMINATE,PARTIAL,CHANCE_REL,,CHANCE_REL,0.3497,0.6287,CHANCE,11,256,True,True
V0633,a4b5839e72683135,WI,bbef66a1ee9558ac,RELAY,site_all,14,CHANCE,,CHANCE_REL,AMBIGUOUS,CHANCE_REL|INDETERMINATE,PARTIAL,CHANCE_REL,,CHANCE_REL,0.4647,0.8815,CHANCE,11,256,True,True
V0634,a4b5839e72683135,WI,bbef66a1ee9558ac,RELAY,inbox,14,CHANCE,,CHANCE_REL,AMBIGUOUS,CHANCE_REL|INDETERMINATE,PARTIAL,CHANCE_REL,,CHANCE_REL,0.4647,0.8815,CHANCE,11,256,True,True
V0356,a7f711776c1c3640,WI,369f5a5b745eb592,RELAY,site_all,9,CHANCE,,CHANCE_REL,AMBIGUOUS,CHANCE_REL|INDETERMINATE,PARTIAL,CHANCE_REL,,CHANCE_REL,-0.3568,0.6686,CHANCE,11,256,True,True
V0357,a7f711776c1c3640,WI,369f5a5b745eb592,RELAY,channel_all,9,CHANCE,,CHANCE_REL,AMBIGUOUS,CHANCE_REL|INDETERMINATE,PARTIAL,CHANCE_REL,,CHANCE_REL,0.3568,0.6686,CHANCE,11,256,True,True
V0358,a7f711776c1c3640,WI,369f5a5b745eb592,RELAY,S,9,CHANCE,,CHANCE_REL,DETERMINED,CHANCE_REL,PARTIAL,CHANCE_REL,,CHANCE_REL,-0.1843,0.6686,CHANCE,11,256,True,True
V0359,a7f711776c1c3640,WI,369f5a5b745eb592,RELAY,channel_content,9,CHANCE,,INDETERMINATE,DETERMINED,INDETERMINATE,PARTIAL,INDETERMINATE,,INDETERMINATE,0.4821,0.6686,CHANCE,11,256,True,True
V0659,ad84ca90b0fa9e3f,WI,c16d52319beb8bce,RELAY,site_all,5,FLIP,,CHANCE_REL,DETERMINED,CHANCE_REL,PARTIAL,CHANCE_REL,,CHANCE_REL,-0.3162,0.8422,CHANCE,11,256,True,True
V0660,ad84ca90b0fa9e3f,WI,c16d52319beb8bce,RELAY,channel_all,5,CHANCE,,CHANCE_REL,DETERMINED,CHANCE_REL,PARTIAL,CHANCE_REL,,CHANCE_REL,0.3162,0.8422,CHANCE,11,256,True,True
V0661,ad84ca90b0fa9e3f,WI,c16d52319beb8bce,RELAY,S,5,CHANCE,,CHANCE_REL,DETERMINED,CHANCE_REL,PARTIAL,CHANCE_REL,,CHANCE_REL,0.2373,0.8422,CHANCE,11,256,True,True
V0662,ad84ca90b0fa9e3f,WI,c16d52319beb8bce,RELAY,inbox,5,CHANCE,,CHANCE_REL,AMBIGUOUS,CHANCE_REL|INDETERMINATE,PARTIAL,CHANCE_REL,,CHANCE_REL,0.4466,0.8422,CHANCE,11,256,True,True
V0663,ad84ca90b0fa9e3f,WI,c16d52319beb8bce,RELAY,channel_content,5,CHANCE,,CHANCE_REL,DETERMINED,CHANCE_REL,PARTIAL,CHANCE_REL,,CHANCE_REL,0.3137,0.8422,CHANCE,11,256,True,True
V0635,b7e296268480ebee,WI,bbef66a1ee9558ac,RELAY,channel_all,15,CHANCE,,NO_EFFECT_REL,AMBIGUOUS,INDETERMINATE|NO_EFFECT_REL,PARTIAL,NO_EFFECT_REL,,NO_EFFECT_REL,0.5484,0.8815,CHANCE,11,256,True,True
V0636,b7e296268480ebee,WI,bbef66a1ee9558ac,RELAY,S,15,CHANCE,,CHANCE_REL,DETERMINED,CHANCE_REL,PARTIAL,CHANCE_REL,,CHANCE_REL,-0.0778,0.8815,CHANCE,11,256,True,True
V0637,b7e296268480ebee,WI,bbef66a1ee9558ac,RELAY,inbox,15,CHANCE,,INDETERMINATE,DETERMINED,INDETERMINATE,PARTIAL,INDETERMINATE,,INDETERMINATE,0.5294,0.8815,CHANCE,11,256,True,True
V0638,b7e296268480ebee,WI,bbef66a1ee9558ac,RELAY,channel_content,15,CHANCE,,NO_EFFECT_REL,AMBIGUOUS,INDETERMINATE|NO_EFFECT_REL,PARTIAL,NO_EFFECT_REL,,NO_EFFECT_REL,0.5484,0.8815,CHANCE,11,256,True,True
V0580,be3314203db7e602,WI,78f3b0eccd44b1ed,RELAY,site_all,9,CHANCE,,CHANCE_REL,AMBIGUOUS,CHANCE_REL|INDETERMINATE,PARTIAL,CHANCE_REL,,CHANCE_REL,-0.4604,0.6714,CHANCE,11,256,True,True
V0581,be3314203db7e602,WI,78f3b0eccd44b1ed,RELAY,channel_all,9,CHANCE,,CHANCE_REL,AMBIGUOUS,CHANCE_REL|INDETERMINATE,PARTIAL,CHANCE_REL,,CHANCE_REL,0.4604,0.6714,CHANCE,11,256,True,True
V0582,be3314203db7e602,WI,78f3b0eccd44b1ed,RELAY,S,9,CHANCE,,CHANCE_REL,AMBIGUOUS,CHANCE_REL|INDETERMINATE,PARTIAL,CHANCE_REL,,CHANCE_REL,-0.4604,0.6714,CHANCE,11,256,True,True
V0583,be3314203db7e602,WI,78f3b0eccd44b1ed,RELAY,channel_count,9,CHANCE,,CHANCE_REL,AMBIGUOUS,CHANCE_REL|INDETERMINATE,PARTIAL,CHANCE_REL,,CHANCE_REL,0.4604,0.6714,CHANCE,11,256,True,True
V0625,bf179b955b8af467,WI,bbef66a1ee9558ac,RELAY,channel_all,9,CHANCE,,CHANCE_REL,AMBIGUOUS,CHANCE_REL|INDETERMINATE,PARTIAL,CHANCE_REL,,CHANCE_REL,0.4647,0.8815,CHANCE,11,256,True,True
V0626,bf179b955b8af467,WI,bbef66a1ee9558ac,RELAY,channel_content,9,CHANCE,,CHANCE_REL,AMBIGUOUS,CHANCE_REL|INDETERMINATE,PARTIAL,CHANCE_REL,,CHANCE_REL,0.4647,0.8815,CHANCE,11,256,True,True
V0267,bf3b67eab1ef3b9a,WF,4271681452d29aee,RELAY,site_all,-1,NO-EFFECT,,NO_EFFECT_REL,AMBIGUOUS,INDETERMINATE|NO_EFFECT_REL,PARTIAL,NO_EFFECT_REL,,NO_EFFECT_REL,0.6338,0.6287,CHANCE,11,256,True,True
V0268,bf3b67eab1ef3b9a,WF,4271681452d29aee,RELAY,channel_all,-1,NO-EFFECT,,NO_EFFECT_REL,AMBIGUOUS,INDETERMINATE|NO_EFFECT_REL,PARTIAL,NO_EFFECT_REL,,NO_EFFECT_REL,0.6332,0.6287,NO-EFFECT,11,256,True,True
V0312,cc88ecef9bed95ee,WI,31cd2a8a9b572a50,RELAY,site_all,3,CHANCE,,NO_EFFECT_REL,AMBIGUOUS,INDETERMINATE|NO_EFFECT_REL,PARTIAL,NO_EFFECT_REL,,NO_EFFECT_REL,0.5366,0.8723,CHANCE,11,256,True,True
V0313,cc88ecef9bed95ee,WI,31cd2a8a9b572a50,RELAY,S,3,CHANCE,,NO_EFFECT_REL,AMBIGUOUS,INDETERMINATE|NO_EFFECT_REL,PARTIAL,NO_EFFECT_REL,,NO_EFFECT_REL,0.5366,0.8723,CHANCE,11,256,True,True
V0646,ef03b2a644e48aba,WI,bf82cb29e967a489,RELAY,site_all,6,CHANCE,,CHANCE_REL,AMBIGUOUS,CHANCE_REL|INDETERMINATE,PARTIAL,CHANCE_REL,,CHANCE_REL,0.4115,0.6588,CHANCE,11,256,True,True
V0647,ef03b2a644e48aba,WI,bf82cb29e967a489,RELAY,channel_all,6,CHANCE,,CHANCE_REL,AMBIGUOUS,CHANCE_REL|INDETERMINATE,PARTIAL,CHANCE_REL,,CHANCE_REL,-0.4115,0.6588,CHANCE,11,256,True,True
V0648,ef03b2a644e48aba,WI,bf82cb29e967a489,RELAY,inbox,6,CHANCE,,CHANCE_REL,AMBIGUOUS,CHANCE_REL|INDETERMINATE,PARTIAL,CHANCE_REL,,CHANCE_REL,0.4115,0.6588,CHANCE,11,256,True,True
V0649,ef03b2a644e48aba,WI,bf82cb29e967a489,RELAY,channel_content,6,CHANCE,,CHANCE_REL,AMBIGUOUS,CHANCE_REL|INDETERMINATE,PARTIAL,CHANCE_REL,,CHANCE_REL,-0.4115,0.6588,CHANCE,11,256,True,True
V0509,f440d3e1ea97d74c,WI,4781b0a172b6dc3c,MAJ,site_all,14,CHANCE,,CHANCE_REL,AMBIGUOUS,CHANCE_REL|INDETERMINATE,PARTIAL,INDETERMINATE,,INDETERMINATE,0.4605,0.7475,CHANCE,11,256,True,False
V0510,f440d3e1ea97d74c,WI,4781b0a172b6dc3c,MAJ,channel_all,14,FLIP,,CHANCE_REL,AMBIGUOUS,CHANCE_REL|INDETERMINATE,PARTIAL,INDETERMINATE,,INDETERMINATE,-0.4605,0.7475,FLIP,11,256,True,False
V0511,f440d3e1ea97d74c,WI,4781b0a172b6dc3c,MAJ,inbox,14,CHANCE,,CHANCE_REL,AMBIGUOUS,CHANCE_REL|INDETERMINATE,PARTIAL,INDETERMINATE,,INDETERMINATE,0.4605,0.7475,CHANCE,11,256,True,False
V0512,f440d3e1ea97d74c,WI,4781b0a172b6dc3c,MAJ,channel_content,14,FLIP,,CHANCE_REL,AMBIGUOUS,CHANCE_REL|INDETERMINATE,PARTIAL,INDETERMINATE,,INDETERMINATE,-0.4605,0.7475,FLIP,11,256,True,False
V0419,f9c471995948e927,WI,4271681452d29aee,RELAY,site_all,8,CHANCE,,CHANCE_REL,DETERMINED,CHANCE_REL,PARTIAL,CHANCE_REL,,CHANCE_REL,-0.3901,0.6287,CHANCE,11,256,True,True
V0420,f9c471995948e927,WI,4271681452d29aee,RELAY,channel_all,8,CHANCE,,CHANCE_REL,DETERMINED,CHANCE_REL,PARTIAL,CHANCE_REL,,CHANCE_REL,0.3901,0.6287,CHANCE,11,256,True,True
V0421,f9c471995948e927,WI,4271681452d29aee,RELAY,S,8,CHANCE,,CHANCE_REL,DETERMINED,CHANCE_REL,PARTIAL,CHANCE_REL,,CHANCE_REL,-0.0374,0.6287,CHANCE,11,256,True,True
V0422,f9c471995948e927,WI,4271681452d29aee,RELAY,channel_count,8,CHANCE,,CHANCE_REL,DETERMINED,CHANCE_REL,PARTIAL,CHANCE_REL,,CHANCE_REL,0.3901,0.6287,CHANCE,11,256,True,True
V0423,f9c471995948e927,WI,4271681452d29aee,RELAY,r,8,NO-EFFECT,,NO_EFFECT_REL,AMBIGUOUS,INDETERMINATE|NO_EFFECT_REL,PARTIAL,NO_EFFECT_REL,,NO_EFFECT_REL,0.6583,0.6287,NO-EFFECT,11,256,True,True
V0669,fb9a22dac48d5c45,WI,cd5b6fd649eb242d,RELAY,site_all,3,CHANCE,,INDETERMINATE,DETERMINED,INDETERMINATE,PARTIAL,CHANCE_REL,,CHANCE_REL,0.4432,0.7236,CHANCE,11,256,False,False
V0670,fb9a22dac48d5c45,WI,cd5b6fd649eb242d,RELAY,channel_all,3,CHANCE,,INDETERMINATE,DETERMINED,INDETERMINATE,PARTIAL,CHANCE_REL,,CHANCE_REL,-0.4432,0.7236,CHANCE,11,256,False,False
V0671,fb9a22dac48d5c45,WI,cd5b6fd649eb242d,RELAY,inbox,3,CHANCE,,CHANCE_REL,AMBIGUOUS,CHANCE_REL|INDETERMINATE,PARTIAL,CHANCE_REL,,CHANCE_REL,0.4545,0.7236,CHANCE,11,256,True,True
V0672,fb9a22dac48d5c45,WI,cd5b6fd649eb242d,RELAY,channel_content,3,CHANCE,,INDETERMINATE,DETERMINED,INDETERMINATE,PARTIAL,CHANCE_REL,,CHANCE_REL,-0.4432,0.7236,CHANCE,11,256,False,False
V0109,01599404747ff8dc,WF,4781b0a172b6dc3c,MAJ,site_all,15,FLIP,FLIP,INDETERMINATE,DETERMINED,INDETERMINATE,PARTIAL,INDETERMINATE,,INDETERMINATE,-0.5006,0.7485,FLIP,12,256,True,True
V0110,01599404747ff8dc,WF,4781b0a172b6dc3c,MAJ,channel_all,15,CHANCE,CHANCE,INDETERMINATE,DETERMINED,INDETERMINATE,PARTIAL,INDETERMINATE,,INDETERMINATE,0.5006,0.7485,CHANCE,12,256,True,True
V0067,016bd0d5e4cc89a5,WF,046d7c303740e9da,RELAY,site_all,15,CHANCE,CHANCE,CHANCE_REL,DETERMINED,CHANCE_REL,PARTIAL,CHANCE_REL,,CHANCE_REL,-0.3263,0.5735,CHANCE,12,256,True,True
V0068,016bd0d5e4cc89a5,WF,046d7c303740e9da,RELAY,channel_all,15,CHANCE,CHANCE,CHANCE_REL,DETERMINED,CHANCE_REL,PARTIAL,CHANCE_REL,,CHANCE_REL,0.3263,0.5735,CHANCE,12,256,True,True
V0399,03c2019d1ca479ff,WI,4271681452d29aee,RELAY,site_all,4,CHANCE,CHANCE,CHANCE_REL,DETERMINED,CHANCE_REL,PARTIAL,CHANCE_REL,,CHANCE_REL,-0.0398,0.6287,CHANCE,11,256,True,True
V0400,03c2019d1ca479ff,WI,4271681452d29aee,RELAY,channel_all,4,CHANCE,CHANCE,CHANCE_REL,DETERMINED,CHANCE_REL,PARTIAL,CHANCE_REL,,CHANCE_REL,0.0398,0.6287,CHANCE,11,256,True,True
V0401,03c2019d1ca479ff,WI,4271681452d29aee,RELAY,S,4,CHANCE,CHANCE,INDETERMINATE,DETERMINED,INDETERMINATE,PARTIAL,INDETERMINATE,,INDETERMINATE,0.4605,0.6287,CHANCE,11,256,True,True
V0402,03c2019d1ca479ff,WI,4271681452d29aee,RELAY,channel_count,4,CHANCE,CHANCE,CHANCE_REL,DETERMINED,CHANCE_REL,PARTIAL,CHANCE_REL,,CHANCE_REL,0.0398,0.6287,CHANCE,11,256,True,True
V0403,03c2019d1ca479ff,WI,4271681452d29aee,RELAY,r,4,CHANCE,CHANCE,CHANCE_REL,DETERMINED,CHANCE_REL,PARTIAL,CHANCE_REL,,CHANCE_REL,0.3748,0.6287,CHANCE,11,256,True,True
V0348,0423f8542507ddb1,WI,369f5a5b745eb592,RELAY,site_all,7,CHANCE,CHANCE,CHANCE_REL,DETERMINED,CHANCE_REL,PARTIAL,CHANCE_REL,,CHANCE_REL,-0.3971,0.6686,CHANCE,11,256,True,True
V0349,0423f8542507ddb1,WI,369f5a5b745eb592,RELAY,channel_all,7,CHANCE,CHANCE,CHANCE_REL,DETERMINED,CHANCE_REL,PARTIAL,CHANCE_REL,,CHANCE_REL,0.3971,0.6686,CHANCE,11,256,True,True
V0350,0423f8542507ddb1,WI,369f5a5b745eb592,RELAY,S,7,CHANCE,CHANCE,CHANCE_REL,DETERMINED,CHANCE_REL,PARTIAL,CHANCE_REL,,CHANCE_REL,-0.2757,0.6686,CHANCE,11,256,True,True
V0351,0423f8542507ddb1,WI,369f5a5b745eb592,RELAY,channel_content,7,CHANCE,CHANCE,INDETERMINATE,DETERMINED,INDETERMINATE,PARTIAL,INDETERMINATE,,INDETERMINATE,0.4983,0.6686,CHANCE,11,256,True,True
V0261,047aa8ed8357fa1c,WF,63abaede82660280,RELAY,channel_all,15,CHANCE,CHANCE,INDETERMINATE,DETERMINED,INDETERMINATE,PARTIAL,INDETERMINATE,,INDETERMINATE,-0.4687,0.5728,CHANCE,12,256,True,True
V0266,0573b93381033e9e,WF,4271681452d29aee,RELAY,site_all,15,FLIP,CHANCE,FLIP_REL,DETERMINED,FLIP_REL,COMPLETE,FLIP_REL,COMPLETE,FLIP_REL,-1.0,0.6204,FLIP,12,256,True,True
V0133,0600be1761995a36,WF,884a64df866756b0,RELAY,site_all,9,CHANCE,CHANCE,FLIP_REL,DETERMINED,FLIP_REL,PARTIAL,FLIP_REL,PARTIAL,FLIP_REL,-0.7092,0.5703,CHANCE,12,256,True,True
V0135,0600be1761995a36,WF,884a64df866756b0,RELAY,joint,9,CHANCE,CHANCE,FLIP_REL,DETERMINED,FLIP_REL,COMPLETE,FLIP_REL,COMPLETE,FLIP_REL,-1.0,0.5703,CHANCE,12,256,True,True
V0164,06db415389faf4f8,WF,b4e404f606bd2bb8,HOLD,site_all,9,FLIP,FLIP,FLIP_REL,DETERMINED,FLIP_REL,COMPLETE,FLIP_REL,COMPLETE,FLIP_REL,-0.9994,0.6051,FLIP,12,256,True,True
V0194,0b7e5bf14beafd8d,WF,0f5451c3b3cdf250,RELAY,site_all,15,CHANCE,,FLIP_REL,DETERMINED,FLIP_REL,COMPLETE,FLIP_REL,COMPLETE,FLIP_REL,-1.0,0.5709,CHANCE,12,256,True,True
V0070,1206651e72539e74,WF,8ccf6c723ec57b3d,MAJ,channel_all,3,CHANCE,CHANCE,FLIP_REL,DETERMINED,FLIP_REL,COMPLETE,FLIP_REL,COMPLETE,FLIP_REL,-0.9981,0.5804,CHANCE,12,256,True,True
V0071,1206651e72539e74,WF,8ccf6c723ec57b3d,MAJ,channel_content,3,CHANCE,CHANCE,FLIP_REL,DETERMINED,FLIP_REL,COMPLETE,FLIP_REL,COMPLETE,FLIP_REL,-0.9981,0.5804,CHANCE,12,256,True,True
V0072,1206651e72539e74,WF,8ccf6c723ec57b3d,MAJ,pay0,3,CHANCE,CHANCE,FLIP_REL,DETERMINED,FLIP_REL,COMPLETE,FLIP_REL,COMPLETE,FLIP_REL,-0.9981,0.5804,CHANCE,12,256,True,True
V0073,1206651e72539e74,WF,8ccf6c723ec57b3d,MAJ,channel_all,3,CHANCE,CHANCE,FLIP_REL,DETERMINED,FLIP_REL,COMPLETE,FLIP_REL,COMPLETE,FLIP_REL,-0.9981,0.5804,CHANCE,12,256,True,True
V0074,1206651e72539e74,WF,8ccf6c723ec57b3d,MAJ,joint,3,CHANCE,CHANCE,FLIP_REL,DETERMINED,FLIP_REL,COMPLETE,FLIP_REL,COMPLETE,FLIP_REL,-1.0,0.5804,CHANCE,12,256,True,True
V0287,147db695e0df9254,WI,13127335562d8595,HOLD,site_all,0,CHANCE,CHANCE,CHANCE_REL,DETERMINED,CHANCE_REL,PARTIAL,CHANCE_REL,,CHANCE_REL,0.1235,0.9185,CHANCE,11,256,True,True
V0288,147db695e0df9254,WI,13127335562d8595,HOLD,joint,0,CHANCE,CHANCE,CHANCE_REL,DETERMINED,CHANCE_REL,PARTIAL,CHANCE_REL,,CHANCE_REL,0.1235,0.9185,CHANCE,11,256,True,True
V0289,147db695e0df9254,WI,13127335562d8595,HOLD,S,0,CHANCE,CHANCE,CHANCE_REL,DETERMINED,CHANCE_REL,PARTIAL,CHANCE_REL,,CHANCE_REL,0.1235,0.9185,CHANCE,11,256,True,True
V0144,14d2bf50cfa11d74,WF,86fc01052c666646,RELAY,site_all,9,NO-EFFECT,,NO_EFFECT_REL,DETERMINED,NO_EFFECT_REL,PARTIAL,NO_EFFECT_REL,,NO_EFFECT_REL,0.6885,0.5928,NO-EFFECT,12,256,True,True
V0145,14d2bf50cfa11d74,WF,86fc01052c666646,RELAY,channel_all,9,CHANCE,,FLIP_REL,DETERMINED,FLIP_REL,PARTIAL,FLIP_REL,PARTIAL,FLIP_REL,-0.6885,0.5928,CHANCE,12,256,True,True
V0146,14d2bf50cfa11d74,WF,86fc01052c666646,RELAY,channel_content,9,CHANCE,,FLIP_REL,DETERMINED,FLIP_REL,PARTIAL,FLIP_REL,PARTIAL,FLIP_REL,-0.6926,0.5928,CHANCE,12,256,True,True
V0147,14d2bf50cfa11d74,WF,86fc01052c666646,RELAY,pay0,9,CHANCE,,FLIP_REL,DETERMINED,FLIP_REL,PARTIAL,FLIP_REL,PARTIAL,FLIP_REL,-0.7443,0.5928,CHANCE,12,256,True,True
V0150,14d2bf50cfa11d74,WF,86fc01052c666646,RELAY,joint,9,CHANCE,,FLIP_REL,DETERMINED,FLIP_REL,COMPLETE,FLIP_REL,COMPLETE,FLIP_REL,-1.0,0.5928,CHANCE,12,256,True,True
V0218,14fa2079481a944e,WF,26f9428bd464d37f,MAJ,channel_all,3,CHANCE,,FLIP_REL,DETERMINED,FLIP_REL,COMPLETE,FLIP_REL,COMPLETE,FLIP_REL,-0.9981,0.5794,CHANCE,12,256,True,True
V0219,14fa2079481a944e,WF,26f9428bd464d37f,MAJ,channel_count,3,CHANCE,,FLIP_REL,DETERMINED,FLIP_REL,COMPLETE,FLIP_REL,COMPLETE,FLIP_REL,-0.9981,0.5794,CHANCE,12,256,True,True
V0220,14fa2079481a944e,WF,26f9428bd464d37f,MAJ,channel_all,3,CHANCE,,FLIP_REL,DETERMINED,FLIP_REL,COMPLETE,FLIP_REL,COMPLETE,FLIP_REL,-0.9981,0.5794,CHANCE,12,256,True,True
V0221,14fa2079481a944e,WF,26f9428bd464d37f,MAJ,joint,3,CHANCE,,FLIP_REL,DETERMINED,FLIP_REL,COMPLETE,FLIP_REL,COMPLETE,FLIP_REL,-1.0,0.5794,CHANCE,12,256,True,True
V0082,14fdbfb249977aa0,WF,3c3d996aa4ea15c7,MAJ,site_all,7,CHANCE,,FLIP_REL,DETERMINED,FLIP_REL,COMPLETE,FLIP_REL,COMPLETE,FLIP_REL,-1.0,0.563,CHANCE,12,256,True,True
V0711,155c1575275fa8eb,WI,e9196cae3d7537f1,RELAY,channel_all,0,CHANCE,,CHANCE_REL,DETERMINED,CHANCE_REL,PARTIAL,CHANCE_REL,,CHANCE_REL,-0.1824,0.7881,CHANCE,11,256,True,True
V0712,155c1575275fa8eb,WI,e9196cae3d7537f1,RELAY,joint,0,CHANCE,,CHANCE_REL,DETERMINED,CHANCE_REL,PARTIAL,CHANCE_REL,,CHANCE_REL,-0.1824,0.7881,CHANCE,11,256,True,True
V0713,155c1575275fa8eb,WI,e9196cae3d7537f1,RELAY,channel_content,0,CHANCE,,CHANCE_REL,DETERMINED,CHANCE_REL,PARTIAL,CHANCE_REL,,CHANCE_REL,-0.1824,0.7881,CHANCE,11,256,True,True
V0009,158f47e46b2ec37d,WF,cdf603803282cd29,HOLD,site_all,5,FLIP,FLIP,FLIP_REL,DETERMINED,FLIP_REL,COMPLETE,FLIP_REL,COMPLETE,FLIP_REL,-1.0,0.6156,FLIP,12,256,True,True
V0577,1622bcd18864d8a8,WI,78f3b0eccd44b1ed,RELAY,site_all,0,CHANCE,,CHANCE_REL,DETERMINED,CHANCE_REL,PARTIAL,CHANCE_REL,,CHANCE_REL,0.1022,0.6714,CHANCE,11,256,True,True
V0578,1622bcd18864d8a8,WI,78f3b0eccd44b1ed,RELAY,joint,0,CHANCE,,CHANCE_REL,DETERMINED,CHANCE_REL,PARTIAL,CHANCE_REL,,CHANCE_REL,0.1022,0.6714,CHANCE,11,256,True,True
V0579,1622bcd18864d8a8,WI,78f3b0eccd44b1ed,RELAY,S,0,CHANCE,,CHANCE_REL,DETERMINED,CHANCE_REL,PARTIAL,CHANCE_REL,,CHANCE_REL,0.1022,0.6714,CHANCE,11,256,True,True
V0588,16fbc4ad76a36c3d,WI,78f3b0eccd44b1ed,RELAY,site_all,11,CHANCE,,INDETERMINATE,DETERMINED,INDETERMINATE,PARTIAL,NO_EFFECT_REL,,NO_EFFECT_REL,0.5561,0.6714,CHANCE,11,256,False,False
V0589,16fbc4ad76a36c3d,WI,78f3b0eccd44b1ed,RELAY,channel_all,11,CHANCE,,INDETERMINATE,DETERMINED,INDETERMINATE,PARTIAL,FLIP_REL,PARTIAL,FLIP_REL,-0.5561,0.6714,CHANCE,11,256,False,False
V0590,16fbc4ad76a36c3d,WI,78f3b0eccd44b1ed,RELAY,S,11,CHANCE,,INDETERMINATE,DETERMINED,INDETERMINATE,PARTIAL,NO_EFFECT_REL,,NO_EFFECT_REL,0.5561,0.6714,CHANCE,11,256,False,False
V0591,16fbc4ad76a36c3d,WI,78f3b0eccd44b1ed,RELAY,channel_count,11,CHANCE,,INDETERMINATE,DETERMINED,INDETERMINATE,PARTIAL,FLIP_REL,PARTIAL,FLIP_REL,-0.5561,0.6714,CHANCE,11,256,False,False
V0498,18d021900b3156dc,WI,4781b0a172b6dc3c,MAJ,site_all,9,CHANCE,,CHANCE_REL,DETERMINED,CHANCE_REL,PARTIAL,CHANCE_REL,,CHANCE_REL,0.1399,0.7475,CHANCE,11,256,True,True
V0499,18d021900b3156dc,WI,4781b0a172b6dc3c,MAJ,channel_all,9,CHANCE,,CHANCE_REL,DETERMINED,CHANCE_REL,PARTIAL,CHANCE_REL,,CHANCE_REL,-0.1399,0.7475,CHANCE,11,256,True,True
V0500,18d021900b3156dc,WI,4781b0a172b6dc3c,MAJ,S,9,CHANCE,,INDETERMINATE,DETERMINED,INDETERMINATE,PARTIAL,INDETERMINATE,,INDETERMINATE,0.4491,0.7475,CHANCE,11,256,True,True
V0501,18d021900b3156dc,WI,4781b0a172b6dc3c,MAJ,channel_content,9,CHANCE,,CHANCE_REL,DETERMINED,CHANCE_REL,PARTIAL,CHANCE_REL,,CHANCE_REL,-0.1399,0.7475,CHANCE,11,256,True,True
V0171,190617bffd35424f,WF,95649e2c29e72d45,RELAY,site_all,9,CHANCE,,CHANCE_REL,DETERMINED,CHANCE_REL,PARTIAL,CHANCE_REL,,CHANCE_REL,-0.4166,0.6553,CHANCE,12,256,True,True
V0172,190617bffd35424f,WF,95649e2c29e72d45,RELAY,channel_all,9,CHANCE,,CHANCE_REL,DETERMINED,CHANCE_REL,PARTIAL,CHANCE_REL,,CHANCE_REL,0.4166,0.6553,CHANCE,12,256,True,True
V0173,190617bffd35424f,WF,95649e2c29e72d45,RELAY,channel_content,9,CHANCE,,NO_EFFECT_REL,DETERMINED,NO_EFFECT_REL,PARTIAL,NO_EFFECT_REL,,NO_EFFECT_REL,0.5753,0.6553,CHANCE,12,256,True,True
V0174,190617bffd35424f,WF,95649e2c29e72d45,RELAY,pay0,9,CHANCE,,NO_EFFECT_REL,DETERMINED,NO_EFFECT_REL,PARTIAL,NO_EFFECT_REL,,NO_EFFECT_REL,0.5753,0.6553,CHANCE,12,256,True,True
V0235,19369347693bc3c3,WF,11f3ac8548d931fd,HOLD,site_all,6,FLIP,,FLIP_REL,DETERMINED,FLIP_REL,COMPLETE|PARTIAL,FLIP_REL,COMPLETE,FLIP_REL,-1.0079,0.6429,FLIP,12,256,True,True
V0236,19369347693bc3c3,WF,11f3ac8548d931fd,HOLD,joint,6,FLIP,,FLIP_REL,DETERMINED,FLIP_REL,COMPLETE|PARTIAL,FLIP_REL,COMPLETE,FLIP_REL,-1.0079,0.6429,FLIP,12,256,True,True
V0535,197729dc7fee3a7b,WI,613162a306938de7,MAJ,site_all,9,FLIP,,FLIP_REL,DETERMINED,FLIP_REL,COMPLETE|PARTIAL,FLIP_REL,PARTIAL,FLIP_REL,-0.8616,0.7113,FLIP,11,256,True,True
V0536,197729dc7fee3a7b,WI,613162a306938de7,MAJ,channel_all,9,NO-EFFECT,,NO_EFFECT_REL,DETERMINED,NO_EFFECT_REL,PARTIAL,NO_EFFECT_REL,,NO_EFFECT_REL,0.8616,0.7113,NO-EFFECT,11,256,True,True
V0537,197729dc7fee3a7b,WI,613162a306938de7,MAJ,S,9,FLIP,,FLIP_REL,DETERMINED,FLIP_REL,PARTIAL,FLIP_REL,PARTIAL,FLIP_REL,-0.8218,0.7113,FLIP,11,256,True,True
V0538,197729dc7fee3a7b,WI,613162a306938de7,MAJ,channel_content,9,NO-EFFECT,,NO_EFFECT_REL,DETERMINED,NO_EFFECT_REL,PARTIAL,NO_EFFECT_REL,,NO_EFFECT_REL,0.8616,0.7113,NO-EFFECT,11,256,True,True
V0242,19d6eb6a72251067,WF,0b3c855a80022a98,RELAY,site_all,15,NO-EFFECT,,CHANCE_REL,DETERMINED,CHANCE_REL,PARTIAL,CHANCE_REL,,CHANCE_REL,0.4126,0.5725,NO-EFFECT,12,256,True,True
V0243,19d6eb6a72251067,WF,0b3c855a80022a98,RELAY,channel_all,15,CHANCE,,CHANCE_REL,DETERMINED,CHANCE_REL,PARTIAL,CHANCE_REL,,CHANCE_REL,-0.4126,0.5725,CHANCE,12,256,True,True
V0151,1c5d01ee5912bfa8,WF,7ca102eb518ac124,HOLD,site_all,10,FLIP,,FLIP_REL,DETERMINED,FLIP_REL,COMPLETE|OVERSHOOT,FLIP_REL,COMPLETE,FLIP_REL,-1.0316,0.5947,CHANCE,12,256,True,True
V0153,1c5d01ee5912bfa8,WF,7ca102eb518ac124,HOLD,joint,10,FLIP,,FLIP_REL,DETERMINED,FLIP_REL,COMPLETE|OVERSHOOT,FLIP_REL,COMPLETE,FLIP_REL,-1.0316,0.5947,CHANCE,12,256,True,True
V0030,1ce95cfdd88e2a76,WF,c7d7d2a488a86d6f,RELAY,site_all,15,CHANCE,,FLIP_REL,DETERMINED,FLIP_REL,COMPLETE|PARTIAL,FLIP_REL,COMPLETE,FLIP_REL,-1.001,0.5682,CHANCE,12,256,True,True
V0031,1ce95cfdd88e2a76,WF,c7d7d2a488a86d6f,RELAY,channel_all,15,NO-EFFECT,,NO_EFFECT_REL,DETERMINED,NO_EFFECT_REL,PARTIAL,NO_EFFECT_REL,,NO_EFFECT_REL,1.001,0.5682,NO-EFFECT,12,256,True,True
V0547,1e20b381bdc1335d,WI,62a7fff921ca3bd8,RELAY,S,7,CHANCE,,CHANCE_REL,DETERMINED,CHANCE_REL,PARTIAL,CHANCE_REL,,CHANCE_REL,-0.2556,0.8095,CHANCE,11,256,True,True
V0548,1e20b381bdc1335d,WI,62a7fff921ca3bd8,RELAY,Kp,7,CHANCE,,CHANCE_REL,DETERMINED,CHANCE_REL,PARTIAL,CHANCE_REL,,CHANCE_REL,0.2556,0.8095,CHANCE,11,256,True,True
V0136,1eb906ebe672b0e3,WF,faafa5b049e1d4b4,HOLD,site_all,10,CHANCE,,FLIP_REL,DETERMINED,FLIP_REL,COMPLETE|PARTIAL,FLIP_REL,COMPLETE,FLIP_REL,-1.0025,0.585,CHANCE,12,256,True,True
V0138,1eb906ebe672b0e3,WF,faafa5b049e1d4b4,HOLD,joint,10,CHANCE,,FLIP_REL,DETERMINED,FLIP_REL,COMPLETE|PARTIAL,FLIP_REL,COMPLETE,FLIP_REL,-1.0025,0.585,CHANCE,12,256,True,True
V0044,1ee4c52701695b00,WF,dcc7afb706a846d6,RELAY,site_all,9,CHANCE,,NO_EFFECT_REL,DETERMINED,NO_EFFECT_REL,PARTIAL,NO_EFFECT_REL,,NO_EFFECT_REL,0.5683,0.6464,CHANCE,12,256,True,True
V0045,1ee4c52701695b00,WF,dcc7afb706a846d6,RELAY,channel_all,9,CHANCE,,FLIP_REL,DETERMINED,FLIP_REL,PARTIAL,FLIP_REL,PARTIAL,FLIP_REL,-0.5683,0.6464,CHANCE,12,256,True,True
V0046,1ee4c52701695b00,WF,dcc7afb706a846d6,RELAY,channel_content,9,CHANCE,,FLIP_REL,DETERMINED,FLIP_REL,PARTIAL,FLIP_REL,PARTIAL,FLIP_REL,-0.5753,0.6464,CHANCE,12,256,True,True
V0047,1ee4c52701695b00,WF,dcc7afb706a846d6,RELAY,pay0,9,CHANCE,,FLIP_REL,DETERMINED,FLIP_REL,PARTIAL,FLIP_REL,PARTIAL,FLIP_REL,-0.5753,0.6464,CHANCE,12,256,True,True
V0340,20dd8aa1c8c206f1,WI,369f5a5b745eb592,RELAY,site_all,5,CHANCE,,CHANCE_REL,DETERMINED,CHANCE_REL,PARTIAL,CHANCE_REL,,CHANCE_REL,-0.4143,0.6686,CHANCE,11,256,True,True
V0341,20dd8aa1c8c206f1,WI,369f5a5b745eb592,RELAY,channel_all,5,CHANCE,,CHANCE_REL,DETERMINED,CHANCE_REL,PARTIAL,CHANCE_REL,,CHANCE_REL,0.4143,0.6686,CHANCE,11,256,True,True
V0342,20dd8aa1c8c206f1,WI,369f5a5b745eb592,RELAY,S,5,CHANCE,,CHANCE_REL,DETERMINED,CHANCE_REL,PARTIAL,CHANCE_REL,,CHANCE_REL,-0.3111,0.6686,CHANCE,11,256,True,True
V0343,20dd8aa1c8c206f1,WI,369f5a5b745eb592,RELAY,channel_content,5,CHANCE,,INDETERMINATE,DETERMINED,INDETERMINATE,PARTIAL,INDETERMINATE,,INDETERMINATE,0.4899,0.6686,CHANCE,11,256,True,True
V0462,22c0e06dd009b47a,WI,4316f167de9424be,RELAY,site_all,6,CHANCE,,CHANCE_REL,DETERMINED,CHANCE_REL,PARTIAL,CHANCE_REL,,CHANCE_REL,0.3705,0.7872,CHANCE,11,256,True,True
V0463,22c0e06dd009b47a,WI,4316f167de9424be,RELAY,channel_all,6,CHANCE,,CHANCE_REL,DETERMINED,CHANCE_REL,PARTIAL,CHANCE_REL,,CHANCE_REL,-0.3705,0.7872,CHANCE,11,256,True,True
V0464,22c0e06dd009b47a,WI,4316f167de9424be,RELAY,inbox,6,CHANCE,,CHANCE_REL,DETERMINED,CHANCE_REL,PARTIAL,CHANCE_REL,,CHANCE_REL,0.3705,0.7872,CHANCE,11,256,True,True
V0465,22c0e06dd009b47a,WI,4316f167de9424be,RELAY,channel_content,6,CHANCE,,CHANCE_REL,DETERMINED,CHANCE_REL,PARTIAL,CHANCE_REL,,CHANCE_REL,-0.3705,0.7872,CHANCE,11,256,True,True
V0205,233561a2579b0edb,WF,2dccdaa5eb8ffa0e,RELAY,site_all,5,FLIP,,CHANCE_REL,DETERMINED,CHANCE_REL,PARTIAL,CHANCE_REL,,CHANCE_REL,-0.3843,0.7792,CHANCE,12,256,True,True
V0206,233561a2579b0edb,WF,2dccdaa5eb8ffa0e,RELAY,channel_all,5,CHANCE,,CHANCE_REL,DETERMINED,CHANCE_REL,PARTIAL,CHANCE_REL,,CHANCE_REL,0.3843,0.7792,CHANCE,12,256,True,True
V0207,233561a2579b0edb,WF,2dccdaa5eb8ffa0e,RELAY,channel_content,5,CHANCE,,CHANCE_REL,DETERMINED,CHANCE_REL,PARTIAL,CHANCE_REL,,CHANCE_REL,0.3843,0.7792,CHANCE,12,256,True,True
V0208,233561a2579b0edb,WF,2dccdaa5eb8ffa0e,RELAY,pay0,5,CHANCE,,CHANCE_REL,DETERMINED,CHANCE_REL,PARTIAL,CHANCE_REL,,CHANCE_REL,0.3843,0.7792,CHANCE,12,256,True,True
V0084,24b267f5d94b55b8,WF,e341694d05b42dbb,MAJ,channel_all,5,CHANCE,,FLIP_REL,DETERMINED,FLIP_REL,COMPLETE,FLIP_REL,COMPLETE,FLIP_REL,-1.0,0.5688,CHANCE,12,256,True,True
V0085,24b267f5d94b55b8,WF,e341694d05b42dbb,MAJ,channel_count,5,CHANCE,,FLIP_REL,DETERMINED,FLIP_REL,COMPLETE,FLIP_REL,COMPLETE,FLIP_REL,-1.0,0.5688,CHANCE,12,256,True,True
V0087,24b267f5d94b55b8,WF,e341694d05b42dbb,MAJ,joint,5,CHANCE,,FLIP_REL,DETERMINED,FLIP_REL,COMPLETE,FLIP_REL,COMPLETE,FLIP_REL,-1.0,0.5688,CHANCE,12,256,True,True
V0475,2560bc26340b7ed1,WI,4781b0a172b6dc3c,MAJ,channel_all,2,CHANCE,,NO_EFFECT_REL,DETERMINED,NO_EFFECT_REL,PARTIAL,NO_EFFECT_REL,,NO_EFFECT_REL,0.7383,0.7475,CHANCE,11,256,True,True
V0476,2560bc26340b7ed1,WI,4781b0a172b6dc3c,MAJ,channel_content,2,CHANCE,,NO_EFFECT_REL,DETERMINED,NO_EFFECT_REL,PARTIAL,NO_EFFECT_REL,,NO_EFFECT_REL,0.7383,0.7475,CHANCE,11,256,True,True
V0720,25f876844e8ba490,WI,ed16c5532e2398cd,RELAY,site_all,0,CHANCE,,CHANCE_REL,DETERMINED,CHANCE_REL,PARTIAL,CHANCE_REL,,CHANCE_REL,0.1175,0.7702,CHANCE,11,256,True,True
V0721,25f876844e8ba490,WI,ed16c5532e2398cd,RELAY,joint,0,CHANCE,,CHANCE_REL,DETERMINED,CHANCE_REL,PARTIAL,CHANCE_REL,,CHANCE_REL,0.1175,0.7702,CHANCE,11,256,True,True
V0722,25f876844e8ba490,WI,ed16c5532e2398cd,RELAY,S,0,CHANCE,,CHANCE_REL,DETERMINED,CHANCE_REL,PARTIAL,CHANCE_REL,,CHANCE_REL,0.1241,0.7702,CHANCE,11,256,True,True
V0479,2609b71115b1c517,WI,4781b0a172b6dc3c,MAJ,channel_all,4,CHANCE,,NO_EFFECT_REL,DETERMINED,NO_EFFECT_REL,PARTIAL,NO_EFFECT_REL,,NO_EFFECT_REL,0.6299,0.7475,CHANCE,11,256,True,True
V0480,2609b71115b1c517,WI,4781b0a172b6dc3c,MAJ,S,4,FLIP,,INDETERMINATE,DETERMINED,INDETERMINATE,PARTIAL,CHANCE_REL,,CHANCE_REL,-0.4505,0.7475,FLIP,11,256,False,False
V0481,2609b71115b1c517,WI,4781b0a172b6dc3c,MAJ,channel_content,4,CHANCE,,NO_EFFECT_REL,DETERMINED,NO_EFFECT_REL,PARTIAL,NO_EFFECT_REL,,NO_EFFECT_REL,0.6299,0.7475,CHANCE,11,256,True,True
V0028,2620beafab0445e2,WF,c7d7d2a488a86d6f,RELAY,site_all,9,CHANCE,,CHANCE_REL,DETERMINED,CHANCE_REL,PARTIAL,CHANCE_REL,,CHANCE_REL,-0.0427,0.5682,CHANCE,12,256,True,True
V0029,2620beafab0445e2,WF,c7d7d2a488a86d6f,RELAY,channel_all,9,CHANCE,,CHANCE_REL,DETERMINED,CHANCE_REL,PARTIAL,CHANCE_REL,,CHANCE_REL,0.0427,0.5682,CHANCE,12,256,True,True
V0032,2620beafab0445e2,WF,c7d7d2a488a86d6f,RELAY,joint,9,CHANCE,,FLIP_REL,DETERMINED,FLIP_REL,COMPLETE,FLIP_REL,COMPLETE,FLIP_REL,-1.0,0.5682,CHANCE,12,256,True,True
V0688,264793047e553f1e,WI,e06701a5e70bb7c2,RELAY,channel_all,0,CHANCE,,CHANCE_REL,DETERMINED,CHANCE_REL,PARTIAL,CHANCE_REL,,CHANCE_REL,0.2208,0.6553,CHANCE,11,256,True,True
V0689,264793047e553f1e,WI,e06701a5e70bb7c2,RELAY,joint,0,CHANCE,,CHANCE_REL,DETERMINED,CHANCE_REL,PARTIAL,CHANCE_REL,,CHANCE_REL,0.2208,0.6553,CHANCE,11,256,True,True
V0690,264793047e553f1e,WI,e06701a5e70bb7c2,RELAY,channel_count,0,CHANCE,,CHANCE_REL,DETERMINED,CHANCE_REL,PARTIAL,CHANCE_REL,,CHANCE_REL,0.2208,0.6553,CHANCE,11,256,True,True
V0698,279f8150995fe2e5,WI,e2afff1ce40123fc,RELAY,channel_all,0,CHANCE,,CHANCE_REL,DETERMINED,CHANCE_REL,PARTIAL,CHANCE_REL,,CHANCE_REL,0.0969,0.7812,CHANCE,11,256,True,True
V0699,279f8150995fe2e5,WI,e2afff1ce40123fc,RELAY,joint,0,CHANCE,,CHANCE_REL,DETERMINED,CHANCE_REL,PARTIAL,CHANCE_REL,,CHANCE_REL,0.1164,0.7812,CHANCE,11,256,True,True
V0700,279f8150995fe2e5,WI,e2afff1ce40123fc,RELAY,channel_content,0,CHANCE,,CHANCE_REL,DETERMINED,CHANCE_REL,PARTIAL,CHANCE_REL,,CHANCE_REL,0.0858,0.7812,CHANCE,11,256,True,True
V0650,2a776b0a3245a735,WI,bf82cb29e967a489,RELAY,channel_all,7,NO-EFFECT,,NO_EFFECT_REL,DETERMINED,NO_EFFECT_REL,PARTIAL,NO_EFFECT_REL,,NO_EFFECT_REL,0.7558,0.6588,NO-EFFECT,11,256,True,True
V0651,2a776b0a3245a735,WI,bf82cb29e967a489,RELAY,S,7,CHANCE,,CHANCE_REL,DETERMINED,CHANCE_REL,PARTIAL,CHANCE_REL,,CHANCE_REL,-0.2103,0.6588,CHANCE,11,256,True,True
V0652,2a776b0a3245a735,WI,bf82cb29e967a489,RELAY,inbox,7,CHANCE,,INDETERMINATE,DETERMINED,INDETERMINATE,PARTIAL,CHANCE_REL,,CHANCE_REL,0.4545,0.6588,CHANCE,11,256,False,False
V0653,2a776b0a3245a735,WI,bf82cb29e967a489,RELAY,channel_content,7,NO-EFFECT,,NO_EFFECT_REL,DETERMINED,NO_EFFECT_REL,PARTIAL,NO_EFFECT_REL,,NO_EFFECT_REL,0.7558,0.6588,NO-EFFECT,11,256,True,True
V0061,2bb08c7c6e8bce2d,WF,bbef66a1ee9558ac,RELAY,channel_all,9,CHANCE,,INDETERMINATE,DETERMINED,INDETERMINATE,PARTIAL,INDETERMINATE,,INDETERMINATE,0.5077,0.8812,CHANCE,12,256,True,True
V0062,2bb08c7c6e8bce2d,WF,bbef66a1ee9558ac,RELAY,channel_content,9,CHANCE,,INDETERMINATE,DETERMINED,INDETERMINATE,PARTIAL,INDETERMINATE,,INDETERMINATE,0.5077,0.8812,CHANCE,12,256,True,True
V0063,2bb08c7c6e8bce2d,WF,bbef66a1ee9558ac,RELAY,pay0,9,CHANCE,,INDETERMINATE,DETERMINED,INDETERMINATE,PARTIAL,INDETERMINATE,,INDETERMINATE,0.5077,0.8812,CHANCE,12,256,True,True
V0531,2de48a1d3abad5d0,WI,613162a306938de7,MAJ,site_all,0,CHANCE,,CHANCE_REL,DETERMINED,CHANCE_REL,PARTIAL,CHANCE_REL,,CHANCE_REL,0.0154,0.7113,CHANCE,11,256,True,True
V0532,2de48a1d3abad5d0,WI,613162a306938de7,MAJ,joint,0,CHANCE,,CHANCE_REL,DETERMINED,CHANCE_REL,PARTIAL,CHANCE_REL,,CHANCE_REL,0.0116,0.7113,CHANCE,11,256,True,True
V0533,2de48a1d3abad5d0,WI,613162a306938de7,MAJ,S,0,CHANCE,,CHANCE_REL,DETERMINED,CHANCE_REL,PARTIAL,CHANCE_REL,,CHANCE_REL,0.0166,0.7113,CHANCE,11,256,True,True
V0534,2e806005096187e6,WI,613162a306938de7,MAJ,S,8,FLIP,,FLIP_REL,DETERMINED,FLIP_REL,PARTIAL,FLIP_REL,PARTIAL,FLIP_REL,-0.8207,0.7113,FLIP,11,256,True,True
V0014,2ee59765a14d296e,WF,b472c4f8457e15e9,HOLD,site_all,5,FLIP,,FLIP_REL,DETERMINED,FLIP_REL,COMPLETE,FLIP_REL,COMPLETE,FLIP_REL,-1.0,0.6445,FLIP,12,256,True,True
V0563,2ef6259745c3a4b0,WI,63d17a90e365e424,RELAY,r,6,CHANCE,,NO_EFFECT_REL,DETERMINED,NO_EFFECT_REL,PARTIAL,NO_EFFECT_REL,,NO_EFFECT_REL,0.6582,0.766,CHANCE,11,256,True,True
V0701,2f1195c61753a8b5,WI,e2afff1ce40123fc,RELAY,channel_count,2,NO-EFFECT,,NO_EFFECT_REL,DETERMINED,NO_EFFECT_REL,PARTIAL,NO_EFFECT_REL,,NO_EFFECT_REL,1.0144,0.7812,NO-EFFECT,11,256,True,True
V0134,306eb21d0ecc6482,WF,884a64df866756b0,RELAY,site_all,15,CHANCE,,FLIP_REL,DETERMINED,FLIP_REL,COMPLETE,FLIP_REL,COMPLETE,FLIP_REL,-1.0,0.5703,CHANCE,12,256,True,True
V0664,31c8ba11b1a77212,WI,c16d52319beb8bce,RELAY,S,6,FLIP,,CHANCE_REL,DETERMINED,CHANCE_REL,PARTIAL,CHANCE_REL,,CHANCE_REL,-0.3162,0.8422,CHANCE,11,256,True,True
V0665,31c8ba11b1a77212,WI,c16d52319beb8bce,RELAY,inbox,6,CHANCE,,CHANCE_REL,DETERMINED,CHANCE_REL,PARTIAL,CHANCE_REL,,CHANCE_REL,0.3142,0.8422,CHANCE,11,256,True,True
V0290,33a666037c71eefa,WI,1c0a1bc76d7a69dc,HOLD,site_all,0,CHANCE,,CHANCE_REL,DETERMINED,CHANCE_REL,PARTIAL,CHANCE_REL,,CHANCE_REL,0.4022,0.8706,CHANCE,11,256,True,True
V0291,33a666037c71eefa,WI,1c0a1bc76d7a69dc,HOLD,joint,0,CHANCE,,CHANCE_REL,DETERMINED,CHANCE_REL,PARTIAL,CHANCE_REL,,CHANCE_REL,0.4012,0.8706,CHANCE,11,256,True,True
V0292,33a666037c71eefa,WI,1c0a1bc76d7a69dc,HOLD,S,0,CHANCE,,CHANCE_REL,DETERMINED,CHANCE_REL,PARTIAL,CHANCE_REL,,CHANCE_REL,0.4026,0.8706,CHANCE,11,256,True,True
V0494,35724346031acdbd,WI,4781b0a172b6dc3c,MAJ,site_all,8,CHANCE,,CHANCE_REL,DETERMINED,CHANCE_REL,PARTIAL,CHANCE_REL,,CHANCE_REL,-0.1372,0.7475,CHANCE,11,256,True,True
V0495,35724346031acdbd,WI,4781b0a172b6dc3c,MAJ,channel_all,8,CHANCE,,CHANCE_REL,DETERMINED,CHANCE_REL,PARTIAL,CHANCE_REL,,CHANCE_REL,0.1372,0.7475,CHANCE,11,256,True,True
V0496,35724346031acdbd,WI,4781b0a172b6dc3c,MAJ,S,8,CHANCE,,CHANCE_REL,DETERMINED,CHANCE_REL,PARTIAL,CHANCE_REL,,CHANCE_REL,0.2216,0.7475,CHANCE,11,256,True,True
V0497,35724346031acdbd,WI,4781b0a172b6dc3c,MAJ,channel_content,8,CHANCE,,CHANCE_REL,DETERMINED,CHANCE_REL,PARTIAL,CHANCE_REL,,CHANCE_REL,0.1372,0.7475,CHANCE,11,256,True,True
V0232,35736877a9904978,WF,688b9f6f5ccfb225,HOLD,site_all,4,CHANCE,,FLIP_REL,DETERMINED,FLIP_REL,COMPLETE|PARTIAL,FLIP_REL,COMPLETE,FLIP_REL,-1.0378,0.5902,CHANCE,12,256,True,True
V0234,35736877a9904978,WF,688b9f6f5ccfb225,HOLD,joint,4,CHANCE,,FLIP_REL,DETERMINED,FLIP_REL,COMPLETE,FLIP_REL,COMPLETE,FLIP_REL,-1.0266,0.5902,CHANCE,12,256,True,True
V0193,35e8cf0a2b53c57d,WF,0f5451c3b3cdf250,RELAY,site_all,9,CHANCE,,CHANCE_REL,DETERMINED,CHANCE_REL,PARTIAL,CHANCE_REL,,CHANCE_REL,-0.0722,0.5709,CHANCE,12,256,True,True
V0195,35e8cf0a2b53c57d,WF,0f5451c3b3cdf250,RELAY,joint,9,CHANCE,,FLIP_REL,DETERMINED,FLIP_REL,COMPLETE,FLIP_REL,COMPLETE,FLIP_REL,-1.0,0.5709,CHANCE,12,256,True,True
V0154,36b1631534e063df,WF,fded16810c3b6236,MAJ,channel_all,5,CHANCE,,FLIP_REL,DETERMINED,FLIP_REL,COMPLETE,FLIP_REL,COMPLETE,FLIP_REL,-1.0,0.5612,CHANCE,12,256,True,True
V0155,36b1631534e063df,WF,fded16810c3b6236,MAJ,channel_count,5,CHANCE,,FLIP_REL,DETERMINED,FLIP_REL,COMPLETE,FLIP_REL,COMPLETE,FLIP_REL,-1.0,0.5612,CHANCE,12,256,True,True
V0157,36b1631534e063df,WF,fded16810c3b6236,MAJ,joint,5,CHANCE,,FLIP_REL,DETERMINED,FLIP_REL,COMPLETE,FLIP_REL,COMPLETE,FLIP_REL,-1.0,0.5612,CHANCE,12,256,True,True
V0654,37cf1a940886df90,WI,c16d52319beb8bce,RELAY,channel_all,0,CHANCE,,CHANCE_REL,DETERMINED,CHANCE_REL,PARTIAL,CHANCE_REL,,CHANCE_REL,0.121,0.8422,CHANCE,11,256,True,True
V0655,37cf1a940886df90,WI,c16d52319beb8bce,RELAY,joint,0,CHANCE,,CHANCE_REL,DETERMINED,CHANCE_REL,PARTIAL,CHANCE_REL,,CHANCE_REL,0.0745,0.8422,CHANCE,11,256,True,True
V0656,37cf1a940886df90,WI,c16d52319beb8bce,RELAY,channel_content,0,CHANCE,,CHANCE_REL,DETERMINED,CHANCE_REL,PARTIAL,CHANCE_REL,,CHANCE_REL,0.122,0.8422,CHANCE,11,256,True,True
V0209,3800eab9d2f06ec3,WF,6783020342ca5991,RELAY,channel_all,9,CHANCE,,CHANCE_REL,DETERMINED,CHANCE_REL,PARTIAL,CHANCE_REL,,CHANCE_REL,-0.3416,0.5767,CHANCE,12,256,True,True
V0211,3800eab9d2f06ec3,WF,6783020342ca5991,RELAY,joint,9,CHANCE,,FLIP_REL,DETERMINED,FLIP_REL,COMPLETE,FLIP_REL,COMPLETE,FLIP_REL,-1.0,0.5767,CHANCE,12,256,True,True
V0002,3804f3900188fc53,WF,c939c3c7271e65d2,RELAY,site_all,15,CHANCE,,FLIP_REL,DETERMINED,FLIP_REL,COMPLETE,FLIP_REL,COMPLETE,FLIP_REL,-1.0,0.5844,CHANCE,12,256,True,True
V0723,380b0f4b160b9478,WI,ed16c5532e2398cd,RELAY,site_all,2,CHANCE,,CHANCE_REL,DETERMINED,CHANCE_REL,PARTIAL,CHANCE_REL,,CHANCE_REL,-0.2788,0.7702,CHANCE,11,256,True,True
V0724,380b0f4b160b9478,WI,ed16c5532e2398cd,RELAY,channel_all,2,CHANCE,,CHANCE_REL,DETERMINED,CHANCE_REL,PARTIAL,CHANCE_REL,,CHANCE_REL,0.2788,0.7702,CHANCE,11,256,True,True
V0725,380b0f4b160b9478,WI,ed16c5532e2398cd,RELAY,S,2,CHANCE,,CHANCE_REL,DETERMINED,CHANCE_REL,PARTIAL,CHANCE_REL,,CHANCE_REL,-0.2652,0.7702,CHANCE,11,256,True,True
V0726,380b0f4b160b9478,WI,ed16c5532e2398cd,RELAY,channel_content,2,CHANCE,,CHANCE_REL,DETERMINED,CHANCE_REL,PARTIAL,CHANCE_REL,,CHANCE_REL,0.2788,0.7702,CHANCE,11,256,True,True
V0296,383eacbb68e3abab,WI,2dccdaa5eb8ffa0e,RELAY,site_all,5,CHANCE,,CHANCE_REL,DETERMINED,CHANCE_REL,PARTIAL,CHANCE_REL,,CHANCE_REL,-0.339,0.7831,CHANCE,11,256,True,True
V0297,383eacbb68e3abab,WI,2dccdaa5eb8ffa0e,RELAY,channel_all,5,CHANCE,,CHANCE_REL,DETERMINED,CHANCE_REL,PARTIAL,CHANCE_REL,,CHANCE_REL,0.339,0.7831,CHANCE,11,256,True,True
V0298,383eacbb68e3abab,WI,2dccdaa5eb8ffa0e,RELAY,S,5,CHANCE,,CHANCE_REL,DETERMINED,CHANCE_REL,PARTIAL,CHANCE_REL,,CHANCE_REL,0.3402,0.7831,CHANCE,11,256,True,True
V0299,383eacbb68e3abab,WI,2dccdaa5eb8ffa0e,RELAY,inbox,5,CHANCE,,CHANCE_REL,DETERMINED,CHANCE_REL,PARTIAL,CHANCE_REL,,CHANCE_REL,0.3209,0.7831,CHANCE,11,256,True,True
V0300,383eacbb68e3abab,WI,2dccdaa5eb8ffa0e,RELAY,channel_content,5,CHANCE,,CHANCE_REL,DETERMINED,CHANCE_REL,PARTIAL,CHANCE_REL,,CHANCE_REL,0.339,0.7831,CHANCE,11,256,True,True
V0011,38ab2086c524dae9,WF,ed884172de6b4ec0,HOLD,site_all,9,FLIP,,FLIP_REL,DETERMINED,FLIP_REL,COMPLETE,FLIP_REL,COMPLETE,FLIP_REL,-1.0,0.6355,FLIP,12,256,True,True
V0552,38d779dcd1881a86,WI,63d17a90e365e424,RELAY,site_all,3,CHANCE,,INDETERMINATE,DETERMINED,INDETERMINATE,PARTIAL,INDETERMINATE,,INDETERMINATE,0.5325,0.766,CHANCE,11,256,True,True
V0553,38d779dcd1881a86,WI,63d17a90e365e424,RELAY,r,3,CHANCE,,NO_EFFECT_REL,DETERMINED,NO_EFFECT_REL,PARTIAL,NO_EFFECT_REL,,NO_EFFECT_REL,0.6288,0.766,CHANCE,11,256,True,True
V0131,39d35a72e642406d,WF,0017d8ccce60da90,HOLD,site_all,5,FLIP,,FLIP_REL,DETERMINED,FLIP_REL,COMPLETE,FLIP_REL,COMPLETE,FLIP_REL,-1.0,0.6177,FLIP,12,256,True,True
V0730,3c0ee0c8f970e985,SCT,4781b0a1,MAJ,inflight,8,CHANCE,,CHANCE_REL,DETERMINED,CHANCE_REL,PARTIAL,CHANCE_REL,,CHANCE_REL,0.0998,0.7485,CHANCE,12,256,True,True
V0731,3c0ee0c8f970e985,SCT,4781b0a1,MAJ,sitestate,8,CHANCE,,CHANCE_REL,DETERMINED,CHANCE_REL,PARTIAL,CHANCE_REL,,CHANCE_REL,-0.0998,0.7485,CHANCE,12,256,True,True
V0732,3c0ee0c8f970e985,SCT,4781b0a1,MAJ,payload,8,CHANCE,,CHANCE_REL,DETERMINED,CHANCE_REL,PARTIAL,CHANCE_REL,,CHANCE_REL,0.0998,0.7485,CHANCE,12,256,True,True
V0105,3d585948d48a724f,WF,4781b0a172b6dc3c,MAJ,site_all,9,CHANCE,,CHANCE_REL,DETERMINED,CHANCE_REL,PARTIAL,CHANCE_REL,,CHANCE_REL,0.0936,0.7485,CHANCE,12,256,True,True
V0106,3d585948d48a724f,WF,4781b0a172b6dc3c,MAJ,channel_all,9,CHANCE,,CHANCE_REL,DETERMINED,CHANCE_REL,PARTIAL,CHANCE_REL,,CHANCE_REL,-0.0936,0.7485,CHANCE,12,256,True,True
V0107,3d585948d48a724f,WF,4781b0a172b6dc3c,MAJ,channel_content,9,CHANCE,,CHANCE_REL,DETERMINED,CHANCE_REL,PARTIAL,CHANCE_REL,,CHANCE_REL,-0.0936,0.7485,CHANCE,12,256,True,True
V0108,3d585948d48a724f,WF,4781b0a172b6dc3c,MAJ,pay1,9,CHANCE,,CHANCE_REL,DETERMINED,CHANCE_REL,PARTIAL,CHANCE_REL,,CHANCE_REL,-0.0936,0.7485,CHANCE,12,256,True,True
V0200,3ee396e845f13d9d,WF,4ba2a869707a5108,RELAY,channel_all,3,FLIP,,FLIP_REL,DETERMINED,FLIP_REL,COMPLETE,FLIP_REL,COMPLETE,FLIP_REL,-1.0,0.607,FLIP,12,256,True,True
V0201,3ee396e845f13d9d,WF,4ba2a869707a5108,RELAY,channel_content,3,FLIP,,FLIP_REL,DETERMINED,FLIP_REL,COMPLETE,FLIP_REL,COMPLETE,FLIP_REL,-1.0,0.607,FLIP,12,256,True,True
V0202,3ee396e845f13d9d,WF,4ba2a869707a5108,RELAY,pay1,3,FLIP,,FLIP_REL,DETERMINED,FLIP_REL,COMPLETE,FLIP_REL,COMPLETE,FLIP_REL,-1.0,0.607,FLIP,12,256,True,True
V0203,3ee396e845f13d9d,WF,4ba2a869707a5108,RELAY,channel_all,3,FLIP,,FLIP_REL,DETERMINED,FLIP_REL,COMPLETE,FLIP_REL,COMPLETE,FLIP_REL,-1.0,0.607,FLIP,12,256,True,True
V0204,3ee396e845f13d9d,WF,4ba2a869707a5108,RELAY,joint,3,FLIP,,FLIP_REL,DETERMINED,FLIP_REL,COMPLETE,FLIP_REL,COMPLETE,FLIP_REL,-1.0,0.607,FLIP,12,256,True,True
V0702,3fc15b3a69849bd8,WI,e2afff1ce40123fc,RELAY,site_all,4,CHANCE,,NO_EFFECT_REL,DETERMINED,NO_EFFECT_REL,PARTIAL,NO_EFFECT_REL,,NO_EFFECT_REL,0.6432,0.7812,CHANCE,11,256,True,True
V0703,3fc15b3a69849bd8,WI,e2afff1ce40123fc,RELAY,S,4,CHANCE,,NO_EFFECT_REL,DETERMINED,NO_EFFECT_REL,PARTIAL,NO_EFFECT_REL,,NO_EFFECT_REL,0.6498,0.7812,CHANCE,11,256,True,True
V0281,3fe0747c810a67b2,WI,00c5d3b61fe3cac7,HOLD,site_all,0,CHANCE,,CHANCE_REL,DETERMINED,CHANCE_REL,PARTIAL,CHANCE_REL,,CHANCE_REL,0.3634,0.8059,CHANCE,11,256,True,True
V0282,3fe0747c810a67b2,WI,00c5d3b61fe3cac7,HOLD,joint,0,CHANCE,,CHANCE_REL,DETERMINED,CHANCE_REL,PARTIAL,CHANCE_REL,,CHANCE_REL,0.3634,0.8059,CHANCE,11,256,True,True
V0283,3fe0747c810a67b2,WI,00c5d3b61fe3cac7,HOLD,S,0,CHANCE,,CHANCE_REL,DETERMINED,CHANCE_REL,PARTIAL,CHANCE_REL,,CHANCE_REL,0.3631,0.8059,CHANCE,11,256,True,True
V0059,40588c251201bbb8,WF,bf82cb29e967a489,RELAY,site_all,7,FLIP,,FLIP_REL,DETERMINED,FLIP_REL,PARTIAL,FLIP_REL,PARTIAL,FLIP_REL,-0.7274,0.6582,FLIP,12,256,True,True
V0060,40588c251201bbb8,WF,bf82cb29e967a489,RELAY,channel_all,7,NO-EFFECT,,NO_EFFECT_REL,DETERMINED,NO_EFFECT_REL,PARTIAL,NO_EFFECT_REL,,NO_EFFECT_REL,0.7274,0.6582,NO-EFFECT,12,256,True,True
V0148,40c63fbf3b5311e1,WF,86fc01052c666646,RELAY,site_all,15,CHANCE,,CHANCE_REL,DETERMINED,CHANCE_REL,PARTIAL,CHANCE_REL,,CHANCE_REL,-0.4385,0.5928,CHANCE,12,256,True,True
V0149,40c63fbf3b5311e1,WF,86fc01052c666646,RELAY,channel_all,15,CHANCE,,CHANCE_REL,DETERMINED,CHANCE_REL,PARTIAL,CHANCE_REL,,CHANCE_REL,0.4385,0.5928,CHANCE,12,256,True,True
V0473,4250135729b32f3d,WI,4781b0a172b6dc3c,MAJ,channel_all,1,CHANCE,,NO_EFFECT_REL,DETERMINED,NO_EFFECT_REL,PARTIAL,NO_EFFECT_REL,,NO_EFFECT_REL,0.7564,0.7475,CHANCE,11,256,True,True
V0474,4250135729b32f3d,WI,4781b0a172b6dc3c,MAJ,channel_content,1,CHANCE,,NO_EFFECT_REL,DETERMINED,NO_EFFECT_REL,PARTIAL,NO_EFFECT_REL,,NO_EFFECT_REL,0.7564,0.7475,CHANCE,11,256,True,True
V0607,438ffbeebc68e36e,WI,8c37f32e68843070,RELAY,channel_all,0,CHANCE,,CHANCE_REL,DETERMINED,CHANCE_REL,PARTIAL,CHANCE_REL,,CHANCE_REL,0.2549,0.8291,CHANCE,11,256,True,True
V0608,438ffbeebc68e36e,WI,8c37f32e68843070,RELAY,joint,0,CHANCE,,CHANCE_REL,DETERMINED,CHANCE_REL,PARTIAL,CHANCE_REL,,CHANCE_REL,0.2445,0.8291,CHANCE,11,256,True,True
V0609,438ffbeebc68e36e,WI,8c37f32e68843070,RELAY,channel_content,0,CHANCE,,CHANCE_REL,DETERMINED,CHANCE_REL,PARTIAL,CHANCE_REL,,CHANCE_REL,0.2557,0.8291,CHANCE,11,256,True,True
V0729,44d3e4e76a61e62c,SCT,c16d5231,RELAY,sitestate,4,CHANCE,,NO_EFFECT_REL,DETERMINED,NO_EFFECT_REL,PARTIAL,NO_EFFECT_REL,,NO_EFFECT_REL,0.6081,0.8415,CHANCE,12,256,True,True
V0368,45d520b4b2a315a0,WI,369f5a5b745eb592,RELAY,site_all,12,CHANCE,,CHANCE_REL,DETERMINED,CHANCE_REL,PARTIAL,CHANCE_REL,,CHANCE_REL,-0.3971,0.6686,CHANCE,11,256,True,True
V0369,45d520b4b2a315a0,WI,369f5a5b745eb592,RELAY,channel_all,12,CHANCE,,CHANCE_REL,DETERMINED,CHANCE_REL,PARTIAL,CHANCE_REL,,CHANCE_REL,0.3971,0.6686,CHANCE,11,256,True,True
V0370,45d520b4b2a315a0,WI,369f5a5b745eb592,RELAY,S,12,CHANCE,,CHANCE_REL,DETERMINED,CHANCE_REL,PARTIAL,CHANCE_REL,,CHANCE_REL,-0.3111,0.6686,CHANCE,11,256,True,True
V0371,45d520b4b2a315a0,WI,369f5a5b745eb592,RELAY,channel_content,12,CHANCE,,INDETERMINATE,DETERMINED,INDETERMINATE,PARTIAL,INDETERMINATE,,INDETERMINATE,0.5091,0.6686,CHANCE,11,256,True,True
V0050,46de5e14a1b06a48,WF,dcc7afb706a846d6,RELAY,site_all,-1,NO-EFFECT,,NO_EFFECT_REL,DETERMINED,NO_EFFECT_REL,PARTIAL,NO_EFFECT_REL,,NO_EFFECT_REL,0.7854,0.6378,NO-EFFECT,11,256,True,True
V0051,46de5e14a1b06a48,WF,dcc7afb706a846d6,RELAY,channel_all,-1,NO-EFFECT,,NO_EFFECT_REL,DETERMINED,NO_EFFECT_REL,PARTIAL,NO_EFFECT_REL,,NO_EFFECT_REL,0.7122,0.6378,NO-EFFECT,11,256,True,True
V0240,474ffc0d591ab3c7,WF,0b3c855a80022a98,RELAY,channel_all,9,CHANCE,,FLIP_REL,DETERMINED,FLIP_REL,PARTIAL,FLIP_REL,PARTIAL,FLIP_REL,-0.8513,0.5725,CHANCE,12,256,True,True
V0241,474ffc0d591ab3c7,WF,0b3c855a80022a98,RELAY,channel_count,9,CHANCE,,FLIP_REL,DETERMINED,FLIP_REL,PARTIAL,FLIP_REL,PARTIAL,FLIP_REL,-0.8513,0.5725,CHANCE,12,256,True,True
V0244,474ffc0d591ab3c7,WF,0b3c855a80022a98,RELAY,joint,9,CHANCE,,FLIP_REL,DETERMINED,FLIP_REL,COMPLETE,FLIP_REL,COMPLETE,FLIP_REL,-1.0,0.5725,CHANCE,12,256,True,True
V0123,48c5f7d48604ca8b,WF,8743da7f1f62947d,MAJ,site_all,15,CHANCE,,INDETERMINATE,DETERMINED,INDETERMINATE,PARTIAL,FLIP_REL,PARTIAL,FLIP_REL,-0.5502,0.6166,CHANCE,12,256,False,False
V0642,4a0fe69b2a439b11,WI,bf82cb29e967a489,RELAY,site_all,3,CHANCE,,CHANCE_REL,DETERMINED,CHANCE_REL,PARTIAL,CHANCE_REL,,CHANCE_REL,0.3475,0.6588,CHANCE,11,256,True,True
V0643,4a0fe69b2a439b11,WI,bf82cb29e967a489,RELAY,channel_all,3,CHANCE,,CHANCE_REL,DETERMINED,CHANCE_REL,PARTIAL,CHANCE_REL,,CHANCE_REL,-0.3475,0.6588,CHANCE,11,256,True,True
V0644,4a0fe69b2a439b11,WI,bf82cb29e967a489,RELAY,inbox,3,CHANCE,,CHANCE_REL,DETERMINED,CHANCE_REL,PARTIAL,CHANCE_REL,,CHANCE_REL,0.3475,0.6588,CHANCE,11,256,True,True
V0645,4a0fe69b2a439b11,WI,bf82cb29e967a489,RELAY,channel_content,3,CHANCE,,CHANCE_REL,DETERMINED,CHANCE_REL,PARTIAL,CHANCE_REL,,CHANCE_REL,-0.3475,0.6588,CHANCE,11,256,True,True
V0716,4a74c605d44e2eaa,WI,e9196cae3d7537f1,RELAY,channel_all,5,CHANCE,,INDETERMINATE,DETERMINED,INDETERMINATE,PARTIAL,INDETERMINATE,,INDETERMINATE,0.4801,0.7881,CHANCE,11,256,True,True
V0717,4a74c605d44e2eaa,WI,e9196cae3d7537f1,RELAY,S,5,CHANCE,,CHANCE_REL,DETERMINED,CHANCE_REL,PARTIAL,CHANCE_REL,,CHANCE_REL,0.1824,0.7881,CHANCE,11,256,True,True
V0718,4a74c605d44e2eaa,WI,e9196cae3d7537f1,RELAY,inbox,5,CHANCE,,CHANCE_REL,DETERMINED,CHANCE_REL,PARTIAL,CHANCE_REL,,CHANCE_REL,0.3375,0.7881,CHANCE,11,256,True,True
V0719,4a74c605d44e2eaa,WI,e9196cae3d7537f1,RELAY,channel_content,5,CHANCE,,INDETERMINATE,DETERMINED,INDETERMINATE,PARTIAL,INDETERMINATE,,INDETERMINATE,0.4801,0.7881,CHANCE,11,256,True,True
V0256,4ca52ce511be4d86,WF,78f3b0eccd44b1ed,RELAY,site_all,9,CHANCE,,INDETERMINATE,DETERMINED,INDETERMINATE,PARTIAL,INDETERMINATE,,INDETERMINATE,-0.5046,0.6712,CHANCE,12,256,True,True
V0257,4ca52ce511be4d86,WF,78f3b0eccd44b1ed,RELAY,channel_all,9,CHANCE,,INDETERMINATE,DETERMINED,INDETERMINATE,PARTIAL,INDETERMINATE,,INDETERMINATE,0.5046,0.6712,CHANCE,12,256,True,True
V0258,4ca52ce511be4d86,WF,78f3b0eccd44b1ed,RELAY,channel_count,9,CHANCE,,INDETERMINATE,DETERMINED,INDETERMINATE,PARTIAL,INDETERMINATE,,INDETERMINATE,0.5046,0.6712,CHANCE,12,256,True,True
V0007,4df374e6bf33aa37,WF,0187372b391d9d4e,HOLD,site_all,4,FLIP,,FLIP_REL,DETERMINED,FLIP_REL,COMPLETE|OVERSHOOT,FLIP_REL,COMPLETE,FLIP_REL,-0.9981,0.7188,FLIP,12,256,True,True
V0008,4df374e6bf33aa37,WF,0187372b391d9d4e,HOLD,joint,4,FLIP,,FLIP_REL,DETERMINED,FLIP_REL,COMPLETE,FLIP_REL,COMPLETE,FLIP_REL,-1.0038,0.7188,FLIP,12,256,True,True
V0262,4f4a50f887c570ab,WF,63abaede82660280,RELAY,joint,9,CHANCE,,FLIP_REL,DETERMINED,FLIP_REL,COMPLETE,FLIP_REL,COMPLETE,FLIP_REL,-1.0,0.5728,CHANCE,12,256,True,True
V0466,4fe45b11e06792a8,WI,4316f167de9424be,RELAY,S,7,CHANCE,,CHANCE_REL,DETERMINED,CHANCE_REL,PARTIAL,CHANCE_REL,,CHANCE_REL,-0.2815,0.7872,CHANCE,11,256,True,True
V0467,4fe45b11e06792a8,WI,4316f167de9424be,RELAY,inbox,7,CHANCE,,CHANCE_REL,DETERMINED,CHANCE_REL,PARTIAL,CHANCE_REL,,CHANCE_REL,0.2815,0.7872,CHANCE,11,256,True,True
V0320,5108739789dbcd45,WI,35c721fddb88f2d2,RELAY,channel_all,0,CHANCE,,CHANCE_REL,DETERMINED,CHANCE_REL,PARTIAL,CHANCE_REL,,CHANCE_REL,0.1016,0.7367,CHANCE,11,256,True,True
V0321,5108739789dbcd45,WI,35c721fddb88f2d2,RELAY,joint,0,CHANCE,,CHANCE_REL,DETERMINED,CHANCE_REL,PARTIAL,CHANCE_REL,,CHANCE_REL,0.091,0.7367,CHANCE,11,256,True,True
V0322,5108739789dbcd45,WI,35c721fddb88f2d2,RELAY,channel_content,0,CHANCE,,CHANCE_REL,DETERMINED,CHANCE_REL,PARTIAL,CHANCE_REL,,CHANCE_REL,0.1016,0.7367,CHANCE,11,256,True,True
V0271,53ff9899b0b14a48,WF,8c37f32e68843070,RELAY,site_all,5,FLIP,,CHANCE_REL,DETERMINED,CHANCE_REL,PARTIAL,CHANCE_REL,,CHANCE_REL,-0.3931,0.8232,FLIP,12,256,True,True
V0272,53ff9899b0b14a48,WF,8c37f32e68843070,RELAY,channel_all,5,CHANCE,,CHANCE_REL,DETERMINED,CHANCE_REL,PARTIAL,CHANCE_REL,,CHANCE_REL,0.3931,0.8232,CHANCE,12,256,True,True
V0273,53ff9899b0b14a48,WF,8c37f32e68843070,RELAY,channel_content,5,CHANCE,,CHANCE_REL,DETERMINED,CHANCE_REL,PARTIAL,CHANCE_REL,,CHANCE_REL,0.364,0.8232,CHANCE,12,256,True,True
V0274,53ff9899b0b14a48,WF,8c37f32e68843070,RELAY,pay1,5,CHANCE,,CHANCE_REL,DETERMINED,CHANCE_REL,PARTIAL,CHANCE_REL,,CHANCE_REL,0.364,0.8232,CHANCE,12,256,True,True
V0308,5440be0de9ecea2b,WI,31cd2a8a9b572a50,RELAY,site_all,2,CHANCE,,CHANCE_REL,DETERMINED,CHANCE_REL,PARTIAL,CHANCE_REL,,CHANCE_REL,-0.0032,0.8723,CHANCE,11,256,True,True
V0309,5440be0de9ecea2b,WI,31cd2a8a9b572a50,RELAY,channel_all,2,CHANCE,,CHANCE_REL,DETERMINED,CHANCE_REL,PARTIAL,CHANCE_REL,,CHANCE_REL,0.0032,0.8723,CHANCE,11,256,True,True
V0310,5440be0de9ecea2b,WI,31cd2a8a9b572a50,RELAY,S,2,CHANCE,,CHANCE_REL,DETERMINED,CHANCE_REL,PARTIAL,CHANCE_REL,,CHANCE_REL,-0.0032,0.8723,CHANCE,11,256,True,True
V0311,5440be0de9ecea2b,WI,31cd2a8a9b572a50,RELAY,channel_content,2,CHANCE,,CHANCE_REL,DETERMINED,CHANCE_REL,PARTIAL,CHANCE_REL,,CHANCE_REL,0.0032,0.8723,CHANCE,11,256,True,True
V0673,560671e8e48200d1,WI,cd5b6fd649eb242d,RELAY,site_all,4,CHANCE,,CHANCE_REL,DETERMINED,CHANCE_REL,PARTIAL,CHANCE_REL,,CHANCE_REL,0.3161,0.7236,CHANCE,11,256,True,True
V0674,560671e8e48200d1,WI,cd5b6fd649eb242d,RELAY,channel_all,4,CHANCE,,CHANCE_REL,DETERMINED,CHANCE_REL,PARTIAL,CHANCE_REL,,CHANCE_REL,-0.3161,0.7236,CHANCE,11,256,True,True
V0675,560671e8e48200d1,WI,cd5b6fd649eb242d,RELAY,inbox,4,CHANCE,,CHANCE_REL,DETERMINED,CHANCE_REL,PARTIAL,CHANCE_REL,,CHANCE_REL,0.3386,0.7236,CHANCE,11,256,True,True
V0676,560671e8e48200d1,WI,cd5b6fd649eb242d,RELAY,channel_content,4,CHANCE,,CHANCE_REL,DETERMINED,CHANCE_REL,PARTIAL,CHANCE_REL,,CHANCE_REL,-0.3161,0.7236,CHANCE,11,256,True,True
V0048,561ed71c41350fe1,WF,dcc7afb706a846d6,RELAY,site_all,15,CHANCE,,CHANCE_REL,DETERMINED,CHANCE_REL,PARTIAL,CHANCE_REL,,CHANCE_REL,-0.4489,0.6464,CHANCE,12,256,True,True
V0049,561ed71c41350fe1,WF,dcc7afb706a846d6,RELAY,channel_all,15,CHANCE,,CHANCE_REL,DETERMINED,CHANCE_REL,PARTIAL,CHANCE_REL,,CHANCE_REL,0.4489,0.6464,CHANCE,12,256,True,True
V0233,5670306cc95b29ee,WF,688b9f6f5ccfb225,HOLD,site_all,5,CHANCE,,FLIP_REL,DETERMINED,FLIP_REL,COMPLETE|PARTIAL,FLIP_REL,COMPLETE,FLIP_REL,-0.9718,0.5902,CHANCE,12,256,True,True
V0627,58edb8d8b220da34,WI,bbef66a1ee9558ac,RELAY,site_all,10,CHANCE,,CHANCE_REL,DETERMINED,CHANCE_REL,PARTIAL,CHANCE_REL,,CHANCE_REL,0.0059,0.8815,CHANCE,11,256,True,True
V0628,58edb8d8b220da34,WI,bbef66a1ee9558ac,RELAY,channel_all,10,CHANCE,,CHANCE_REL,DETERMINED,CHANCE_REL,PARTIAL,CHANCE_REL,,CHANCE_REL,-0.0059,0.8815,CHANCE,11,256,True,True
V0629,58edb8d8b220da34,WI,bbef66a1ee9558ac,RELAY,S,10,CHANCE,,CHANCE_REL,DETERMINED,CHANCE_REL,PARTIAL,CHANCE_REL,,CHANCE_REL,0.0059,0.8815,CHANCE,11,256,True,True
V0630,58edb8d8b220da34,WI,bbef66a1ee9558ac,RELAY,channel_content,10,CHANCE,,CHANCE_REL,DETERMINED,CHANCE_REL,PARTIAL,CHANCE_REL,,CHANCE_REL,-0.0059,0.8815,CHANCE,11,256,True,True
V0245,59b89e9dca38aa04,WF,7bd03b203ddda7b5,RELAY,site_all,3,CHANCE,,INDETERMINATE,DETERMINED,INDETERMINATE,PARTIAL,CHANCE_REL,,CHANCE_REL,0.346,0.6438,CHANCE,12,256,False,False
V0246,59b89e9dca38aa04,WF,7bd03b203ddda7b5,RELAY,channel_all,3,CHANCE,,INDETERMINATE,DETERMINED,INDETERMINATE,PARTIAL,CHANCE_REL,,CHANCE_REL,-0.346,0.6438,CHANCE,12,256,False,False
V0247,59b89e9dca38aa04,WF,7bd03b203ddda7b5,RELAY,channel_content,3,CHANCE,,INDETERMINATE,DETERMINED,INDETERMINATE,PARTIAL,CHANCE_REL,,CHANCE_REL,-0.346,0.6438,CHANCE,12,256,False,False
V0248,59b89e9dca38aa04,WF,7bd03b203ddda7b5,RELAY,pay0,3,CHANCE,,INDETERMINATE,DETERMINED,INDETERMINATE,PARTIAL,CHANCE_REL,,CHANCE_REL,-0.346,0.6438,CHANCE,12,256,False,False
V0249,59b89e9dca38aa04,WF,7bd03b203ddda7b5,RELAY,site_all,3,CHANCE,,INDETERMINATE,DETERMINED,INDETERMINATE,PARTIAL,CHANCE_REL,,CHANCE_REL,0.346,0.6438,CHANCE,12,256,False,False
V0250,59b89e9dca38aa04,WF,7bd03b203ddda7b5,RELAY,channel_all,3,CHANCE,,INDETERMINATE,DETERMINED,INDETERMINATE,PARTIAL,CHANCE_REL,,CHANCE_REL,-0.346,0.6438,CHANCE,12,256,False,False
V0075,5a52cea276d0c158,WF,88f94654d171e95e,MAJ,channel_all,3,FLIP,,FLIP_REL,DETERMINED,FLIP_REL,COMPLETE,FLIP_REL,COMPLETE,FLIP_REL,-1.0038,0.615,FLIP,12,256,True,True
V0076,5a52cea276d0c158,WF,88f94654d171e95e,MAJ,channel_content,3,FLIP,,FLIP_REL,DETERMINED,FLIP_REL,COMPLETE,FLIP_REL,COMPLETE,FLIP_REL,-1.0038,0.615,FLIP,12,256,True,True
V0077,5a52cea276d0c158,WF,88f94654d171e95e,MAJ,pay1,3,FLIP,,FLIP_REL,DETERMINED,FLIP_REL,COMPLETE,FLIP_REL,COMPLETE,FLIP_REL,-1.0038,0.615,FLIP,12,256,True,True
V0078,5a52cea276d0c158,WF,88f94654d171e95e,MAJ,channel_all,3,FLIP,,FLIP_REL,DETERMINED,FLIP_REL,COMPLETE,FLIP_REL,COMPLETE,FLIP_REL,-1.0038,0.615,FLIP,12,256,True,True
V0079,5a52cea276d0c158,WF,88f94654d171e95e,MAJ,joint,3,FLIP,,FLIP_REL,DETERMINED,FLIP_REL,COMPLETE,FLIP_REL,COMPLETE,FLIP_REL,-1.0,0.615,FLIP,12,256,True,True
V0303,5ddb997236178b62,WI,31cd2a8a9b572a50,RELAY,site_all,0,CHANCE,,CHANCE_REL,DETERMINED,CHANCE_REL,PARTIAL,CHANCE_REL,,CHANCE_REL,0.1009,0.8723,CHANCE,11,256,True,True
V0304,5ddb997236178b62,WI,31cd2a8a9b572a50,RELAY,joint,0,CHANCE,,CHANCE_REL,DETERMINED,CHANCE_REL,PARTIAL,CHANCE_REL,,CHANCE_REL,0.1009,0.8723,CHANCE,11,256,True,True
V0305,5ddb997236178b62,WI,31cd2a8a9b572a50,RELAY,S,0,CHANCE,,CHANCE_REL,DETERMINED,CHANCE_REL,PARTIAL,CHANCE_REL,,CHANCE_REL,0.1009,0.8723,CHANCE,11,256,True,True
V0727,5e7704cceb70e38d,WI,ed16c5532e2398cd,RELAY,S,7,CHANCE,,CHANCE_REL,DETERMINED,CHANCE_REL,PARTIAL,CHANCE_REL,,CHANCE_REL,-0.1869,0.7702,CHANCE,11,256,True,True
V0728,5e7704cceb70e38d,WI,ed16c5532e2398cd,RELAY,inbox,7,CHANCE,,CHANCE_REL,DETERMINED,CHANCE_REL,PARTIAL,CHANCE_REL,,CHANCE_REL,0.3139,0.7702,CHANCE,11,256,True,True
V0238,5f951c9a222bcf9d,WF,62c6fa31078b1a9c,HOLD,site_all,9,CHANCE,,FLIP_REL,DETERMINED,FLIP_REL,COMPLETE,FLIP_REL,COMPLETE,FLIP_REL,-1.0,0.6125,FLIP,12,256,True,True
V0036,601733dcd2dcfac4,WF,13b6ae2c0e08b007,RELAY,site_all,15,CHANCE,,CHANCE_REL,DETERMINED,CHANCE_REL,PARTIAL,CHANCE_REL,,CHANCE_REL,-0.3017,0.5708,CHANCE,12,256,True,True
V0037,601733dcd2dcfac4,WF,13b6ae2c0e08b007,RELAY,channel_all,15,CHANCE,,CHANCE_REL,DETERMINED,CHANCE_REL,PARTIAL,CHANCE_REL,,CHANCE_REL,0.3017,0.5708,CHANCE,12,256,True,True
