family	cell	held	combined_bound	marginal	plant_acc	max_acc_any_gen	readout_dead	full_replay
FLIP	05fea1b55336dedf	0.4883	1.0	0	0.5078125	0.625	0	0
FLIP	06e99bf21c0aca14	0.5013	1.0	0	0.48177083333333337	0.5938	0	0
FLIP	07bde99b2b98a3bc	0.4928	1.0	0	0.5260416666666666	0.5938	18	0
FLIP	0ad0988d7b7e0076	0.5039	0.974	0	0.5104166666666667	0.6042	21	0
FLIP	124923338e434d70	0.5059	0.6667	1	0.49479166666666663	0.6094	0	0
FLIP	158bdd9a126414e5	0.5007	0.9831	0	0.5	0.6302	0	1
FLIP	17b093a7886431d8	0.4993	1.0	0	0.484375	0.5677	2	1
FLIP	221042948e32063c	0.5098	1.0	0	0.484375	0.6172	0	0
FLIP	299a681d2e3cbee1	0.4922	0.9844	0	0.5078125	0.5703	0	0
FLIP	2aefc9fef958812a	0.4961	0.9707	0	0.484375	0.6328	0	0
FLIP	394743d78562ab5f	0.502	1.0	0	0.4765625	0.6094	0	1
FLIP	3f78ee89d5d6fb3c	0.5013	1.0	0	0.47265625000000006	0.5521	44	0
FLIP	50060cf95d2b41ae	0.4971	0.834	0	0.50390625	0.625	32	0
FLIP	56cdba0a6c46c1d3	0.5059	0.8711	0	0.46354166666666674	0.5312	23	0
FLIP	5fbaa2ecc6981966	0.5	1.0	0	0.515625	0.5234	28	0
FLIP	64d33b89811637f7	0.5127	0.9766	0	0.5	0.5938	0	0
FLIP	6e8fb3bb64c1f689	0.5166	0.8633	0	0.63671875	0.6406	0	0
FLIP	6f82f9c7d51bcef1	0.4792	1.0	0	0.5729166666666666	0.6406	0	0
FLIP	75e32ae0d386af47	0.5104	0.9766	0	0.5091145833333334	0.5521	0	0
FLIP	79bc73b022e5d826	0.5059	1.0	0	0.515625	0.5625	46	0
FLIP	7b6b7f6958c4405d	0.5215	1.0	0	0.5078125	0.6328	0	0
FLIP	7da1d985912ef131	0.4961	0.8105	0	0.53125	0.6562	30	1
FLIP	891dbf32ca704fed	0.4932	1.0	0	0.5390625	0.5625	19	0
FLIP	964053bb4c9065fd	0.4844	1.0	0	0.5104166666666667	0.7083	0	0
FLIP	996716ac46f73a43	0.5319	1.0	0	0.5625	0.6458	12	0
FLIP	9b47d5378f2c9244	0.4987	1.0	0	0.46354166666666663	0.5573	0	0
FLIP	9d67b56354697956	0.502	1.0	0	0.5260416666666666	0.6198	1	1
FLIP	a467c0f81468bc01	0.4902	0.8242	0	0.4375	0.6719	26	0
FLIP	ba09f3510be6c9f7	0.4909	1.0	0	0.4479166666666667	0.5833	0	1
FLIP	bda1a1bf2f3a927a	0.4798	0.9753	0	0.46354166666666674	0.5625	0	0
FLIP	bfa85a55ee67f7fb	0.5033	1.0	0	0.5208333333333333	0.5833	0	0
FLIP	c5bceddafac4dc7b	0.4941	0.9688	0	0.5364583333333333	0.5677	0	1
FLIP	c9998fe48f9341a8	0.4883	1.0	0	0.5026041666666667	0.6771	10	0
FLIP	cabf14291d28a3d7	0.5026	1.0	0	0.53125	0.625	0	0
FLIP	cc9858540c527326	0.5221	1.0	0	0.47135416666666663	0.5729	0	0
FLIP	cdc9405d347c3f22	0.5039	1.0	0	0.5234375	0.5312	40	0
FLIP	d09510b3e567a37d	0.5033	1.0	0	0.4895833333333333	0.5573	42	0
FLIP	d3f360068a9aec81	0.4928	1.0	0	0.5390625	0.5521	28	1
FLIP	d8bcfce07262128e	0.4993	1.0	0	0.5104166666666666	0.5417	39	1
FLIP	d957d95c3a86fe53	0.502	0.987	0	0.53125	0.6458	0	0
FLIP	d99833cbd7fad41d	0.5	0.8711	0	0.5416666666666667	0.5625	44	0
FLIP	e0c6650c66aaf2d1	0.501	0.957	0	0.5	0.5938	44	1
FLIP	eb076f0d822f52c1	0.5033	1.0	0	0.5026041666666667	0.625	1	0
FLIP	ebdbe504129fe914	0.4948	0.9857	0	0.5052083333333333	0.6198	42	0
FLIP	ec89b3d5b8bd2a31	0.4922	0.9629	0	0.48046875	0.6328	0	0
FLIP	f3e99f332406b1d3	0.498	1.0	0	0.4713541666666667	0.5781	0	0
FLIP	f476a3cac974379b	0.498	0.8691	0	0.4765625	0.5625	32	1
FLIP	f4e59e6154ea0c5a	0.4954	0.9753	0	0.39973958333333337	0.6042	28	0
FLIP	f53a428a92d430b5	0.4909	0.9648	0	0.4947916666666667	0.5573	0	1
FLIP	f6cfdf8240aa339a	0.5111	0.8763	0	0.515625	0.6302	0	0
FLIP	f867ff454ef28ca9	0.4753	0.8464	0	0.4921875	0.6042	28	1
FLIP	fc6972d4930ea3f4	0.5078	0.875	0	0.4453125	0.5938	0	0
HOLD	01411874984497ab	0.5234	0.9831	0	0.9895833333333333	0.6042	0	0
HOLD	0fa41a3ec06f89d2	0.5065	0.9805	0	0.9791666666666666	0.6875	0	0
HOLD	194b3be3fae8f796	0.5026	1.0	0	1.0	0.6042	0	0
HOLD	28d5cb331baeb3a6	0.4987	1.0	0	0.75	0.625	30	1
HOLD	388905bb7ed0d60a	0.5885	1.0	0	1.0	0.6875	0	0
HOLD	3c0ea627ab69756d	0.5013	0.9883	0	0.94140625	0.6042	0	0
HOLD	3eb81c1cf7f2f415	0.5462	1.0	0	0.75	0.6354	0	1
HOLD	413feb8118836020	0.5469	0.9622	0	0.9661458333333333	0.6042	0	0
HOLD	427faaa3db1035e2	0.5104	0.987	0	0.9895833333333334	0.6458	0	0
HOLD	4442b1d058a87494	0.4954	1.0	0	1.0	0.5938	0	0
HOLD	46fc241e08c968a0	0.5104	1.0	0	1.0	0.6979	0	0
HOLD	4a760c6e88f051d5	0.5026	1.0	0	1.0	0.6667	38	0
HOLD	4e35e77672f48dad	0.543	0.9701	0	0.9765625	0.6354	0	0
HOLD	5124b22c3f730b90	0.5462	0.8802	0	0.8723958333333334	0.7396	0	0
HOLD	52dafed3808be5e0	0.5423	1.0	0	1.0	0.6458	0	0
HOLD	5358736c4b506dba	0.515	0.9857	0	1.0	0.5938	0	0
HOLD	60eb1738143506cd	0.5	1.0	0	0.75	0.6667	0	0
HOLD	618d4e586b37ef26	0.4805	1.0	0	1.0	0.625	0	0
HOLD	6597c043ddd0c362	0.5397	1.0	0	1.0	0.625	0	0
HOLD	6bca6faa6bf10d31	0.5078	0.974	0	0.9739583333333333	0.6458	0	0
HOLD	6c48a6492da69dc1	0.5312	1.0	0	1.0	0.625	0	1
HOLD	6d2571cda44dd2b5	0.6536	1.0	0	1.0	0.8229	0	1
HOLD	6f36069476c2e4d4	0.5742	1.0	0	1.0	0.7083	20	0
HOLD	71e6b06eece536ff	0.4922	0.9831	0	0.984375	0.625	0	1
HOLD	7b939a4224fa1129	0.5475	1.0	0	1.0	0.6406	2	0
HOLD	85da1114ebc4e19b	0.4974	0.9753	0	0.9921875	0.6667	0	1
HOLD	90674379a02e129c	0.5469	1.0	0	1.0	0.6771	0	0
HOLD	920bbd5a9a1ba4ac	0.4902	1.0	0	1.0	0.6146	30	0
HOLD	95c36dd27a4ceae2	0.5033	0.9818	0	0.96875	0.625	21	1
HOLD	9e0a342f0883cda2	0.4922	0.9779	0	0.71484375	0.6458	0	0
HOLD	ac9281358f72282f	0.5794	0.9661	0	0.9401041666666666	0.7396	16	0
HOLD	ace4b5999e620830	0.487	0.9831	0	0.95703125	0.5729	32	0
HOLD	b0b440ebff793446	0.4883	1.0	0	1.0	0.5885	0	0
HOLD	b87aa64f1a820af5	0.5703	0.8815	0	0.8697916666666667	0.7188	0	1
HOLD	bc0ef6a1ee68fcce	0.4974	1.0	0	0.75	0.5833	0	0
HOLD	c0244972f9758022	0.5286	0.8841	0	0.8880208333333333	0.6615	0	1
HOLD	c09951f4bf41ff7d	0.5312	0.9805	0	0.9739583333333333	0.5677	0	1
HOLD	c2bbc9d84715a3ce	0.5124	0.9727	0	0.9895833333333334	0.5833	0	1
HOLD	c5e3a645e418ad3e	0.4954	0.9805	0	0.9765625	0.625	0	0
HOLD	c7c60c428afdfb03	0.526	0.9818	0	0.9635416666666667	0.6354	4	1
HOLD	ce12e730e642c65a	0.5775	1.0	0	1.0	0.7083	44	0
HOLD	cf137b446c25df9a	0.4863	1.0	0	1.0	0.5938	2	0
HOLD	d6bfd83ad1dfd8ad	0.5599	1.0	0	1.0	0.5938	18	0
HOLD	d8e7e83026b10ad0	0.5794	0.8672	0	0.8515625	0.8229	40	0
HOLD	e544cd3fc32b0576	0.526	1.0	0	0.953125	0.6354	0	1
HOLD	ebaea8aa631ab452	0.5443	1.0	0	1.0	0.6771	40	0
HOLD	f355264a0ac47301	0.5033	0.987	0	0.9921875	0.7083	0	0
HOLD	f4ed42fe34bf7938	0.5039	0.9805	0	0.96875	0.6354	0	0
HOLD	f60ed5d12e038ba4	0.5117	0.974	0	0.96875	0.6042	9	0
HOLD	f694455c7f47cd79	0.5677	0.9635	0	0.9713541666666666	0.7188	0	1
HOLD	f7613ec4bb78979f	0.5449	0.8802	0	0.8619791666666666	0.6042	0	0
HOLD	ffbdec4001539a0b	0.5065	0.8685	0	0.6861979166666666	0.6146	0	0
MAJ	02662a50ce1903de	0.5586	0.8369	0	0.5208333333333334	0.5833	0	1
MAJ	057941f350d54c75	0.5456	0.7351	1	0.5364583333333334	0.6042	3	0
MAJ	070257d7a8c0ca6f	0.5586	0.8105	0	0.49739583333333337	0.5833	0	0
MAJ	070bdcea3347c060	0.528	0.8105	0	0.5989583333333333	0.5938	0	0
MAJ	074166b9942c6c3f	0.5189	0.8369	0	0.46484375	0.6146	0	0
MAJ	083fde9f3fbbeddb	0.556	0.727	1	0.5052083333333333	0.625	0	1
MAJ	08d8f0c51f1cad2f	0.5267	0.7387	1	0.5703125	0.6094	0	0
MAJ	093eebedddab2de7	0.4935	0.8369	0	0.5169270833333333	0.5885	2	0
MAJ	0f1969774985a933	0.5436	0.7335	1	0.5755208333333333	0.6667	22	1
MAJ	11fb94dd01b3e78e	0.4954	0.8369	0	0.5364583333333333	0.6146	0	0
MAJ	13a086e911f052ce	0.5163	0.8105	0	0.53125	0.6198	0	0
MAJ	1448cd7d2eba30a8	0.5592	0.7404	1	0.5052083333333334	0.6302	0	0
MAJ	15e58864edb122bc	0.5326	0.7352	1	0.5130208333333334	0.6198	0	0
MAJ	199b4cc61fc9fb74	0.5586	0.7401	1	0.53125	0.6094	17	0
MAJ	1c12d5607f4fcea9	0.5488	0.7311	1	0.5911458333333333	0.6146	5	0
MAJ	1d5988cd8b128e66	0.4733	0.8281	0	0.46354166666666663	0.6406	0	0
MAJ	23585a9c08c34b62	0.4961	0.8369	0	0.5729166666666667	0.6146	0	0
MAJ	266dd0605e3e8ba8	0.5658	0.8105	0	0.5104166666666667	0.6146	0	0
MAJ	266f35840cc7a562	0.5156	0.6685	1	0.52734375	0.5573	32	0
MAJ	2bf1839353c5d544	0.4941	0.8369	0	0.50390625	0.5625	0	0
MAJ	2e80387accc94cfe	0.5332	0.8096	0	0.5208333333333334	0.5781	0	0
MAJ	2eefc45b9adddead	0.5013	0.7889	0	0.5104166666666666	0.5312	46	1
MAJ	308d6488ba1291f8	0.5501	0.7342	1	0.5364583333333334	0.625	0	1
MAJ	32c3fba3d353a8d8	0.543	0.6292	1	0.484375	0.651	0	1
MAJ	377640d2c2930c3c	0.5	0.8369	0	0.5169270833333334	0.6094	26	0
MAJ	3a2f01523a2b139c	0.5098	0.8369	0	0.5065104166666667	0.5469	44	0
MAJ	3d20243abaf721e8	0.5612	0.8105	0	0.50390625	0.6094	0	0
MAJ	3dfdd7145e6e9a91	0.5007	0.8369	0	0.5169270833333334	0.5521	0	1
MAJ	3f548f988775fcf1	0.5059	0.6186	1	0.46484375	0.5573	32	0
MAJ	3fd0dbcd746033bd	0.4961	0.7897	0	0.5104166666666666	0.5573	42	0
MAJ	423d8365d36830ae	0.5033	0.742	1	0.5260416666666667	0.5781	29	1
MAJ	437ca0ac6ccc5b93	0.5677	0.8369	0	0.5182291666666667	0.5833	2	0
MAJ	4512732fbf2429ff	0.4818	0.7411	1	0.4921875	0.6458	0	1
MAJ	45d695e0b31d5ce4	0.528	0.6	1	0.51953125	0.5469	0	0
MAJ	488b426bb05c2256	0.5736	0.8105	0	0.5208333333333333	0.6094	0	1
MAJ	48dbe2a190030f09	0.5645	0.7366	1	0.5677083333333334	0.6094	0	1
MAJ	493a85d25c9c9a29	0.4805	0.8369	0	0.56640625	0.5938	11	0
MAJ	514b30bd91e647a4	0.5169	0.8275	0	0.5052083333333334	0.625	2	0
MAJ	52215437c9e21dd3	0.5202	0.6328	1	0.515625	0.5781	35	0
MAJ	528879c08ea8713a	0.5703	0.8105	0	0.51171875	0.6146	0	0
MAJ	575be1c957dbad22	0.4948	0.8247	0	0.48958333333333326	0.5417	14	0
MAJ	57c0009092c80ab0	0.5658	0.7312	1	0.546875	0.6198	0	0
MAJ	59834a01e8830265	0.5098	0.8273	0	0.4739583333333333	0.5521	2	1
MAJ	5ace0dc811ebca0f	0.5716	0.8105	0	0.48307291666666663	0.625	0	0
MAJ	5c35b832e12863e4	0.5072	0.8369	0	0.5234375	0.6146	18	0
MAJ	612db08fdf75173f	0.4831	0.8369	0	0.5104166666666667	0.5938	0	0
MAJ	61fcdc37fa1f5e7c	0.5104	0.8277	0	0.5338541666666667	0.5729	0	0
MAJ	66d9101b9e965d66	0.5117	0.8274	0	0.5364583333333333	0.6198	0	0
MAJ	68962f19cd2f0512	0.5	0.8369	0	0.484375	0.5365	38	1
MAJ	6b602a1943146426	0.5156	0.7393	1	0.49739583333333326	0.5885	21	0
MAJ	6c5608770a7b1fcc	0.5	0.8274	0	0.4765625	0.5417	0	1
MAJ	6dd65b5afd66f16b	0.4974	0.8369	0	0.5026041666666666	0.5625	28	0
MAJ	6e0ca7255b6b3473	0.4967	0.8105	0	0.5078125	0.599	12	0
MAJ	772ae210dada0de3	0.5195	0.8369	0	0.4505208333333333	0.6458	0	0
MAJ	7e2affed17ce5db1	0.5039	0.7288	1	0.5364583333333333	0.5833	19	1
MAJ	8051dc5ec4d7d143	0.5495	0.8369	0	0.484375	0.6406	0	0
MAJ	839b39c79ec65b56	0.5508	0.7518	0	0.5546875	0.6094	0	0
MAJ	87216808c80c8921	0.5456	0.8369	0	0.4921875	0.5521	2	0
MAJ	8a6454f096d7166a	0.5488	0.8229	0	0.49999999999999994	0.5781	0	1
MAJ	8b1626389a342a51	0.5143	0.8369	0	0.5234375	0.5469	7	0
MAJ	8c5eba065b9853bc	0.5443	0.738	1	0.5416666666666667	0.6979	16	0
MAJ	8ee21e1c33f0efa7	0.5039	0.8369	0	0.5260416666666666	0.5365	0	0
MAJ	937703a8f4261b50	0.5312	0.6	1	0.5078125	0.5677	3	1
MAJ	99cef8e68ad5bedb	0.5	0.8105	0	0.5494791666666667	0.5104	24	1
MAJ	a4a70e0298366704	0.5241	0.8369	0	0.5182291666666667	0.6094	0	1
MAJ	a56b60ba6e51fb10	0.4935	0.7377	1	0.46354166666666663	0.6094	8	1
MAJ	a5c7b8e00575a72f	0.5273	0.7595	0	0.49218749999999994	0.6354	24	0
MAJ	a8b007fe525fbbf9	0.5007	0.8369	0	0.4635416666666667	0.5469	18	0
MAJ	aad7e1b3cf8e87c0	0.5052	0.7843	0	0.515625	0.5417	27	0
MAJ	ab0a4290d68114ca	0.5	0.6708	1	0.5533854166666666	0.5625	42	0
MAJ	acf58f3434a3cc93	0.5358	0.7787	0	0.5260416666666667	0.5417	0	1
MAJ	bb1ab84c2e00274e	0.5566	0.7292	1	0.5520833333333333	0.625	0	1
MAJ	bf1f3a100b294455	0.4863	0.6152	1	0.5286458333333333	0.599	0	0
MAJ	c95282846851ccdb	0.4987	0.7015	1	0.46484375	0.5104	43	0
MAJ	cae5c670a97673c3	0.5378	0.7324	1	0.5260416666666667	0.6146	0	0
MAJ	cd9620ef015c1e80	0.498	0.8369	0	0.53125	0.5938	0	0
MAJ	d606cb4e7daccfaf	0.4883	0.7247	1	0.49739583333333337	0.6146	0	0
MAJ	db507824a3d58b78	0.4935	0.8369	0	0.546875	0.5781	41	0
MAJ	de8665867394ffc5	0.4941	0.744	1	0.5130208333333334	0.6094	0	0
MAJ	e0202dc0e24c4598	0.5671	0.8369	0	0.5078125	0.625	0	0
MAJ	e163e9ea07ec0b1f	0.5007	0.8369	0	0.515625	0.5833	34	0
MAJ	e5dfac9b5c346531	0.4961	0.8266	0	0.515625	0.6042	9	1
MAJ	f0645585b0567ccc	0.4954	0.8369	0	0.5533854166666667	0.5156	1	1
MAJ	f22be86f17b87d0e	0.5697	0.6234	1	0.47916666666666663	0.625	2	0
MAJ	f29ca123a2beb542	0.513	0.7787	0	0.50390625	0.5365	1	0
MAJ	f74f80d1f3fbad3f	0.5501	0.8105	0	0.48958333333333337	0.6094	0	0
MAJ	fc9a57cafac8c77c	0.5514	0.642	1	0.5286458333333334	0.599	3	0
RELAY	004b051f615478a4	0.5117	1.0	0	0.5729166666666667	0.6823	0	1
RELAY	056d8e0d3a27b0f9	0.502	0.9805	0	0.7005208333333333	0.5885	18	0
RELAY	07528af06af647e4	0.5345	0.9779	0	0.6588541666666666	0.6562	0	0
RELAY	0e7bb02afcc58bff	0.5059	0.8659	0	0.5026041666666666	0.5833	29	0
RELAY	12f7f754e3afb04a	0.5404	0.9805	0	0.7421875	0.6146	1	0
RELAY	14176fce145a1c30	0.4883	0.9753	0	0.6380208333333334	0.5417	0	1
RELAY	14f5aac891963eba	0.5469	1.0	0	0.7552083333333333	0.5938	0	0
RELAY	15148d69a974b407	0.5475	1.0	0	0.9895833333333333	0.5938	3	1
RELAY	1d64df5ab275e039	0.5371	1.0	0	0.9088541666666666	0.5938	15	0
RELAY	217fc391f1da683e	0.5299	0.9818	0	0.4869791666666667	0.6146	0	0
RELAY	253c106e5f21cbba	0.4961	1.0	0	0.6223958333333334	0.5625	30	0
RELAY	25a07dbfd388951e	0.5189	0.9844	0	0.6588541666666666	0.5729	4	0
RELAY	2af2583be34ae2d5	0.5085	0.75	0	0.52734375	0.5781	46	0
RELAY	2c6a95479502d69b	0.5072	0.9857	0	0.5065104166666666	0.5469	25	0
RELAY	3222a6ff42287488	0.5443	0.8737	0	0.5520833333333334	0.599	7	0
RELAY	3916a19df8b41c2b	0.515	1.0	0	0.6302083333333334	0.5781	1	1
RELAY	3a9073efb66f759e	0.502	0.9831	0	0.6484375	0.5521	10	1
RELAY	3d7b5ccf1238e9cd	0.5091	0.9779	0	0.640625	0.5365	2	0
RELAY	3d8d3070a1a9870f	0.5469	0.9857	0	0.6875	0.6042	2	0
RELAY	3e627a008485184f	0.5423	0.9805	0	0.6380208333333334	0.5781	0	0
RELAY	405e5c5621e75010	0.5059	1.0	0	0.9895833333333333	0.6771	0	0
RELAY	415b054a7a93f157	0.5104	1.0	0	0.4869791666666667	0.5677	29	0
RELAY	42a75ad4057f2542	0.541	1.0	0	0.9635416666666666	0.6406	0	0
RELAY	446db43c86b70408	0.4915	0.6276	1	0.5325520833333333	0.5677	27	0
RELAY	46da8a020f53ffb4	0.5059	0.75	0	0.5091145833333333	0.5833	23	0
RELAY	4c367b91d6ffd74a	0.4837	1.0	0	0.5104166666666666	0.5885	1	0
RELAY	51942344d4e423f3	0.4935	0.8138	0	0.515625	0.5312	40	0
RELAY	52a9a36a446e8f13	0.4818	0.987	0	0.6041666666666666	0.6458	12	0
RELAY	59f1df7622330db7	0.5345	0.9831	0	0.7005208333333333	0.5885	0	1
RELAY	5b394e515e7af9dc	0.4987	0.9792	0	0.4869791666666667	0.5729	0	0
RELAY	5b7e399542f15c87	0.528	0.9831	0	0.6197916666666666	0.5938	0	1
RELAY	5c21db9edbe9901a	0.5254	0.9922	0	0.625	0.6458	9	1
RELAY	5ccd25c1161b581d	0.502	1.0	0	0.49869791666666663	0.5312	34	0
RELAY	5de88012804af551	0.5117	0.974	0	0.5651041666666666	0.5469	0	1
RELAY	5dfc4ca0e25feda6	0.5371	0.9857	0	0.6796875	0.6042	4	1
RELAY	61e15583141a5143	0.5482	1.0	0	0.9010416666666666	0.6146	0	1
RELAY	666bdeaec27cb092	0.5267	1.0	0	0.6614583333333333	0.5677	6	0
RELAY	66b7727e3f8d732f	0.5111	0.9831	0	0.5026041666666666	0.5833	0	1
RELAY	66c1d67a17ee5cda	0.5703	1.0	0	0.9479166666666667	0.6771	0	0
RELAY	679284c6eee670f0	0.5	0.8685	0	0.578125	0.5469	21	0
RELAY	6b91d25afff6d17e	0.4974	0.9896	0	0.6119791666666666	0.5208	0	0
RELAY	6e22f6730608db07	0.5085	0.8659	0	0.546875	0.5885	2	0
RELAY	6ecee4860f230043	0.4922	0.8724	0	0.5234375	0.5417	25	0
RELAY	6f9fb4125e5b4dab	0.5404	0.9844	0	0.6432291666666666	0.599	1	0
RELAY	70d9709ee525bc36	0.5488	0.9844	0	0.9036458333333333	0.6042	0	0
RELAY	726a2b4f9375a7a1	0.5534	0.9818	0	0.765625	0.6875	0	1
RELAY	7b6c7047d8b8d252	0.5508	0.75	0	0.5338541666666666	0.5833	0	0
RELAY	7b9698f163036a83	0.5898	1.0	0	0.9557291666666667	0.7188	0	0
RELAY	7bf8c5e4a3260bd2	0.5508	0.9792	0	0.5963541666666666	0.599	2	0
RELAY	7e370212c4e86e07	0.4915	1.0	0	0.515625	0.5885	0	0
RELAY	7f149dc0df537205	0.5065	0.9818	0	0.5572916666666667	0.5938	0	0
RELAY	828fde314ac2bf96	0.5221	0.8464	0	0.53125	0.5677	0	0
RELAY	88a05b4b52f7955c	0.5065	1.0	0	0.49088541666666663	0.5781	1	0
RELAY	89a1f99066fa916e	0.5	0.9857	0	0.5130208333333333	0.5417	0	0
RELAY	89bd6fdb1b66ce96	0.5007	1.0	0	0.49609374999999994	0.6146	0	0
RELAY	8cb1e962f96dad0d	0.5358	0.9818	0	0.640625	0.5833	0	0
RELAY	94ced72f76bb52c9	0.5	1.0	0	0.5026041666666667	0.5208	26	0
RELAY	9a5c2c46c1f43728	0.5378	1.0	0	0.9947916666666666	0.6198	0	0
RELAY	9a63f82aefc971ad	0.5033	0.8737	0	0.5026041666666667	0.5208	36	0
RELAY	9b34c3c5bde89002	0.5677	1.0	0	0.55078125	0.7083	0	0
RELAY	9d4027897dced73b	0.5312	1.0	0	0.515625	0.5833	0	1
RELAY	a168243cdfce54d2	0.4974	1.0	0	0.5208333333333333	0.5729	31	0
RELAY	b0da5696e43ed032	0.4954	0.9792	0	0.5052083333333333	0.5729	1	0
RELAY	b52c4c30e2427ecf	0.5807	1.0	0	0.9635416666666666	0.6979	0	0
RELAY	b6a1e13a5f39d087	0.5664	0.9857	0	0.7578125	0.6406	1	0
RELAY	b79587f9b01d909e	0.5404	1.0	0	0.6901041666666667	0.6042	7	1
RELAY	b8bc699c94d5ead7	0.5501	1.0	0	0.7434895833333333	0.5729	2	0
RELAY	b8f9309a74dc117a	0.5319	0.987	0	0.609375	0.5729	1	1
RELAY	bbf2ebab0e14411a	0.4811	0.8633	0	0.828125	0.5625	0	1
RELAY	bf10f055f0127d21	0.5072	0.9831	0	0.6484375	0.5312	0	1
RELAY	bf34b65cb6954227	0.5762	1.0	0	0.9479166666666666	0.6458	2	1
RELAY	c3d2d69751b1d41c	0.5723	1.0	0	0.9479166666666667	0.6354	0	0
RELAY	c570eb98ddb3af05	0.4694	1.0	0	1.0	0.7083	16	0
RELAY	c65e4c9ccdb5a26b	0.5143	0.9779	0	0.6041666666666666	0.5521	0	0
RELAY	c93d420fa50025a5	0.4987	0.9857	0	0.5234375	0.5781	0	0
RELAY	cb4204e706f120ba	0.5104	0.7695	0	0.484375	0.5781	0	0
RELAY	cb70c3968e965926	0.5299	1.0	0	0.609375	0.5938	0	1
RELAY	d4bd91153a91c768	0.5397	0.9831	0	0.6901041666666666	0.5938	2	0
RELAY	d660b97aa8847497	0.526	0.9844	0	0.6666666666666666	0.5833	0	1
RELAY	d90dc92f9d98c133	0.5482	1.0	0	0.984375	0.6667	0	0
RELAY	dee9d363bf739ff5	0.4928	0.9766	0	0.6666666666666667	0.5573	7	1
RELAY	e4600b4ede467c10	0.4922	0.9805	0	0.5143229166666667	0.625	0	0
RELAY	e63b968f414fbf01	0.4805	1.0	0	0.859375	0.6354	0	1
RELAY	e846beb493023667	0.502	0.9818	0	0.5859375	0.5208	14	0
RELAY	ebb078eb3e54ba3b	0.502	1.0	0	0.5286458333333333	0.6042	0	0
RELAY	ee4a2674f0f89106	0.515	0.9805	0	0.6692708333333334	0.625	0	0
RELAY	f4f208bb80152eb0	0.5072	1.0	0	0.5026041666666667	0.5469	6	1
RELAY	f81c6edd846850d4	0.5124	0.8724	0	0.8697916666666666	0.6042	0	1
RELAY	f822f93985e2b5d6	0.5397	0.9766	0	0.6458333333333334	0.5885	1	0
RELAY	fa692af8df509228	0.5072	0.9831	0	0.671875	0.5573	0	1
RELAY	fc08ea851044d202	0.5391	1.0	0	0.828125	0.526	0	0
RELAY	fda98c54178232d5	0.5247	1.0	0	0.5611979166666667	0.6302	29	0
RELAY	ff3cbd2c5235a058	0.5007	1.0	0	0.546875	0.5312	31	0
XOR	0e99a4bb1e4f2024	0.5007	0.9557	0	0.48697916666666663	0.5208	5	0
XOR	11252d52dc5ec285	0.5033	1.0	0	0.5091145833333333	0.5521	16	0
XOR	141c4310f9078c7c	0.4941	0.6484	1	0.5026041666666666	0.5781	0	1
XOR	17dd70fa5b2d5676	0.5098	0.7578	0	0.5221354166666667	0.5729	0	0
XOR	1916d8e9d75793a7	0.498	1.0	0	0.49479166666666663	0.526	9	0
XOR	1974a9cf7f8ecb44	0.4857	0.9453	0	0.5078125	0.5781	0	0
XOR	247e0d4372d09257	0.5013	0.7096	1	0.49479166666666663	0.5833	42	1
XOR	2b867f4fdd99e5a6	0.4928	1.0	0	0.5	0.5417	0	1
XOR	333d6b2b2ac20503	0.5208	0.9648	0	0.49739583333333337	0.5938	0	0
XOR	4222a5f77275842c	0.5026	1.0	0	0.53125	0.5677	0	0
XOR	4ca24b85ab9ed49d	0.5098	0.75	0	0.4973958333333333	0.6198	37	0
XOR	4e7f932f0d32163c	0.5039	0.6211	1	0.484375	0.5417	44	0
XOR	51fa3ee0791223fb	0.502	0.625	1	0.484375	0.5573	0	0
XOR	667bb9bd63ff3489	0.4961	0.7409	1	0.5	0.5208	28	0
XOR	74f96e8958d11b04	0.4993	0.6719	1	0.49609375	0.5573	32	1
XOR	7a16eddd4f87f6b5	0.5046	0.9596	0	0.5052083333333333	0.5625	34	0
XOR	a0edfda5e3bcfb81	0.5124	1.0	0	0.49739583333333326	0.5833	0	0
XOR	ab3e72d3e277bc77	0.4961	1.0	0	0.5013020833333333	0.5417	20	0
XOR	abb5fb8178ef6ce3	0.4837	0.7031	1	0.4986979166666667	0.5781	2	0
XOR	aee70c906ff1f844	0.4818	1.0	0	0.48828125	0.6042	0	0
XOR	cc5f54069b85edc5	0.5046	0.9648	0	0.5169270833333333	0.5208	27	0
XOR	cd613e2b067c5a06	0.4941	0.9583	0	0.48177083333333337	0.5938	0	0
XOR	d2b8816cb6e81a73	0.4974	0.7552	0	0.5052083333333334	0.5885	0	0
XOR	d64656f26736d37c	0.487	0.6172	1	0.484375	0.5885	4	1
XOR	e2fd1e07df85bde2	0.5078	0.7799	0	0.5208333333333333	0.5677	21	0
XOR	e3fb8737eac52c63	0.5	1.0	0	0.4635416666666667	0.5312	34	0
XOR	e7d6ccb0f59e6f7d	0.487	0.8594	0	0.55859375	0.5833	0	1
XOR	efc6f7c37ec6c6f4	0.5033	0.9531	0	0.5208333333333333	0.5729	0	0
XOR	f8f95cc439f5f019	0.5241	0.9245	0	0.48177083333333337	0.5625	0	1
XOR	fafa4580821db3a0	0.4948	0.6562	1	0.5442708333333334	0.6042	0	1
