cell,w2w_class,admissible,w2w_best_bound,EC_bound,EC_upper,P_informed,refresh_actual16,ALL_off,rm_update,rm_loss,rm_cap,rm_jitter,rm_noise,rm_economy,rm_dest,rm_dup,binding,class
dca299c515ff80d1,FLAT,False,0.8646,0.711,0.714,0.422,0.474,1.0,0.589,0.896,,,,0.474,,,single:loss,UNDECIDED
e2b9ebb9eba11dfd,FLAT,False,0.8099,0.53,0.531,0.059,0.552,1.0,0.547,0.562,0.552,0.453,0.557,0.552,0.599,,conjunctive(ALL=1.00),P_PROVEN(EC)
016d00fdb747b064,INERT,False,0.9714,0.969,0.971,0.939,0.521,1.0,0.552,0.562,,0.521,0.521,0.583,,,conjunctive(ALL=1.00),UNDECIDED
1a9f8db57b100a85,INERT,False,0.6862,0.501,0.502,0.003,0.51,1.0,0.516,0.484,,0.49,,,,0.51,conjunctive(ALL=1.00),P_PROVEN(EC)
2c6d07c4900dec33,INERT,False,0.7773,0.767,0.77,0.534,0.536,0.885,0.562,,0.536,,,0.557,,,conjunctive(ALL=0.89),UNDECIDED
2f22e505584c2d5a,INERT,False,1.0000,0.593,0.595,0.185,0.552,0.958,,0.651,0.562,0.542,,0.552,0.599,0.552,single:loss,P_PROVEN(EC)
4b2662aa9d6d1751,INERT,False,0.9800,0.886,0.889,0.773,0.51,1.0,0.5,0.531,0.51,0.51,0.51,0.495,0.5,0.51,conjunctive(ALL=1.00),UNDECIDED
5346c141a6e8b6cb,INERT,False,0.9800,0.543,0.544,0.085,0.505,1.0,0.484,0.49,,0.531,0.505,0.505,0.812,0.505,single:dest,P_PROVEN(EC)
76d4aa3d598321b0,INERT,False,1.0000,0.517,0.518,0.034,0.51,1.0,0.516,0.505,0.51,0.5,0.51,0.51,0.688,,single:dest,P_PROVEN(EC)
7742c97ac4d7bb5d,INERT,False,1.0000,0.994,0.994,0.987,0.5,1.0,,0.562,,0.562,,0.661,,,single:economy,UNDECIDED
79e645409b673965,INERT,False,0.9787,0.878,0.881,0.757,0.607,0.646,0.536,0.62,,,0.63,,0.62,0.583,"single:noise,dest,loss",UNDECIDED
89d31852e141bd7a,INERT,False,0.8748,0.751,0.753,0.501,0.562,0.781,0.591,0.661,,0.578,0.573,,0.568,,single:loss,UNDECIDED
93000073a40f6369,INERT,False,0.9800,0.59,0.592,0.18,0.479,1.0,0.5,0.464,0.479,0.5,,0.479,0.781,0.479,single:dest,P_PROVEN(EC)
9f6ff12323d971fe,INERT,False,1.0000,0.798,0.801,0.597,0.5,1.0,,0.49,,0.5,0.5,0.536,,0.5,conjunctive(ALL=1.00),UNDECIDED
e553999d10c319e8,INERT,False,0.9797,0.706,0.709,0.412,0.5,0.792,0.5,0.5,,,,0.5,0.5,,conjunctive(ALL=0.79),UNDECIDED
0e7bb02afcc58bff,UNDECIDED,True,0.8659,0.534,0.536,0.069,0.536,1.0,0.453,0.555,,0.5,0.562,0.536,0.812,0.5,single:dest,P_PROVEN(EC)
2af2583be34ae2d5,UNDECIDED,True,0.7500,0.595,0.597,0.19,0.557,0.74,0.557,0.531,,0.578,0.562,0.484,0.536,0.562,conjunctive(ALL=0.74),P_PROVEN(EC)
2c6a95479502d69b,UNDECIDED,True,0.9800,0.54,0.542,0.08,0.5,1.0,0.5,0.5,,0.5,0.5,0.521,0.5,,conjunctive(ALL=1.00),P_PROVEN(EC)
415b054a7a93f157,UNDECIDED,True,1.0000,1.0,1.0,1.0,0.417,0.875,0.5,,,,0.417,0.792,,,single:economy,UNDECIDED
446db43c86b70408,UNDECIDED,True,0.6250,0.506,0.506,0.011,0.536,0.734,0.5,0.531,,0.51,0.547,,0.568,0.526,conjunctive(ALL=0.73),P_PROVEN(EC)
46da8a020f53ffb4,UNDECIDED,True,0.7500,0.52,0.521,0.041,0.536,0.667,0.5,,,0.578,0.536,0.521,0.552,,conjunctive(ALL=0.67),P_PROVEN(EC)
4c367b91d6ffd74a,UNDECIDED,True,1.0000,0.517,0.518,0.034,0.49,1.0,0.505,0.49,,0.505,0.49,0.49,0.635,,single:dest,P_PROVEN(EC)
51942344d4e423f3,UNDECIDED,True,0.8125,0.515,0.516,0.031,0.479,1.0,0.536,,0.453,0.526,0.432,0.479,0.63,,single:dest,P_PROVEN(EC)
5ccd25c1161b581d,UNDECIDED,True,1.0000,0.51,0.511,0.02,0.521,1.0,,0.542,,0.521,0.521,,0.802,,single:dest,P_PROVEN(EC)
7b6c7047d8b8d252,UNDECIDED,True,0.7500,0.676,0.678,0.352,0.521,0.635,0.578,0.5,0.51,,0.557,0.521,0.568,0.505,conjunctive(ALL=0.64),UNDECIDED
7e370212c4e86e07,UNDECIDED,True,1.0000,0.613,0.615,0.226,0.51,0.688,,0.536,,0.641,,0.51,,,single:jitter,UNDECIDED
7f149dc0df537205,UNDECIDED,True,0.9800,0.97,0.971,0.94,0.547,1.0,0.625,0.979,0.609,0.938,0.641,0.547,,0.635,"single:loss,jitter,noise,dup,update,cap",UNDECIDED
828fde314ac2bf96,UNDECIDED,True,0.8464,0.77,0.773,0.541,0.536,0.719,0.62,0.604,0.536,0.656,0.505,0.536,,,"single:jitter,update,loss",UNDECIDED
88a05b4b52f7955c,UNDECIDED,True,1.0000,0.517,0.518,0.033,0.5,1.0,0.495,0.51,0.5,0.5,0.5,0.5,0.661,,single:dest,P_PROVEN(EC)
89bd6fdb1b66ce96,UNDECIDED,True,1.0000,1.0,1.0,1.0,0.542,1.0,,0.51,,,,0.922,0.531,,single:economy,UNDECIDED
a168243cdfce54d2,UNDECIDED,True,1.0000,0.863,0.865,0.725,0.5,0.854,,0.5,0.5,0.5,,0.693,,0.5,single:economy,UNDECIDED
e4600b4ede467c10,UNDECIDED,True,0.9800,0.727,0.73,0.455,0.521,1.0,0.49,,0.495,0.557,0.521,,0.615,,single:dest,UNDECIDED
ebb078eb3e54ba3b,UNDECIDED,True,1.0000,0.785,0.788,0.57,0.63,1.0,,0.901,,,0.656,,0.555,0.594,"single:loss,noise",UNDECIDED
f4f208bb80152eb0,UNDECIDED,True,1.0000,0.517,0.518,0.035,0.5,1.0,0.526,0.474,,0.51,0.5,0.5,0.771,,single:dest,P_PROVEN(EC)
fda98c54178232d5,UNDECIDED,True,1.0000,1.0,1.0,1.0,0.599,0.542,,,,,,0.495,0.615,,single:dest,UNDECIDED
