o,interval,phase,reader,site_acc,chan_acc,sum,joint_acc,phi,site_ident,chan_ident,sub_flip,sub_chance,phys,S,S_act,nS,S_dsrc,S_dact,inbox,Kp,r,w,fl_cnt,fl_pay,n_fl,fl_dact,fire,n_fire,fire_dsrc,fire_at_src,emit_pay,emit_chan
-1,False,pre,E,0.77,0.773,1.543,0.773,0.44,False,False,,,-,0.0,0.0,0.0,,,0.0,0.0,0.0,0.0,0.0,0.0,0.0,,0.0,0.0,,0.0,0.0,0.0
0,False,cue,X,0.538,0.726,1.264,0.491,0.31,False,False,,S+channel_content,-,0.0,0.0,0.0,,,0.0,0.0,0.0,0.0,0.0,0.0,0.0,,0.0,0.0,,0.0,0.0,0.0
1,True,int,S,0.312,0.703,1.016,0.227,0.07,False,False,S,channel_content,skNVFP,1.0,0.0,5.0,3.0,2.2,0.0,0.98,0.0,0.0,0.96,0.85,11.66,3.11,0.96,2.89,3.05,0.6,0.85,0.0
2,True,int,S,0.305,0.665,0.97,0.227,0.11,False,False,S,channel_content,skNV,1.0,0.0,5.0,3.0,2.2,0.0,0.98,0.0,0.0,0.96,0.85,11.66,3.11,0.0,0.0,,0.0,0.0,0.0
3,True,int,S,0.3,0.703,1.003,0.227,0.05,False,False,S,channel_content,skNVF,1.0,0.39,6.44,3.1,2.17,0.0,1.0,0.0,0.0,1.0,0.91,12.55,3.2,1.0,5.0,3.0,1.0,0.0,0.0
4,True,int,S,0.339,0.648,0.987,0.227,0.21,False,False,,S+channel_content,sikNV,1.0,0.39,6.44,3.1,2.17,1.0,1.0,0.0,0.0,1.0,0.84,12.3,3.21,0.0,0.0,,0.0,0.0,0.0
5,True,int,J,0.384,0.628,1.011,0.227,0.12,False,False,,S+channel_content,skNVF,1.0,0.82,10.43,3.66,2.89,0.0,1.0,0.0,0.0,1.0,0.79,12.64,3.2,1.0,5.0,3.0,1.0,0.0,0.0
6,True,int,J,0.423,0.587,1.01,0.227,0.18,False,False,,S+channel_content,sikNV,1.0,0.82,10.43,3.66,2.89,1.0,1.0,0.0,0.0,1.0,0.55,12.34,3.19,0.0,0.0,,0.0,0.0,0.0
7,True,int,J,0.426,0.585,1.011,0.227,0.06,False,False,,S+channel_content,skNVF,1.0,0.82,10.02,3.66,2.86,0.0,1.0,0.0,0.0,1.0,0.69,12.71,3.22,1.0,5.0,3.0,1.0,0.0,0.0
8,True,int,J,0.484,0.517,1.001,0.227,0.04,False,False,,S+channel_content,sikNV,1.0,0.82,10.02,3.66,2.86,1.0,1.0,0.0,0.0,1.0,0.59,12.26,3.19,0.0,0.0,,0.0,0.0,0.0
9,True,int,J,0.524,0.476,1.0,0.227,-0.11,False,False,,S+channel_content,skNVF,1.0,0.86,10.1,3.64,2.81,0.0,1.0,0.0,0.0,1.0,0.67,12.68,3.21,1.0,5.0,3.0,1.0,0.0,0.0
10,True,int,J,0.558,0.44,0.999,0.227,0.01,False,False,,S+channel_content,sikNV,1.0,0.86,10.1,3.64,2.81,1.0,1.0,0.0,0.0,1.0,0.59,12.35,3.21,0.0,0.0,,0.0,0.0,0.0
11,True,int,M,0.615,0.386,1.001,0.227,-0.32,False,False,,channel_content,skNVF,1.0,0.86,9.78,3.57,2.75,0.0,1.0,0.0,0.0,1.0,0.69,12.8,3.22,1.0,5.0,3.0,1.0,0.0,0.0
12,True,int,C,0.756,0.243,0.999,0.227,0.04,False,False,channel_content,,sikNV,1.0,0.86,9.78,3.57,2.75,1.0,1.0,0.0,0.0,1.0,0.6,12.48,3.22,0.0,0.0,,0.0,0.0,0.0
13,True,int,C,0.736,0.266,1.001,0.227,0.1,False,False,channel_content,,skNVF,1.0,0.88,10.01,3.53,2.75,0.0,1.0,0.0,0.0,1.0,0.66,12.68,3.21,1.0,5.0,3.0,1.0,0.0,0.0
14,True,int,J,0.631,0.372,1.003,0.227,-0.03,False,False,,inbox+channel_content,sikNV,1.0,0.88,10.01,3.53,2.75,1.0,1.0,0.0,0.0,1.0,0.57,12.24,3.2,0.0,0.0,,0.0,0.0,0.0
15,True,int,J,0.362,0.638,1.0,0.227,0.07,False,False,,S+inbox+channel_content,skNVF,1.0,0.84,9.81,3.61,2.78,0.0,1.0,0.0,0.0,1.0,0.54,12.69,3.22,1.0,5.0,3.0,1.0,0.0,0.0
