cell,wave,family,digest,topology,census,normal,lo99,readable,reader_full,reader,phys,pre_site,pre_chan,pre_label,motifs,rclass
00c5d3b6,A,HOLD,61dfd27f2f3b9346,torus,SITE,0.826,0.788,True,SSSSSSSSSSSSSSSSS,S,sk s s s s s s s s s s s sk sk sk sk sk,0.812,0.826,E,R1+P4,SITE-ONLY
0187372b,A,HOLD,924ca5b274e5914c,torus,ELSEWHERE,0.764,0.642,True,SSSSS,S,s s s s s,0.776,0.774,E,R1+P4,SITE-ONLY
0a23398f,B,MAJ,7fc180fcfed64cc7,ring,CHANNEL,0.698,0.648,True,CCC,C,sVP sV V,0.691,0.694,E,R2+P3,CHANNEL-USING
13127335,A,HOLD,fe2bc825363fa303,global,SITE,0.92,0.886,True,SSSSS,S,s s s s s,0.908,0.92,E,R1+P4,SITE-ONLY
1c0a1bc7,A,HOLD,2aa1038c0c268e2b,torus,SITE,0.884,0.857,True,SSSSS,S,seNF seN seN sieN sweNF,0.881,0.886,E,R1+P2,SITE-ONLY
2dccdaa5,B,RELAY,d9ccb6a71d986501,ring,JOINT,0.8,0.767,True,CCCCMSS,CMS,sVP sV sV siV sV si s,0.8,0.8,E,R4+P1+P3,CHANNEL-USING
31cd2a8a,B2,RELAY,d9ccb6a71d986501,ring,CHANNEL,0.903,0.878,True,SJCCCCS,SJCS,sNF sN skNF sikN skNF sikN skNF,0.903,0.903,E,R5+P2,CHANNEL-USING
35c721fd,D,RELAY,d9ccb6a71d986501,ring,SITE,0.827,0.73,True,CCCCSSS,CS,wNF wN wN wN swN siw swNF,0.838,0.827,E,R4+P1+P2,CHANNEL-USING
369f5a5b,B,RELAY,0f29916a0b1eb2a7,smallworld,JOINT,0.677,0.641,True,SJJJJJJJJJJJJJJ,SJ,sk skN skN skN skN skNF skNF skNF skrwNF skrwNF skrwNF skrwNF skrwNF sikrwNF skrwNF,0.643,0.666,E,R7,OTHER
42716814,C,RELAY,76e5988bfcdff233,global,ELSEWHERE,0.63,0.577,False,???????????????,?,rNF srNF srNF srNF srNF srNF skrNF skrNF skrNF skrNF skrNF skrNF skrNF skrNF skrNF,0.611,0.572,?,P2,UNREADABLE
4316f167,D,RELAY,d9ccb6a71d986501,ring,CHANNEL,0.821,0.787,True,MMCCCMS,MCMS,sVP sV sVP siV sV siV sV,0.821,0.821,E,R4+R6+P1+P3,CHANNEL-USING
4781b0a1,C,MAJ,d9ccb6a71d986501,ring,JOINT,0.77,0.723,True,SSSSJJJJJJMCCJJ,SJMCJ,skNVFP skNV skNVF sikNV skNVF sikNV skNVF sikNV skNVF sikNV skNVF sikNV skNVF sikNV skNVF,0.77,0.773,E,R3+R7+P2,CHANNEL-USING
4ab2ba01,C,HOLD,d9ccb6a71d986501,ring,CHANNEL,0.892,0.862,True,CCCCCCCCS,CS,VP V sVP siV sVP siV sVP siV sV,0.892,0.892,E,R4+P3,CHANNEL-USING
613162a3,C,MAJ,d6448c0f7a300a3d,global,SITE,0.724,0.673,True,SSSSSSSSMSSSSSS,SMS,sVP siVP siVP siVP siVP siVP siVP siVP siVP siVP siVP siVP siVP siVP siVP,0.695,0.724,E,P3,CHANNEL-USING
62a7fff9,B,RELAY,d9ccb6a71d986501,ring,SITE,0.871,0.812,True,CCCCSSS,CS,sNF sN skwN sikwN skwN sikw skw,0.871,0.871,E,R4+P1+P2,CHANNEL-USING
63d17a90,B2,RELAY,3d777e849ff7de64,torus,SITE,0.793,0.757,True,CCCJSSSSSSSSSSS,CJS,NF N N rN sirN sirN sr sr s s s s s s s,0.787,0.793,E,R4+P1+P2,CHANNEL-USING
65d840a8,A,HOLD,d9d82da1cf83e9ef,ring,SITE,0.759,0.702,True,SSSSSSSSSSSSSSSSS,S,sNF s s s s s s s s s s s s s s s s,0.729,0.759,E,R1+P2,SITE-ONLY
72dd71d8,D,RELAY,d9ccb6a71d986501,ring,SITE,0.875,0.841,True,CCCCSSS,CS,VP V sV siV swV siw swN,0.876,0.874,E,R4+P1+P3,CHANNEL-USING
78f3b0ec,B2,RELAY,d9ccb6a71d986501,ring,JOINT,0.668,0.653,True,SSSSSSSSMMMCCMM,SMCM,s s sNF sN skNF sikN skNF sikN skNF sikN skNF sikN skNF sikN skNF,0.668,0.668,E,R3+R6+P2,CHANNEL-USING
7b7b025e,B2,HOLD,7266348ce5c2f406,global,SITE,1.0,1.0,True,SSSSSSSSS,S,sNF sN sNF sN sNVFP siNV sNVFP siNV sNVFP,1.0,1.0,E,R1+P2,SITE-ONLY
85ca202e,B,HOLD,ca557ff01f008a81,global,SITE,1.0,1.0,True,SSSSSSSSS,S,sVP sV s s sk sk sk sk sk,1.0,1.0,E,R1+P3,SITE-ONLY
8c37f32e,D,RELAY,d9ccb6a71d986501,ring,JOINT,0.842,0.805,True,CCCCJSS,CJS,swNVP swNV skwNV sikwNV skwNF sikwN skwNF,0.838,0.844,E,R4+P2,CHANNEL-USING
a02aa099,B2,RELAY,d9ccb6a71d986501,ring,CHANNEL,0.636,0.612,True,CCC,C,swNF swN swN,0.629,0.636,E,R2+P2,CHANNEL-USING
ab089e45,B,HOLD,ac2bee370e7adb7c,global,SITE,1.0,1.0,True,SSSSSSSSS,S,sNF sN s s s s s s s,1.0,1.0,E,R1+P2,SITE-ONLY
bbef66a1,B,RELAY,d9ccb6a71d986501,ring,SITE,0.903,0.879,True,SSSSSSSSSJCCCCS,SJCS,sNF sN sNF siN sNF siN sNF siN sNF siN sNF siN sNF siN sNF,0.903,0.903,E,R5+P2,CHANNEL-USING
bf82cb29,B,RELAY,d9ccb6a71d986501,ring,CHANNEL,0.67,0.654,True,CCMCCMS,CMCMS,sNF sN sNF siN sNF siN sN,0.67,0.67,E,R4+P2,CHANNEL-USING
c16d5231,B2,RELAY,d9ccb6a71d986501,ring,JOINT,0.85,0.812,True,CCCCMSS,CMS,sVP sV sNVF siNV skNVF sikN skNF,0.858,0.85,E,R4+P2+P3,CHANNEL-USING
cd5b6fd6,B2,RELAY,d9ccb6a71d986501,ring,SITE,0.723,0.707,True,CCMMCMMSSSSSSSS,CMCMS,sVP sV VP iV sVP siV sVP siV sV siV s s s s s,0.729,0.723,E,R4+R6+P1+P3,CHANNEL-USING
dcd404a9,B2,RELAY,d9ccb6a71d986501,ring,CHANNEL,0.66,0.635,True,CCC,C,swNVP swNV wNV,0.656,0.667,E,R2,CHANNEL-USING
e06701a5,D,RELAY,d9ccb6a71d986501,ring,JOINT,0.683,0.65,True,CCCCJSS,CJS,swNF swN swN siwN swN siw sw,0.689,0.683,E,R4+P1+P2,CHANNEL-USING
e2afff1c,B,RELAY,d9ccb6a71d986501,ring,SITE,0.801,0.764,True,CCCCJSSSSSSSSSS,CJS,sVP sV skwV sikwV skwNV sikwN skwN sikwN skwNVP sikwNV skwNVP sikwNV skwNVP sikwNV skwNVP,0.812,0.784,E,R4+P1+P3,CHANNEL-USING
e9196cae,D,RELAY,d9ccb6a71d986501,ring,SITE,0.793,0.759,True,CCCCSSS,CS,NF N sNF siN sNF siN sNF,0.793,0.793,E,R4+P1+P2,CHANNEL-USING
ed16c553,B2,RELAY,d9ccb6a71d986501,ring,CHANNEL,0.764,0.736,True,SMCCCCS,SMCS,swN swN swNVP swNV swNVF siwNV swNF,0.772,0.764,E,R5+P2,CHANNEL-USING
